-- phpMyAdmin SQL Dump
-- version 4.5.5.1
-- http://www.phpmyadmin.net
--
-- Host: 127.0.0.1
-- Generation Time: Dec 14, 2016 at 07:54 AM
-- Server version: 5.7.11
-- PHP Version: 5.6.19

SET SQL_MODE = "NO_AUTO_VALUE_ON_ZERO";
SET time_zone = "+00:00";


/*!40101 SET @OLD_CHARACTER_SET_CLIENT=@@CHARACTER_SET_CLIENT */;
/*!40101 SET @OLD_CHARACTER_SET_RESULTS=@@CHARACTER_SET_RESULTS */;
/*!40101 SET @OLD_COLLATION_CONNECTION=@@COLLATION_CONNECTION */;
/*!40101 SET NAMES utf8mb4 */;

--
-- Database: `stock`
--

-- --------------------------------------------------------

--
-- Table structure for table `balance_sheet`
--

CREATE TABLE `balance_sheet` (
  `id` int(11) NOT NULL,
  `company_id` int(11) NOT NULL,
  `year` smallint(6) NOT NULL,
  `param_id` int(11) NOT NULL,
  `value` varchar(255) NOT NULL,
  `del` tinyint(4) NOT NULL DEFAULT '0',
  `created_date` datetime NOT NULL,
  `updated_date` datetime NOT NULL
) ENGINE=MyISAM DEFAULT CHARSET=latin1;

--
-- Dumping data for table `balance_sheet`
--

INSERT INTO `balance_sheet` (`id`, `company_id`, `year`, `param_id`, `value`, `del`, `created_date`, `updated_date`) VALUES
(80, 1, 2015, 5, '163218530205', 0, '2016-10-19 01:40:31', '2016-12-13 03:58:40'),
(95, 1, 2015, 190, '-2500000000', 0, '2016-10-19 02:10:35', '2016-10-19 02:16:27'),
(94, 1, 2015, 189, '106081102933', 0, '2016-10-19 02:10:35', '2016-10-19 02:16:27'),
(93, 1, 2015, 40, '-44782211088', 0, '2016-10-19 02:10:35', '2016-10-19 02:16:27'),
(92, 1, 2015, 39, '2528706399042', 0, '2016-10-19 02:10:35', '2016-10-19 02:16:27'),
(91, 1, 2015, 35, '67066760000', 0, '2016-10-19 02:10:35', '2016-10-19 02:16:27'),
(84, 1, 2015, 21, '1609223283449', 0, '2016-10-19 02:07:04', '2016-10-19 02:16:27'),
(90, 1, 2015, 27, '944069025', 0, '2016-10-19 02:10:35', '2016-10-19 02:16:27'),
(89, 1, 2015, 26, '134370552777', 0, '2016-10-19 02:10:35', '2016-10-19 02:16:27'),
(88, 1, 2015, 25, '32070169390', 0, '2016-10-19 02:10:35', '2016-10-19 02:16:27'),
(87, 1, 2015, 23, '620122747252', 0, '2016-10-19 02:10:35', '2016-10-19 02:16:27'),
(86, 1, 2015, 7, '3671494351441', 0, '2016-10-19 02:07:04', '2016-10-19 02:16:27'),
(85, 1, 2015, 22, '-546997074', 0, '2016-10-19 02:07:04', '2016-10-19 02:16:27'),
(83, 1, 2015, 17, '894641452058', 0, '2016-10-19 02:07:04', '2016-10-19 02:16:27'),
(79, 1, 2015, 3, '4622220420090', 0, '2016-10-19 01:40:31', '2016-12-13 03:58:40'),
(78, 1, 2015, 1, '9814813244921', 0, '2016-10-19 01:40:31', '2016-12-13 03:58:40'),
(81, 1, 2015, 12, '134442770000', 0, '2016-10-19 02:04:07', '2016-10-19 02:16:27'),
(82, 1, 2015, 16, '1168176613008', 0, '2016-10-19 02:07:04', '2016-10-19 02:16:27'),
(77, 1, 2015, 11, '28775760205', 0, '2016-10-19 01:40:31', '2016-12-13 03:58:40'),
(96, 1, 2015, 45, '653793041233', 0, '2016-10-19 02:10:35', '2016-10-19 02:16:27'),
(97, 1, 2015, 46, '-7636145238', 0, '2016-10-19 02:10:35', '2016-10-19 02:16:27'),
(98, 1, 2015, 49, '1086227521015', 0, '2016-10-19 02:10:35', '2016-10-19 02:16:27'),
(99, 1, 2015, 4, '5192592824831', 0, '2016-10-19 02:10:35', '2016-10-19 02:16:27'),
(100, 1, 2015, 8, '620122747252', 0, '2016-10-19 02:10:35', '2016-10-19 02:16:27'),
(101, 1, 2015, 9, '167384791192', 0, '2016-10-19 02:10:35', '2016-10-19 02:16:27'),
(102, 1, 2015, 30, '67066760000', 0, '2016-10-19 02:10:35', '2016-10-19 02:16:27'),
(103, 1, 2015, 37, '2587505290887', 0, '2016-10-19 02:10:35', '2016-10-19 02:16:27'),
(104, 1, 2015, 38, '2483924187954', 0, '2016-10-19 02:10:35', '2016-10-19 02:16:27'),
(105, 1, 2015, 44, '646156895995', 0, '2016-10-19 02:10:35', '2016-10-19 02:16:27'),
(106, 1, 2015, 47, '1086227521015', 0, '2016-10-19 02:10:35', '2016-10-19 02:16:27'),
(107, 1, 2015, 188, '103581102933', 0, '2016-10-19 02:10:35', '2016-10-19 02:16:27'),
(108, 1, 2015, 52, '208675618910', 0, '2016-10-19 02:11:33', '2016-10-19 02:16:27'),
(109, 1, 2015, 53, '376700000000', 0, '2016-10-19 02:11:33', '2016-10-19 02:16:27'),
(110, 1, 2015, 57, '30428020631', 0, '2016-10-19 02:11:33', '2016-10-19 02:16:27'),
(111, 1, 2015, 58, '765015123', 0, '2016-10-19 02:11:33', '2016-10-19 02:16:27'),
(112, 1, 2015, 60, '189067702270', 0, '2016-10-19 02:11:33', '2016-10-19 02:16:27'),
(113, 1, 2015, 50, '585375618910', 0, '2016-10-19 02:11:33', '2016-10-19 02:16:27'),
(114, 1, 2015, 56, '31193035754', 0, '2016-10-19 02:11:33', '2016-10-19 02:16:27'),
(115, 1, 2015, 63, '259730500711', 0, '2016-10-19 02:16:27', '2016-10-19 02:16:27'),
(116, 1, 2015, 65, '780096277608', 0, '2016-10-19 02:16:27', '2016-10-19 02:16:27'),
(117, 1, 2015, 66, '179150192090', 0, '2016-10-19 02:16:27', '2016-10-19 02:16:27'),
(118, 1, 2015, 67, '352630294690', 0, '2016-10-19 02:16:27', '2016-10-19 02:16:27'),
(119, 1, 2015, 68, '14996297706', 0, '2016-10-19 02:16:27', '2016-10-19 02:16:27'),
(120, 1, 2015, 69, '371156763998', 0, '2016-10-19 02:16:27', '2016-10-19 02:16:27'),
(121, 1, 2015, 72, '996000000', 0, '2016-10-19 02:16:27', '2016-10-19 02:16:27'),
(122, 1, 2015, 73, '420312538651', 0, '2016-10-19 02:16:27', '2016-10-19 02:16:27'),
(123, 1, 2015, 75, '61399180', 0, '2016-10-19 02:16:27', '2016-10-19 02:16:27'),
(124, 1, 2015, 83, '2666000000', 0, '2016-10-19 02:16:27', '2016-10-19 02:16:27'),
(125, 1, 2015, 84, '1142477056887', 0, '2016-10-19 02:16:27', '2016-10-19 02:16:27'),
(126, 1, 2015, 85, '0', 0, '2016-10-19 02:16:27', '2016-10-19 02:16:27'),
(127, 1, 2015, 86, '5510042597', 0, '2016-10-19 02:16:27', '2016-10-19 02:16:27'),
(128, 1, 2015, 89, '53918764702', 0, '2016-10-19 02:16:27', '2016-10-19 02:16:27'),
(129, 1, 2015, 93, '5298715330000', 0, '2016-10-19 02:16:27', '2016-11-25 09:01:16'),
(130, 1, 2015, 95, '23967378437', 0, '2016-10-19 02:16:27', '2016-10-19 02:16:27'),
(131, 1, 2015, 101, '7344810719', 0, '2016-10-19 02:16:27', '2016-10-19 02:16:27'),
(132, 1, 2015, 103, '118623112', 0, '2016-10-19 02:16:27', '2016-10-19 02:16:27'),
(133, 1, 2015, 105, '-3028254203', 0, '2016-10-19 02:16:27', '2016-10-19 02:16:27'),
(134, 1, 2015, 106, '902186066807', 0, '2016-10-19 02:16:27', '2016-10-19 02:16:27'),
(135, 1, 2015, 109, '1807161229', 0, '2016-10-19 02:16:27', '2016-10-19 02:16:27'),
(136, 1, 2015, 2, '9814813244921', 0, '2016-10-19 02:16:27', '2016-11-25 09:01:16'),
(137, 1, 2015, 61, '3583702128820', 0, '2016-10-19 02:16:27', '2016-10-19 02:16:27'),
(138, 1, 2015, 62, '2379130264634', 0, '2016-10-19 02:16:27', '2016-10-19 02:16:27'),
(139, 1, 2015, 78, '1204571864186', 0, '2016-10-19 02:16:27', '2016-10-19 02:16:27'),
(140, 1, 2015, 91, '6231111116101', 0, '2016-10-19 02:16:27', '2016-11-25 09:01:16'),
(141, 1, 2015, 92, '6231111116101', 0, '2016-10-19 02:16:27', '2016-11-25 09:01:16'),
(142, 1, 2015, 104, '899157812604', 0, '2016-10-19 02:16:27', '2016-10-19 02:16:27'),
(143, 1, 2014, 11, '286359148199', 0, '2016-10-19 07:21:20', '2016-12-13 04:07:11'),
(144, 1, 2014, 12, '277500000000', 0, '2016-10-19 07:21:20', '2016-10-19 07:46:10'),
(145, 1, 2014, 13, '1745545987900', 0, '2016-10-19 07:21:20', '2016-10-19 07:46:10'),
(146, 1, 2014, 16, '444823019406', 0, '2016-10-19 07:21:20', '2016-10-19 07:46:10'),
(147, 1, 2014, 17, '634954186866', 0, '2016-10-19 07:21:20', '2016-10-19 07:46:10'),
(148, 1, 2014, 21, '25143035102', 0, '2016-10-19 07:21:20', '2016-10-19 07:46:10'),
(149, 1, 2014, 22, '-444897074', 0, '2016-10-19 07:21:20', '2016-10-19 07:46:10'),
(150, 1, 2014, 23, '43286057749', 0, '2016-10-19 07:21:20', '2016-10-19 07:46:10'),
(151, 1, 2014, 25, '4543760204', 0, '2016-10-19 07:21:20', '2016-10-19 07:46:10'),
(152, 1, 2014, 26, '23333787879', 0, '2016-10-19 07:21:20', '2016-10-19 07:46:10'),
(153, 1, 2014, 27, '0', 0, '2016-10-19 07:21:20', '2016-10-19 07:46:10'),
(154, 1, 2014, 35, '0', 0, '2016-10-19 07:21:20', '2016-10-19 07:46:10'),
(155, 1, 2014, 39, '49584162574', 0, '2016-10-19 07:21:20', '2016-10-19 07:46:10'),
(156, 1, 2014, 40, '-13466823835', 0, '2016-10-19 07:21:20', '2016-10-19 07:46:10'),
(157, 1, 2014, 189, '105868390933', 0, '2016-10-19 07:21:20', '2016-10-19 07:46:10'),
(158, 1, 2014, 190, '-2500000000', 0, '2016-10-19 07:21:20', '2016-10-19 07:46:10'),
(159, 1, 2014, 45, '373757641233', 0, '2016-10-19 07:21:20', '2016-10-19 07:46:10'),
(160, 1, 2014, 46, '0', 0, '2016-10-19 07:21:20', '2016-10-19 07:46:10'),
(161, 1, 2014, 49, '465925446431', 0, '2016-10-19 07:21:20', '2016-10-19 07:46:10'),
(162, 1, 2014, 1, '5403551975381', 0, '2016-10-19 07:21:20', '2016-12-13 04:07:11'),
(163, 1, 2014, 3, '3589787525097', 0, '2016-10-19 07:21:20', '2016-12-13 04:07:11'),
(164, 1, 2014, 4, '1813764450284', 0, '2016-10-19 07:21:20', '2016-10-19 07:46:10'),
(165, 1, 2014, 5, '563859148199', 0, '2016-10-19 07:21:20', '2016-12-13 04:07:11'),
(166, 1, 2014, 6, '1745545987900', 0, '2016-10-19 07:21:20', '2016-10-19 07:46:10'),
(167, 1, 2014, 7, '1104475344300', 0, '2016-10-19 07:21:20', '2016-10-19 07:46:10'),
(168, 1, 2014, 8, '43286057749', 0, '2016-10-19 07:21:20', '2016-10-19 07:46:10'),
(169, 1, 2014, 9, '132620986949', 0, '2016-10-19 07:21:20', '2016-10-19 07:46:10'),
(170, 1, 2014, 30, '0', 0, '2016-10-19 07:21:20', '2016-10-19 07:46:10'),
(171, 1, 2014, 37, '139485729672', 0, '2016-10-19 07:21:20', '2016-10-19 07:46:10'),
(172, 1, 2014, 38, '36117338739', 0, '2016-10-19 07:21:20', '2016-10-19 07:46:10'),
(173, 1, 2014, 44, '373757641233', 0, '2016-10-19 07:21:20', '2016-10-19 07:46:10'),
(174, 1, 2014, 47, '465925446431', 0, '2016-10-19 07:21:20', '2016-10-19 07:46:10'),
(175, 1, 2014, 188, '103368390933', 0, '2016-10-19 07:21:20', '2016-10-19 07:46:10'),
(176, 1, 2014, 29, '104743438866', 0, '2016-10-19 07:23:57', '2016-10-19 07:46:10'),
(177, 1, 2014, 52, '460192426230', 0, '2016-10-19 07:26:22', '2016-10-19 07:46:10'),
(178, 1, 2014, 53, '150985854066', 0, '2016-10-19 07:26:22', '2016-10-19 07:46:10'),
(179, 1, 2014, 57, '12468449109', 0, '2016-10-19 07:26:22', '2016-10-19 07:46:10'),
(180, 1, 2014, 58, '137916295', 0, '2016-10-19 07:26:22', '2016-10-19 07:46:10'),
(181, 1, 2014, 59, '422575200', 0, '2016-10-19 07:26:22', '2016-10-19 07:46:10'),
(182, 1, 2014, 60, '210388412048', 0, '2016-10-19 07:26:22', '2016-10-19 07:46:10'),
(183, 1, 2014, 50, '611178280296', 0, '2016-10-19 07:26:22', '2016-10-19 07:46:10'),
(184, 1, 2014, 56, '13028940604', 0, '2016-10-19 07:26:22', '2016-10-19 07:46:10'),
(185, 1, 2014, 63, '6816750000', 0, '2016-10-19 07:37:52', '2016-10-19 07:46:10'),
(186, 1, 2014, 65, '215249390832', 0, '2016-10-19 07:37:52', '2016-10-19 07:46:10'),
(187, 1, 2014, 66, '585022170', 0, '2016-10-19 07:37:52', '2016-10-19 07:46:10'),
(188, 1, 2014, 67, '138106629670', 0, '2016-10-19 07:37:52', '2016-10-19 07:46:10'),
(189, 1, 2014, 68, '3033949179', 0, '2016-10-19 07:37:52', '2016-10-19 07:46:10'),
(190, 1, 2014, 69, '32834860621', 0, '2016-10-19 07:37:52', '2016-10-19 07:46:10'),
(191, 1, 2014, 70, '15397800', 0, '2016-10-19 07:37:52', '2016-10-19 07:46:10'),
(192, 1, 2014, 73, '192173090585', 0, '2016-10-19 07:37:52', '2016-10-19 07:46:10'),
(193, 1, 2014, 75, '548486380', 0, '2016-10-19 07:37:52', '2016-10-19 07:46:10'),
(194, 1, 2014, 2, '5403551975381', 0, '2016-10-19 07:37:52', '2016-10-19 07:46:10'),
(195, 1, 2014, 61, '1487847367158', 0, '2016-10-19 07:37:52', '2016-10-19 07:46:10'),
(196, 1, 2014, 62, '589363577237', 0, '2016-10-19 07:37:52', '2016-10-19 07:46:10'),
(197, 1, 2014, 83, '2726000000', 0, '2016-10-19 07:40:11', '2016-10-19 07:46:10'),
(198, 1, 2014, 84, '847399100000', 0, '2016-10-19 07:40:11', '2016-10-19 07:46:10'),
(199, 1, 2014, 89, '48358689921', 0, '2016-10-19 07:40:11', '2016-10-19 07:46:10'),
(200, 1, 2014, 78, '898483789921', 0, '2016-10-19 07:40:11', '2016-10-19 07:46:10'),
(201, 1, 2014, 93, '3148938820000', 0, '2016-10-19 07:41:34', '2016-10-19 07:46:10'),
(202, 1, 2014, 95, '413711378437', 0, '2016-10-19 07:41:34', '2016-10-19 07:46:10'),
(203, 1, 2014, 101, '6415289973', 0, '2016-10-19 07:41:34', '2016-10-19 07:46:10'),
(204, 1, 2014, 102, '1510920746', 0, '2016-10-19 07:41:34', '2016-10-19 07:46:10'),
(205, 1, 2014, 103, '709106912', 0, '2016-10-19 07:41:34', '2016-10-19 07:46:10'),
(206, 1, 2014, 91, '3915704608223', 0, '2016-10-19 07:41:34', '2016-10-19 07:46:10'),
(207, 1, 2014, 92, '3915704608223', 0, '2016-10-19 07:41:34', '2016-10-19 07:46:10'),
(208, 1, 2014, 106, '343299749950', 0, '2016-10-19 07:44:18', '2016-10-19 07:46:10'),
(209, 1, 2014, 104, '343299749950', 0, '2016-10-19 07:44:18', '2016-10-19 07:46:10'),
(210, 1, 2014, 109, '1119342205', 0, '2016-10-19 07:46:10', '2016-10-19 07:46:10'),
(211, 1, 2013, 11, '12442080454', 0, '2016-10-19 08:13:47', '2016-12-13 04:07:39'),
(212, 1, 2013, 12, '500000000', 0, '2016-10-19 08:13:47', '2016-10-19 08:18:06'),
(213, 1, 2013, 13, '349962677900', 0, '2016-10-19 08:13:47', '2016-10-19 08:18:06'),
(214, 1, 2013, 15, '0', 0, '2016-10-19 08:13:47', '2016-10-19 08:18:06'),
(215, 1, 2013, 16, '428964496957', 0, '2016-10-19 08:13:47', '2016-10-19 08:18:06'),
(216, 1, 2013, 17, '57537900404', 0, '2016-10-19 08:13:47', '2016-10-19 08:18:06'),
(217, 1, 2013, 21, '27525805863', 0, '2016-10-19 08:13:47', '2016-10-19 08:18:06'),
(218, 1, 2013, 22, '-146203712', 0, '2016-10-19 08:13:47', '2016-10-19 08:18:06'),
(219, 1, 2013, 23, '92083462034', 0, '2016-10-19 08:13:47', '2016-10-19 08:18:06'),
(220, 1, 2013, 25, '7030439837', 0, '2016-10-19 08:13:47', '2016-10-19 08:18:06'),
(221, 1, 2013, 26, '2368780798', 0, '2016-10-19 08:13:47', '2016-10-19 08:18:06'),
(222, 1, 2013, 27, '1067363', 0, '2016-10-19 08:13:47', '2016-10-19 08:18:06'),
(223, 1, 2013, 29, '9350564813', 0, '2016-10-19 08:13:47', '2016-10-19 08:18:06'),
(224, 1, 2013, 1, '2100861485631', 0, '2016-10-19 08:13:47', '2016-12-13 04:07:39'),
(225, 1, 2013, 3, '987621072711', 0, '2016-10-19 08:13:47', '2016-12-13 04:07:39'),
(226, 1, 2013, 5, '12942080454', 0, '2016-10-19 08:13:47', '2016-12-13 04:07:39'),
(227, 1, 2013, 6, '349962677900', 0, '2016-10-19 08:13:47', '2016-10-19 08:18:06'),
(228, 1, 2013, 7, '513881999512', 0, '2016-10-19 08:13:47', '2016-10-19 08:18:06'),
(229, 1, 2013, 8, '92083462034', 0, '2016-10-19 08:13:47', '2016-10-19 08:18:06'),
(230, 1, 2013, 9, '18750852811', 0, '2016-10-19 08:13:47', '2016-10-19 08:18:06'),
(231, 1, 2013, 39, '142118229222', 0, '2016-10-19 08:15:48', '2016-10-19 08:18:06'),
(232, 1, 2013, 40, '-14662400693', 0, '2016-10-19 08:15:48', '2016-10-19 08:18:06'),
(233, 1, 2013, 189, '91550455390', 0, '2016-10-19 08:15:48', '2016-10-19 08:18:06'),
(234, 1, 2013, 45, '373757641233', 0, '2016-10-19 08:15:48', '2016-10-19 08:18:06'),
(235, 1, 2013, 49, '50065579980', 0, '2016-10-19 08:15:48', '2016-10-19 08:18:06'),
(236, 1, 2013, 52, '442054476184', 0, '2016-10-19 08:15:48', '2016-10-19 08:18:06'),
(237, 1, 2013, 53, '5500000000', 0, '2016-10-19 08:15:48', '2016-10-19 08:18:06'),
(238, 1, 2013, 57, '7176787603', 0, '2016-10-19 08:15:48', '2016-10-19 08:18:06'),
(239, 1, 2013, 58, '10944950362', 0, '2016-10-19 08:15:48', '2016-10-19 08:18:06'),
(240, 1, 2013, 59, '407940000', 0, '2016-10-19 08:15:48', '2016-10-19 08:18:06'),
(241, 1, 2013, 60, '4326753639', 0, '2016-10-19 08:15:48', '2016-10-19 08:18:06'),
(242, 1, 2013, 4, '1113240412920', 0, '2016-10-19 08:15:48', '2016-10-19 08:18:06'),
(243, 1, 2013, 37, '219006283919', 0, '2016-10-19 08:15:48', '2016-10-19 08:18:06'),
(244, 1, 2013, 38, '127455828529', 0, '2016-10-19 08:15:48', '2016-10-19 08:18:06'),
(245, 1, 2013, 44, '373757641233', 0, '2016-10-19 08:15:48', '2016-10-19 08:18:06'),
(246, 1, 2013, 47, '50065579980', 0, '2016-10-19 08:15:48', '2016-10-19 08:18:06'),
(247, 1, 2013, 50, '447554476184', 0, '2016-10-19 08:15:48', '2016-10-19 08:18:06'),
(248, 1, 2013, 56, '18529677965', 0, '2016-10-19 08:15:48', '2016-10-19 08:18:06'),
(249, 1, 2013, 188, '91550455390', 0, '2016-10-19 08:15:48', '2016-10-19 08:18:06'),
(250, 1, 2013, 63, '115392186085', 0, '2016-10-19 08:18:06', '2016-10-19 08:18:06'),
(251, 1, 2013, 65, '381435356623', 0, '2016-10-19 08:18:06', '2016-10-19 08:18:06'),
(252, 1, 2013, 66, '5727781772', 0, '2016-10-19 08:18:06', '2016-10-19 08:18:06'),
(253, 1, 2013, 67, '80318000885', 0, '2016-10-19 08:18:06', '2016-10-19 08:18:06'),
(254, 1, 2013, 68, '2173325173', 0, '2016-10-19 08:18:06', '2016-10-19 08:18:06'),
(255, 1, 2013, 69, '57312569538', 0, '2016-10-19 08:18:06', '2016-10-19 08:18:06'),
(256, 1, 2013, 73, '65681939980', 0, '2016-10-19 08:18:06', '2016-10-19 08:18:06'),
(257, 1, 2013, 75, '1090466480', 0, '2016-10-19 08:18:06', '2016-10-19 08:18:06'),
(258, 1, 2013, 83, '960000000', 0, '2016-10-19 08:18:06', '2016-10-19 08:18:06'),
(259, 1, 2013, 84, '58319933322', 0, '2016-10-19 08:18:06', '2016-10-19 08:18:06'),
(260, 1, 2013, 89, '68169622418', 0, '2016-10-19 08:18:06', '2016-10-19 08:18:06'),
(261, 1, 2013, 93, '771800000000', 0, '2016-10-19 08:18:06', '2016-10-19 08:18:06'),
(262, 1, 2013, 95, '413961378437', 0, '2016-10-19 08:18:06', '2016-10-19 08:18:06'),
(263, 1, 2013, 101, '6415289973', 0, '2016-10-19 08:18:06', '2016-10-19 08:18:06'),
(264, 1, 2013, 102, '1510920746', 0, '2016-10-19 08:18:06', '2016-10-19 08:18:06'),
(265, 1, 2013, 103, '709106912', 0, '2016-10-19 08:18:06', '2016-10-19 08:18:06'),
(266, 1, 2013, 106, '63779569670', 0, '2016-10-19 08:18:06', '2016-10-19 08:18:06'),
(267, 1, 2013, 109, '6104037617', 0, '2016-10-19 08:18:06', '2016-10-19 08:18:06'),
(268, 1, 2013, 2, '2100861485631', 0, '2016-10-19 08:18:06', '2016-10-19 08:18:06'),
(269, 1, 2013, 61, '836581182276', 0, '2016-10-19 08:18:06', '2016-10-19 08:18:06'),
(270, 1, 2013, 62, '709131626536', 0, '2016-10-19 08:18:06', '2016-10-19 08:18:06'),
(271, 1, 2013, 78, '127449555740', 0, '2016-10-19 08:18:06', '2016-10-19 08:18:06'),
(272, 1, 2013, 91, '1264280303355', 0, '2016-10-19 08:18:06', '2016-10-19 08:18:06'),
(273, 1, 2013, 92, '1264280303355', 0, '2016-10-19 08:18:06', '2016-10-19 08:18:06'),
(274, 1, 2013, 104, '63779569670', 0, '2016-10-19 08:18:06', '2016-10-19 08:18:06'),
(275, 1, 2012, 11, '6591266338', 0, '2016-10-19 08:30:02', '2016-12-13 04:07:56'),
(276, 1, 2012, 13, '709992490000', 0, '2016-10-19 08:30:02', '2016-10-19 08:31:29'),
(277, 1, 2012, 14, '-1100000000', 0, '2016-10-19 08:30:02', '2016-10-19 08:31:29'),
(278, 1, 2012, 16, '455616927368', 0, '2016-10-19 08:30:02', '2016-10-19 08:31:29'),
(279, 1, 2012, 17, '86809156324', 0, '2016-10-19 08:30:02', '2016-10-19 08:31:29'),
(280, 1, 2012, 21, '263389118', 0, '2016-10-19 08:30:02', '2016-10-19 08:31:29'),
(281, 1, 2012, 23, '2210936480', 0, '2016-10-19 08:30:02', '2016-10-19 08:31:29'),
(282, 1, 2012, 25, '736370718', 0, '2016-10-19 08:30:02', '2016-10-19 08:31:29'),
(283, 1, 2012, 26, '1566661353', 0, '2016-10-19 08:30:02', '2016-10-19 08:31:29'),
(284, 1, 2012, 29, '14439996482', 0, '2016-10-19 08:30:02', '2016-10-19 08:31:29'),
(285, 1, 2012, 39, '22776149234', 0, '2016-10-19 08:30:02', '2016-10-19 08:31:29'),
(286, 1, 2012, 40, '-5574039119', 0, '2016-10-19 08:30:02', '2016-10-19 08:31:29'),
(287, 1, 2012, 189, '75742178933', 0, '2016-10-19 08:30:02', '2016-10-19 08:31:29'),
(288, 1, 2012, 45, '373757641233', 0, '2016-10-19 08:30:02', '2016-10-19 08:31:29'),
(289, 1, 2012, 49, '213124623580', 0, '2016-10-19 08:30:02', '2016-10-19 08:31:29'),
(290, 1, 2012, 52, '147725898358', 0, '2016-10-19 08:30:02', '2016-10-19 08:31:29'),
(291, 1, 2012, 57, '4065939284', 0, '2016-10-19 08:30:02', '2016-10-19 08:31:29'),
(292, 1, 2012, 58, '9657528145', 0, '2016-10-19 08:30:02', '2016-10-19 08:31:29'),
(293, 1, 2012, 59, '407940000', 0, '2016-10-19 08:30:02', '2016-10-19 08:31:29'),
(294, 1, 2012, 60, '4841521564', 0, '2016-10-19 08:30:02', '2016-10-19 08:31:29'),
(295, 1, 2012, 1, '2123652575393', 0, '2016-10-19 08:30:02', '2016-12-13 04:07:56'),
(296, 1, 2012, 3, '1277127194181', 0, '2016-10-19 08:30:02', '2016-12-13 04:07:56'),
(297, 1, 2012, 4, '846525381212', 0, '2016-10-19 08:30:02', '2016-10-19 08:31:29'),
(298, 1, 2012, 5, '6591266338', 0, '2016-10-19 08:30:02', '2016-12-13 04:07:56'),
(299, 1, 2012, 6, '708892490000', 0, '2016-10-19 08:30:02', '2016-10-19 08:31:29'),
(300, 1, 2012, 7, '542689472810', 0, '2016-10-19 08:30:02', '2016-10-19 08:31:29'),
(301, 1, 2012, 8, '2210936480', 0, '2016-10-19 08:30:02', '2016-10-19 08:31:29'),
(302, 1, 2012, 9, '16743028553', 0, '2016-10-19 08:30:02', '2016-10-19 08:31:29'),
(303, 1, 2012, 37, '92944289048', 0, '2016-10-19 08:30:02', '2016-10-19 08:31:29'),
(304, 1, 2012, 38, '17202110115', 0, '2016-10-19 08:30:02', '2016-10-19 08:31:29'),
(305, 1, 2012, 44, '373757641233', 0, '2016-10-19 08:30:02', '2016-10-19 08:31:29'),
(306, 1, 2012, 47, '213124623580', 0, '2016-10-19 08:30:02', '2016-10-19 08:31:29'),
(307, 1, 2012, 50, '147725898358', 0, '2016-10-19 08:30:02', '2016-10-19 08:31:29'),
(308, 1, 2012, 56, '14131407429', 0, '2016-10-19 08:30:02', '2016-10-19 08:31:29'),
(309, 1, 2012, 188, '75742178933', 0, '2016-10-19 08:30:02', '2016-10-19 08:31:29'),
(310, 1, 2012, 63, '191940297825', 0, '2016-10-19 08:31:29', '2016-10-19 08:31:29'),
(311, 1, 2012, 65, '456725114278', 0, '2016-10-19 08:31:29', '2016-10-19 08:31:29'),
(312, 1, 2012, 66, '437405085', 0, '2016-10-19 08:31:29', '2016-10-19 08:31:29'),
(313, 1, 2012, 67, '49263933636', 0, '2016-10-19 08:31:29', '2016-10-19 08:31:29'),
(314, 1, 2012, 68, '1504561068', 0, '2016-10-19 08:31:29', '2016-10-19 08:31:29'),
(315, 1, 2012, 69, '583780000', 0, '2016-10-19 08:31:29', '2016-10-19 08:31:29'),
(316, 1, 2012, 73, '27720000371', 0, '2016-10-19 08:31:29', '2016-10-19 08:31:29'),
(317, 1, 2012, 75, '639234125', 0, '2016-10-19 08:31:29', '2016-10-19 08:31:29'),
(318, 1, 2012, 83, '530000000', 0, '2016-10-19 08:31:29', '2016-10-19 08:31:29'),
(319, 1, 2012, 84, '103568787330', 0, '2016-10-19 08:31:29', '2016-10-19 08:31:29'),
(320, 1, 2012, 89, '85564504346', 0, '2016-10-19 08:31:29', '2016-10-19 08:31:29'),
(321, 1, 2012, 93, '771800000000', 0, '2016-10-19 08:31:29', '2016-10-19 08:31:29'),
(322, 1, 2012, 95, '413745800523', 0, '2016-10-19 08:31:29', '2016-10-19 08:31:29'),
(323, 1, 2012, 101, '4028264228', 0, '2016-10-19 08:31:29', '2016-10-19 08:31:29'),
(324, 1, 2012, 102, '658411551', 0, '2016-10-19 08:31:29', '2016-10-19 08:31:29'),
(325, 1, 2012, 103, '368103234', 0, '2016-10-19 08:31:29', '2016-10-19 08:31:29'),
(326, 1, 2012, 106, '8525091946', 0, '2016-10-19 08:31:29', '2016-10-19 08:31:29'),
(327, 1, 2012, 109, '6049285847', 0, '2016-10-19 08:31:29', '2016-10-19 08:31:29'),
(328, 1, 2012, 2, '2123652575393', 0, '2016-10-19 08:31:29', '2016-10-19 08:31:29'),
(329, 1, 2012, 61, '918477618064', 0, '2016-10-19 08:31:29', '2016-10-19 08:31:29'),
(330, 1, 2012, 62, '728814326388', 0, '2016-10-19 08:31:29', '2016-10-19 08:31:29'),
(331, 1, 2012, 78, '189663291676', 0, '2016-10-19 08:31:29', '2016-10-19 08:31:29'),
(332, 1, 2012, 91, '1205174957329', 0, '2016-10-19 08:31:29', '2016-10-19 08:31:29'),
(333, 1, 2012, 92, '1205174957329', 0, '2016-10-19 08:31:29', '2016-10-19 08:31:29'),
(334, 1, 2012, 104, '8525091946', 0, '2016-10-19 08:31:29', '2016-10-19 08:31:29'),
(335, 1, 2011, 11, '634156486', 0, '2016-10-20 07:57:56', '2016-12-13 04:08:15'),
(336, 1, 2011, 13, '139940002000', 0, '2016-10-20 07:57:56', '2016-10-20 07:57:56'),
(337, 1, 2011, 16, '63876304736', 0, '2016-10-20 07:57:56', '2016-10-20 07:57:56'),
(338, 1, 2011, 17, '4768942490', 0, '2016-10-20 07:57:56', '2016-10-20 07:57:56'),
(339, 1, 2011, 21, '4750490393', 0, '2016-10-20 07:57:56', '2016-10-20 07:57:56'),
(340, 1, 2011, 23, '2047117570', 0, '2016-10-20 07:57:56', '2016-10-20 07:57:56'),
(341, 1, 2011, 25, '534705795', 0, '2016-10-20 07:57:56', '2016-10-20 07:57:56'),
(342, 1, 2011, 26, '2089864495', 0, '2016-10-20 07:57:56', '2016-10-20 07:57:56'),
(343, 1, 2011, 29, '8882568265', 0, '2016-10-20 07:57:56', '2016-10-20 07:57:56'),
(344, 1, 2011, 39, '29599676959', 0, '2016-10-20 07:57:56', '2016-10-20 07:57:56'),
(345, 1, 2011, 40, '-4034551651', 0, '2016-10-20 07:57:56', '2016-10-20 07:57:56'),
(346, 1, 2011, 49, '2459411567', 0, '2016-10-20 07:57:56', '2016-10-20 07:57:56'),
(347, 1, 2011, 52, '159272831926', 0, '2016-10-20 07:57:56', '2016-10-20 07:57:56'),
(348, 1, 2011, 57, '3410351172', 0, '2016-10-20 07:57:56', '2016-10-20 07:57:56'),
(349, 1, 2011, 59, '203497512', 0, '2016-10-20 07:57:56', '2016-10-20 07:57:56'),
(350, 1, 2011, 60, '32793962531', 0, '2016-10-20 07:57:56', '2016-10-20 07:57:56'),
(351, 1, 2011, 63, '135142000000', 0, '2016-10-20 07:57:56', '2016-10-20 07:57:56'),
(352, 1, 2011, 65, '64896414145', 0, '2016-10-20 07:57:56', '2016-10-20 07:57:56'),
(353, 1, 2011, 66, '538544304', 0, '2016-10-20 07:57:56', '2016-10-20 07:57:56'),
(354, 1, 2011, 67, '5587691715', 0, '2016-10-20 07:57:56', '2016-10-20 07:57:56'),
(355, 1, 2011, 68, '1016080604', 0, '2016-10-20 07:57:56', '2016-10-20 07:57:56'),
(356, 1, 2011, 69, '145442908', 0, '2016-10-20 07:57:56', '2016-10-20 07:57:56'),
(357, 1, 2011, 73, '16309150180', 0, '2016-10-20 07:57:56', '2016-10-20 07:57:56'),
(358, 1, 2011, 75, '467441850', 0, '2016-10-20 07:57:56', '2016-10-20 07:57:56'),
(359, 1, 2011, 84, '1508000000', 0, '2016-10-20 07:57:56', '2016-10-20 07:57:56'),
(360, 1, 2011, 87, '329205775', 0, '2016-10-20 07:57:56', '2016-10-20 07:57:56'),
(361, 1, 2011, 93, '170000000000', 0, '2016-10-20 07:57:56', '2016-10-20 07:57:56'),
(362, 1, 2011, 95, '42000000000', 0, '2016-10-20 07:57:56', '2016-10-20 07:57:56'),
(363, 1, 2011, 97, '1243883693', 0, '2016-10-20 07:57:56', '2016-10-20 07:57:56'),
(364, 1, 2011, 101, '4339235151', 0, '2016-10-20 07:57:56', '2016-10-20 07:57:56'),
(365, 1, 2011, 102, '1280353399', 0, '2016-10-20 07:57:56', '2016-10-20 07:57:56'),
(366, 1, 2011, 103, '368103234', 0, '2016-10-20 07:57:56', '2016-10-20 07:57:56'),
(367, 1, 2011, 106, '2143780626', 0, '2016-10-20 07:57:56', '2016-10-20 07:57:56'),
(368, 1, 2011, 1, '451229332246', 0, '2016-10-20 07:57:56', '2016-12-13 04:08:15'),
(369, 1, 2011, 2, '451229332246', 0, '2016-10-20 07:57:56', '2016-10-20 07:59:16'),
(370, 1, 2011, 3, '227524152230', 0, '2016-10-20 07:57:56', '2016-12-13 04:08:15'),
(371, 1, 2011, 4, '223705180016', 0, '2016-10-20 07:57:56', '2016-10-20 07:57:56'),
(372, 1, 2011, 5, '634156486', 0, '2016-10-20 07:57:56', '2016-12-13 04:08:15'),
(373, 1, 2011, 6, '139940002000', 0, '2016-10-20 07:57:56', '2016-10-20 07:57:56'),
(374, 1, 2011, 7, '73395737619', 0, '2016-10-20 07:57:56', '2016-10-20 07:57:56'),
(375, 1, 2011, 8, '2047117570', 0, '2016-10-20 07:57:56', '2016-10-20 07:57:56'),
(376, 1, 2011, 9, '11507138555', 0, '2016-10-20 07:57:56', '2016-10-20 07:57:56'),
(377, 1, 2011, 37, '25565125308', 0, '2016-10-20 07:57:56', '2016-10-20 07:57:56'),
(378, 1, 2011, 38, '25565125308', 0, '2016-10-20 07:57:56', '2016-10-20 07:57:56'),
(379, 1, 2011, 47, '2459411567', 0, '2016-10-20 07:57:56', '2016-10-20 07:57:56'),
(380, 1, 2011, 50, '159272831926', 0, '2016-10-20 07:57:56', '2016-10-20 07:57:56'),
(381, 1, 2011, 56, '3613848684', 0, '2016-10-20 07:57:56', '2016-10-20 07:57:56'),
(382, 1, 2011, 61, '225939971481', 0, '2016-10-20 07:57:56', '2016-10-20 07:57:56'),
(383, 1, 2011, 62, '224102765706', 0, '2016-10-20 07:57:56', '2016-10-20 07:57:56'),
(384, 1, 2011, 78, '1837205775', 0, '2016-10-20 07:57:56', '2016-10-20 07:57:56'),
(385, 1, 2011, 91, '225289360765', 0, '2016-10-20 07:57:56', '2016-10-20 07:59:16'),
(386, 1, 2011, 92, '225289360765', 0, '2016-10-20 07:57:56', '2016-10-20 07:59:16'),
(387, 1, 2011, 104, '2143780626', 0, '2016-10-20 07:57:56', '2016-10-20 07:57:56'),
(388, 1, 2011, 109, '3914004662', 0, '2016-10-20 07:59:16', '2016-10-20 07:59:16'),
(389, 1, 2010, 11, '4355914330', 0, '2016-10-20 08:19:00', '2016-12-13 04:08:33'),
(390, 1, 2010, 13, '148020480000', 0, '2016-10-20 08:19:00', '2016-10-20 08:19:00'),
(391, 1, 2010, 14, '-2480000', 0, '2016-10-20 08:19:00', '2016-10-20 08:19:00'),
(392, 1, 2010, 15, '0', 0, '2016-10-20 08:19:00', '2016-10-20 08:19:00'),
(393, 1, 2010, 16, '10559713982', 0, '2016-10-20 08:19:00', '2016-10-20 08:19:00'),
(394, 1, 2010, 17, '154455000', 0, '2016-10-20 08:19:00', '2016-10-20 08:19:00'),
(395, 1, 2010, 20, '6382133333', 0, '2016-10-20 08:19:00', '2016-10-20 08:19:00'),
(396, 1, 2010, 23, '352468928', 0, '2016-10-20 08:19:00', '2016-10-20 08:19:00'),
(397, 1, 2010, 25, '663059437', 0, '2016-10-20 08:19:00', '2016-10-20 08:19:00'),
(398, 1, 2010, 26, '1331724553', 0, '2016-10-20 08:19:00', '2016-10-20 08:19:00'),
(399, 1, 2010, 29, '4960522837', 0, '2016-10-20 08:19:00', '2016-10-20 08:19:00'),
(400, 1, 2010, 35, '3580649191', 0, '2016-10-20 08:19:00', '2016-10-20 08:19:00'),
(401, 1, 2010, 39, '14340588058', 0, '2016-10-20 08:19:00', '2016-10-20 08:28:18'),
(402, 1, 2010, 40, '-1522398793', 0, '2016-10-20 08:19:00', '2016-10-20 08:28:18'),
(403, 1, 2010, 49, '5946527443', 0, '2016-10-20 08:19:00', '2016-10-20 08:19:00'),
(404, 1, 2010, 57, '1522532828', 0, '2016-10-20 08:19:00', '2016-10-20 08:19:00'),
(405, 1, 2010, 59, '203497512', 0, '2016-10-20 08:19:00', '2016-10-20 08:19:00'),
(406, 1, 2010, 60, '34985176047', 0, '2016-10-20 08:19:00', '2016-10-20 08:19:00'),
(407, 1, 2010, 1, '235834564686', 0, '2016-10-20 08:19:00', '2016-12-13 04:08:33'),
(408, 1, 2010, 3, '176777992400', 0, '2016-10-20 08:19:00', '2016-12-13 04:08:33'),
(409, 1, 2010, 4, '59056572286', 0, '2016-10-20 08:19:00', '2016-10-20 08:28:18'),
(410, 1, 2010, 5, '4355914330', 0, '2016-10-20 08:19:00', '2016-12-13 04:08:33'),
(411, 1, 2010, 6, '148018000000', 0, '2016-10-20 08:19:00', '2016-10-20 08:19:00'),
(412, 1, 2010, 7, '17096302315', 0, '2016-10-20 08:19:00', '2016-10-20 08:19:00'),
(413, 1, 2010, 8, '352468928', 0, '2016-10-20 08:19:00', '2016-10-20 08:19:00'),
(414, 1, 2010, 9, '6955306827', 0, '2016-10-20 08:19:00', '2016-10-20 08:19:00'),
(415, 1, 2010, 30, '3580649191', 0, '2016-10-20 08:19:00', '2016-10-20 08:19:00'),
(416, 1, 2010, 37, '12818189265', 0, '2016-10-20 08:19:00', '2016-10-20 08:28:18'),
(417, 1, 2010, 38, '12818189265', 0, '2016-10-20 08:19:00', '2016-10-20 08:28:18'),
(418, 1, 2010, 47, '5946527443', 0, '2016-10-20 08:19:00', '2016-10-20 08:19:00'),
(419, 1, 2010, 56, '1726030340', 0, '2016-10-20 08:19:00', '2016-10-20 08:19:00'),
(420, 1, 2010, 63, '908886510', 0, '2016-10-20 08:22:15', '2016-10-20 08:22:15'),
(421, 1, 2010, 65, '1437634100', 0, '2016-10-20 08:22:15', '2016-10-20 08:22:15'),
(422, 1, 2010, 66, '49818974', 0, '2016-10-20 08:22:15', '2016-10-20 08:22:15'),
(423, 1, 2010, 67, '2820163645', 0, '2016-10-20 08:22:15', '2016-10-20 08:22:15'),
(424, 1, 2010, 68, '1890806729', 0, '2016-10-20 08:22:15', '2016-10-20 08:22:15'),
(425, 1, 2010, 69, '7415300', 0, '2016-10-20 08:22:15', '2016-10-20 08:22:15'),
(426, 1, 2010, 70, '0', 0, '2016-10-20 08:22:15', '2016-10-20 08:22:15'),
(427, 1, 2010, 71, '8203941684', 0, '2016-10-20 08:22:15', '2016-10-20 08:22:15'),
(428, 1, 2010, 72, '0', 0, '2016-10-20 08:22:15', '2016-10-20 08:22:15'),
(429, 1, 2010, 73, '0', 0, '2016-10-20 08:22:15', '2016-10-20 08:22:15'),
(430, 1, 2010, 93, '170000000000', 0, '2016-10-20 08:22:15', '2016-10-20 08:22:15'),
(431, 1, 2010, 95, '42000000000', 0, '2016-10-20 08:22:15', '2016-10-20 08:22:15'),
(432, 1, 2010, 101, '77794918', 0, '2016-10-20 08:22:15', '2016-10-20 08:22:15'),
(433, 1, 2010, 103, '38897459', 0, '2016-10-20 08:22:15', '2016-10-20 08:22:15'),
(434, 1, 2010, 106, '7404304376', 0, '2016-10-20 08:22:15', '2016-10-20 08:22:15'),
(435, 1, 2010, 109, '922506073', 0, '2016-10-20 08:22:15', '2016-10-20 08:22:15'),
(436, 1, 2010, 2, '235834564686', 0, '2016-10-20 08:22:15', '2016-10-20 08:25:58'),
(437, 1, 2010, 61, '15391061860', 0, '2016-10-20 08:22:15', '2016-10-20 08:25:58'),
(438, 1, 2010, 62, '15391061860', 0, '2016-10-20 08:22:15', '2016-10-20 08:25:58'),
(439, 1, 2010, 91, '220443502826', 0, '2016-10-20 08:22:15', '2016-10-20 08:22:15'),
(440, 1, 2010, 92, '220443502826', 0, '2016-10-20 08:22:15', '2016-10-20 08:22:15'),
(441, 1, 2010, 104, '7404304376', 0, '2016-10-20 08:22:15', '2016-10-20 08:22:15'),
(442, 1, 2010, 75, '72394918', 0, '2016-10-20 08:25:58', '2016-10-20 08:25:58'),
(443, 1, 2009, 11, '114871699', 0, '2016-10-20 08:42:20', '2016-12-13 04:08:40'),
(444, 1, 2009, 17, '9250000000', 0, '2016-10-20 08:42:20', '2016-10-20 08:42:20'),
(445, 1, 2009, 29, '9500000000', 0, '2016-10-20 08:42:20', '2016-10-20 08:42:20'),
(446, 1, 2009, 57, '86000879', 0, '2016-10-20 08:42:20', '2016-10-20 08:42:20'),
(447, 1, 2009, 67, '172923403', 0, '2016-10-20 08:42:20', '2016-10-20 08:42:20'),
(448, 1, 2009, 93, '18000000000', 0, '2016-10-20 08:42:20', '2016-10-20 08:42:20'),
(449, 1, 2009, 103, '777949175', 0, '2016-10-20 08:42:20', '2016-10-20 08:42:20'),
(450, 1, 2009, 1, '18950872578', 0, '2016-10-20 08:42:20', '2016-12-13 04:08:40'),
(451, 1, 2009, 2, '18950872578', 0, '2016-10-20 08:42:20', '2016-10-20 08:42:20'),
(452, 1, 2009, 3, '18864871699', 0, '2016-10-20 08:42:20', '2016-12-13 04:08:40'),
(453, 1, 2009, 4, '86000879', 0, '2016-10-20 08:42:20', '2016-10-20 08:42:20'),
(454, 1, 2009, 5, '114871699', 0, '2016-10-20 08:42:20', '2016-12-13 04:08:40'),
(455, 1, 2009, 7, '9250000000', 0, '2016-10-20 08:42:20', '2016-10-20 08:42:20'),
(456, 1, 2009, 9, '9500000000', 0, '2016-10-20 08:42:20', '2016-10-20 08:42:20'),
(457, 1, 2009, 56, '86000879', 0, '2016-10-20 08:42:20', '2016-10-20 08:42:20'),
(458, 1, 2009, 61, '172923403', 0, '2016-10-20 08:42:20', '2016-10-20 08:42:20'),
(459, 1, 2009, 62, '172923403', 0, '2016-10-20 08:42:20', '2016-10-20 08:42:20'),
(460, 1, 2009, 91, '18777949175', 0, '2016-10-20 08:42:20', '2016-10-20 08:42:20'),
(461, 1, 2009, 92, '18777949175', 0, '2016-10-20 08:42:20', '2016-10-20 08:42:20'),
(462, 3, 2015, 11, '3771965874567', 0, '2016-10-28 01:47:15', '2016-11-17 02:24:11'),
(463, 3, 2015, 12, '3166499229923', 0, '2016-10-28 01:47:15', '2016-10-28 01:47:15'),
(464, 3, 2015, 13, '32369112000', 0, '2016-10-28 01:47:15', '2016-10-28 01:47:15'),
(465, 3, 2015, 14, '-14958000000', 0, '2016-10-28 01:47:15', '2016-10-28 01:47:15'),
(466, 3, 2015, 15, '11125568478895', 0, '2016-10-28 01:47:15', '2016-10-28 01:47:15'),
(467, 3, 2015, 16, '2438800372894', 0, '2016-10-28 01:47:15', '2016-10-28 01:47:15'),
(468, 3, 2015, 17, '6695026549290', 0, '2016-10-28 01:47:15', '2016-10-28 01:47:15'),
(469, 3, 2015, 20, '1763123912802', 0, '2016-10-28 01:47:15', '2016-10-28 01:47:15'),
(470, 3, 2015, 21, '3165754530947', 0, '2016-10-28 01:47:15', '2016-10-28 01:47:15'),
(471, 3, 2015, 22, '-214577340741', 0, '2016-10-28 01:47:15', '2016-10-28 01:47:15'),
(472, 3, 2015, 23, '28085895835621', 0, '2016-10-28 01:47:15', '2016-10-28 01:47:15'),
(473, 3, 2015, 24, '-58478146455', 0, '2016-10-28 01:47:15', '2016-10-28 01:47:15'),
(474, 3, 2015, 25, '1548029401201', 0, '2016-10-28 01:47:15', '2016-10-28 01:47:15'),
(475, 3, 2015, 26, '660027543114', 0, '2016-10-28 01:47:15', '2016-10-28 01:47:15'),
(476, 3, 2015, 27, '23050885079', 0, '2016-10-28 01:47:15', '2016-10-28 01:47:15'),
(477, 3, 2015, 29, '5511521426816', 0, '2016-10-28 01:47:15', '2016-10-28 01:47:15'),
(478, 3, 2015, 34, '62559839165', 0, '2016-10-28 01:47:15', '2016-10-28 01:47:15'),
(479, 3, 2015, 35, '191764239314', 0, '2016-10-28 01:47:15', '2016-10-28 01:47:15'),
(480, 3, 2015, 39, '22037695324834', 0, '2016-10-28 01:47:15', '2016-10-28 01:47:15'),
(481, 3, 2015, 40, '-2923349239083', 0, '2016-10-28 01:47:15', '2016-10-28 01:47:15'),
(482, 3, 2015, 189, '789293394723', 0, '2016-10-28 01:47:15', '2016-10-28 01:47:15'),
(483, 3, 2015, 190, '-140232097803', 0, '2016-10-28 01:47:15', '2016-10-28 01:47:15'),
(484, 3, 2015, 45, '18192494564257', 0, '2016-10-28 01:47:15', '2016-10-28 01:47:15'),
(485, 3, 2015, 46, '-1364830320724', 0, '2016-10-28 01:47:15', '2016-10-28 01:47:15'),
(486, 3, 2015, 49, '18115293364854', 0, '2016-10-28 01:47:15', '2016-10-28 01:47:15'),
(487, 3, 2015, 52, '6715538162046', 0, '2016-10-28 01:47:15', '2016-10-28 01:47:15'),
(488, 3, 2015, 53, '2882019433681', 0, '2016-10-28 01:47:15', '2016-10-28 01:47:15'),
(489, 3, 2015, 57, '1437896150549', 0, '2016-10-28 01:47:15', '2016-10-28 01:47:15'),
(490, 3, 2015, 58, '170157957461', 0, '2016-10-28 01:47:15', '2016-10-28 01:47:15'),
(491, 3, 2015, 59, '3000000000000', 0, '2016-10-28 01:47:15', '2016-10-28 01:47:15'),
(492, 3, 2015, 60, '8628752138992', 0, '2016-10-28 01:47:15', '2016-10-28 01:47:15'),
(493, 3, 2015, 63, '1424617794094', 0, '2016-10-28 01:47:15', '2016-10-28 01:47:15'),
(494, 3, 2015, 65, '4578748195301', 0, '2016-10-28 01:47:15', '2016-10-28 01:47:15'),
(495, 3, 2015, 66, '20221096466017', 0, '2016-10-28 01:47:15', '2016-10-28 01:47:15'),
(496, 3, 2015, 67, '1678401228369', 0, '2016-10-28 01:47:15', '2016-10-28 01:47:15'),
(497, 3, 2015, 68, '293440169231', 0, '2016-10-28 01:47:15', '2016-10-28 01:47:15'),
(498, 3, 2015, 69, '6920895138980', 0, '2016-10-28 01:47:15', '2016-10-28 01:47:15'),
(499, 3, 2015, 72, '1056738019276', 0, '2016-10-28 01:47:15', '2016-10-28 01:47:15'),
(500, 3, 2015, 73, '28554146031679', 0, '2016-10-28 01:47:15', '2016-10-28 01:47:15'),
(501, 3, 2015, 74, '120697938748', 0, '2016-10-28 01:47:15', '2016-10-28 01:47:15'),
(502, 3, 2015, 75, '0', 0, '2016-10-28 01:47:15', '2016-10-28 01:47:15'),
(503, 3, 2015, 83, '4406204612974', 0, '2016-10-28 01:47:15', '2016-10-28 01:47:15'),
(504, 3, 2015, 84, '33122684524987', 0, '2016-10-28 01:47:15', '2016-10-28 01:47:15'),
(505, 3, 2015, 85, '2382401760582', 0, '2016-10-28 01:47:15', '2016-10-28 01:47:15'),
(506, 3, 2015, 86, '474345952476', 0, '2016-10-28 01:47:15', '2016-10-28 01:47:15'),
(507, 3, 2015, 89, '2683411532468', 0, '2016-10-28 01:47:15', '2016-10-28 01:47:15'),
(508, 3, 2015, 93, '18681880870000', 0, '2016-10-28 01:47:15', '2016-10-28 01:47:15'),
(509, 3, 2015, 95, '5798727464308', 0, '2016-10-28 01:47:15', '2016-10-28 01:47:15'),
(510, 3, 2015, 98, '-2974924074484', 0, '2016-10-28 01:47:15', '2016-10-28 01:47:15'),
(511, 3, 2015, 103, '27845114930', 0, '2016-10-28 01:47:15', '2016-10-28 01:47:15'),
(512, 3, 2015, 105, '2350786383324', 0, '2016-10-28 01:47:15', '2016-10-28 01:47:15'),
(513, 3, 2015, 106, '-749370881208', 0, '2016-10-28 01:47:15', '2016-10-28 01:47:15'),
(514, 3, 2015, 109, '14441898336167', 0, '2016-10-28 01:47:15', '2016-10-28 01:47:15'),
(515, 3, 2015, 1, '145494672578219', 0, '2016-10-28 01:47:15', '2016-11-17 02:24:11'),
(516, 3, 2015, 2, '145494672578219', 0, '2016-10-28 01:47:15', '2016-10-28 01:47:15'),
(517, 3, 2015, 3, '67699619665953', 0, '2016-10-28 01:47:15', '2016-11-17 02:24:11'),
(518, 3, 2015, 4, '77795052912266', 0, '2016-10-28 01:47:15', '2016-10-28 01:47:15'),
(519, 3, 2015, 5, '6938465104490', 0, '2016-10-28 01:47:15', '2016-11-17 02:24:11'),
(520, 3, 2015, 6, '11142979590895', 0, '2016-10-28 01:47:15', '2016-10-28 01:47:15'),
(521, 3, 2015, 7, '13848128025192', 0, '2016-10-28 01:47:15', '2016-10-28 01:47:15'),
(522, 3, 2015, 8, '28027417689166', 0, '2016-10-28 01:47:15', '2016-10-28 01:47:15'),
(523, 3, 2015, 9, '7742629256210', 0, '2016-10-28 01:47:15', '2016-10-28 01:47:15'),
(524, 3, 2015, 30, '254324078479', 0, '2016-10-28 01:47:15', '2016-10-28 01:47:15'),
(525, 3, 2015, 37, '19763407382671', 0, '2016-10-28 01:47:15', '2016-10-28 01:47:15'),
(526, 3, 2015, 38, '19114346085751', 0, '2016-10-28 01:47:15', '2016-10-28 01:47:15'),
(527, 3, 2015, 44, '16827664243533', 0, '2016-10-28 01:47:15', '2016-10-28 01:47:15'),
(528, 3, 2015, 47, '18115293364854', 0, '2016-10-28 01:47:15', '2016-10-28 01:47:15'),
(529, 3, 2015, 50, '9597557595727', 0, '2016-10-28 01:47:15', '2016-10-28 01:47:15'),
(530, 3, 2015, 56, '4608054108010', 0, '2016-10-28 01:47:15', '2016-10-28 01:47:15'),
(531, 3, 2015, 61, '107917829365182', 0, '2016-10-28 01:47:15', '2016-10-28 01:47:15'),
(532, 3, 2015, 62, '64848780981695', 0, '2016-10-28 01:47:15', '2016-10-28 01:47:15'),
(533, 3, 2015, 78, '43069048383487', 0, '2016-10-28 01:47:15', '2016-10-28 01:47:15'),
(534, 3, 2015, 91, '37576843213037', 0, '2016-10-28 01:47:15', '2016-10-28 01:47:15'),
(535, 3, 2015, 92, '37576843213037', 0, '2016-10-28 01:47:15', '2016-10-28 01:47:15'),
(536, 3, 2015, 104, '1601415502116', 0, '2016-10-28 01:47:15', '2016-10-28 01:47:15'),
(537, 3, 2015, 188, '649061296920', 0, '2016-10-28 01:47:15', '2016-10-28 01:47:15'),
(538, 3, 2014, 11, '1709677822085', 0, '2016-10-28 01:53:10', '2016-10-28 01:53:10'),
(539, 3, 2014, 12, '5897835897588', 0, '2016-10-28 01:53:10', '2016-10-28 01:53:10'),
(540, 3, 2014, 13, '6245416256668', 0, '2016-10-28 01:53:10', '2016-10-28 01:53:10'),
(541, 3, 2014, 14, '-77245017700', 0, '2016-10-28 01:53:10', '2016-10-28 01:53:10'),
(542, 3, 2014, 16, '833001466347', 0, '2016-10-28 01:53:10', '2016-10-28 01:53:10'),
(543, 3, 2014, 17, '1459215551015', 0, '2016-10-28 01:53:10', '2016-10-28 01:53:10'),
(544, 3, 2014, 21, '626203073987', 0, '2016-10-28 01:53:10', '2016-10-28 01:53:10'),
(545, 3, 2014, 22, '-54815552602', 0, '2016-10-28 01:53:10', '2016-10-28 01:53:10'),
(546, 3, 2014, 23, '16653246649293', 0, '2016-10-28 01:53:10', '2016-10-28 01:53:10'),
(547, 3, 2014, 24, '-54895665767', 0, '2016-10-28 01:53:10', '2016-10-28 01:53:10'),
(548, 3, 2014, 25, '175767407122', 0, '2016-10-28 01:53:10', '2016-10-28 01:53:10'),
(549, 3, 2014, 26, '549937309384', 0, '2016-10-28 01:53:10', '2016-10-28 01:53:10'),
(550, 3, 2014, 27, '29443682396', 0, '2016-10-28 01:53:10', '2016-10-28 01:53:10'),
(551, 3, 2014, 29, '882818880591', 0, '2016-10-28 01:53:10', '2016-10-28 01:53:10'),
(552, 3, 2014, 39, '12125926443789', 0, '2016-10-28 01:53:10', '2016-10-28 01:53:10'),
(553, 3, 2014, 40, '-1599585702140', 0, '2016-10-28 01:53:10', '2016-10-28 01:53:10'),
(554, 3, 2014, 189, '613140927890', 0, '2016-10-28 01:53:10', '2016-10-28 01:53:10'),
(555, 3, 2014, 190, '-92773648179', 0, '2016-10-28 01:53:10', '2016-10-28 01:53:10'),
(556, 3, 2014, 45, '16337225559687', 0, '2016-10-28 01:53:10', '2016-10-28 01:53:10'),
(557, 3, 2014, 46, '-938084335161', 0, '2016-10-28 01:53:10', '2016-10-28 01:53:10'),
(558, 3, 2014, 49, '11272988269732', 0, '2016-10-28 01:53:10', '2016-10-28 01:53:10'),
(559, 3, 2014, 52, '1030494731370', 0, '2016-10-28 01:53:10', '2016-10-28 01:53:10'),
(560, 3, 2014, 53, '3921649610843', 0, '2016-10-28 01:53:10', '2016-10-28 01:53:10'),
(561, 3, 2014, 54, '-3000000000', 0, '2016-10-28 01:53:10', '2016-10-28 01:53:10'),
(562, 3, 2014, 57, '1770073401504', 0, '2016-10-28 01:53:10', '2016-10-28 01:53:10'),
(563, 3, 2014, 58, '56584412187', 0, '2016-10-28 01:53:10', '2016-10-28 01:53:10'),
(564, 3, 2014, 59, '4900602091252', 0, '2016-10-28 01:53:10', '2016-10-28 01:53:10'),
(565, 3, 2014, 60, '6214457676679', 0, '2016-10-28 01:53:10', '2016-10-28 01:53:10'),
(566, 3, 2014, 63, '1321194605718', 0, '2016-10-28 01:53:10', '2016-10-28 01:53:10'),
(567, 3, 2014, 65, '1628746222883', 0, '2016-10-28 01:53:10', '2016-10-28 01:53:10'),
(568, 3, 2014, 66, '6581278862138', 0, '2016-10-28 01:53:10', '2016-10-28 01:53:10'),
(569, 3, 2014, 67, '1037104329754', 0, '2016-10-28 01:53:10', '2016-10-28 01:53:10'),
(570, 3, 2014, 68, '55874576362', 0, '2016-10-28 01:53:10', '2016-10-28 01:53:10'),
(571, 3, 2014, 69, '3645659661277', 0, '2016-10-28 01:53:10', '2016-10-28 01:53:10'),
(572, 3, 2014, 73, '10333943140608', 0, '2016-10-28 01:53:10', '2016-10-28 01:53:10'),
(573, 3, 2014, 83, '6413683795382', 0, '2016-10-28 01:53:10', '2016-10-28 01:53:10'),
(574, 3, 2014, 84, '32014819167101', 0, '2016-10-28 01:53:10', '2016-10-28 01:53:10'),
(575, 3, 2014, 86, '168369579597', 0, '2016-10-28 01:53:10', '2016-10-28 01:53:10'),
(576, 3, 2014, 93, '14545550980000', 0, '2016-10-28 01:53:10', '2016-10-28 01:53:10'),
(577, 3, 2014, 95, '4582534150067', 0, '2016-10-28 01:53:10', '2016-10-28 01:53:10'),
(578, 3, 2014, 98, '-2974924074484', 0, '2016-10-28 01:53:10', '2016-10-28 01:53:10'),
(579, 3, 2014, 102, '22845114930', 0, '2016-10-28 01:53:10', '2016-10-28 01:53:10'),
(580, 3, 2014, 106, '4220035125587', 0, '2016-10-28 01:53:10', '2016-10-28 01:53:10'),
(581, 3, 2014, 109, '6888591962940', 0, '2016-10-28 01:53:10', '2016-10-28 01:53:10'),
(582, 3, 2014, 1, '90485307199860', 0, '2016-10-28 01:53:10', '2016-10-28 01:53:10'),
(583, 3, 2014, 2, '90485307199860', 0, '2016-10-28 01:53:10', '2016-10-28 01:53:10'),
(584, 3, 2014, 3, '34875607760407', 0, '2016-10-28 01:53:10', '2016-10-28 01:53:10'),
(585, 3, 2014, 4, '55609699439453', 0, '2016-10-28 01:53:10', '2016-10-28 01:53:10'),
(586, 3, 2014, 5, '7607513719673', 0, '2016-10-28 01:53:10', '2016-10-28 01:53:10'),
(587, 3, 2014, 6, '6168171238968', 0, '2016-10-28 01:53:10', '2016-10-28 01:53:10'),
(588, 3, 2014, 7, '2863604538747', 0, '2016-10-28 01:53:10', '2016-10-28 01:53:10'),
(589, 3, 2014, 8, '16598350983526', 0, '2016-10-28 01:53:10', '2016-10-28 01:53:10'),
(590, 3, 2014, 9, '1637967279493', 0, '2016-10-28 01:53:10', '2016-10-28 01:53:10'),
(591, 3, 2014, 37, '11046708021360', 0, '2016-10-28 01:53:10', '2016-10-28 01:53:10'),
(592, 3, 2014, 38, '10526340741649', 0, '2016-10-28 01:53:10', '2016-10-28 01:53:10'),
(593, 3, 2014, 44, '15399141224526', 0, '2016-10-28 01:53:10', '2016-10-28 01:53:10'),
(594, 3, 2014, 47, '11272988269732', 0, '2016-10-28 01:53:10', '2016-10-28 01:53:10'),
(595, 3, 2014, 50, '4949144342213', 0, '2016-10-28 01:53:10', '2016-10-28 01:53:10'),
(596, 3, 2014, 56, '6727259904943', 0, '2016-10-28 01:53:10', '2016-10-28 01:53:10'),
(597, 3, 2014, 61, '63200673940820', 0, '2016-10-28 01:53:10', '2016-10-28 01:53:10'),
(598, 3, 2014, 62, '24603801398740', 0, '2016-10-28 01:53:10', '2016-10-28 01:53:10'),
(599, 3, 2014, 78, '38596872542080', 0, '2016-10-28 01:53:10', '2016-10-28 01:53:10'),
(600, 3, 2014, 91, '27284633259040', 0, '2016-10-28 01:53:10', '2016-10-28 01:53:10'),
(601, 3, 2014, 92, '27284633259040', 0, '2016-10-28 01:53:10', '2016-10-28 01:53:10'),
(602, 3, 2014, 104, '4220035125587', 0, '2016-10-28 01:53:10', '2016-10-28 01:53:10'),
(603, 3, 2014, 188, '520367279711', 0, '2016-10-28 01:53:10', '2016-10-28 01:53:10'),
(604, 3, 2013, 11, '830198384281', 0, '2016-10-28 01:57:06', '2016-10-28 01:57:06'),
(605, 3, 2013, 12, '6703850319014', 0, '2016-10-28 01:57:06', '2016-10-28 01:57:06'),
(606, 3, 2013, 13, '5564825407070', 0, '2016-10-28 01:57:06', '2016-10-28 01:57:06'),
(607, 3, 2013, 14, '-51984372442', 0, '2016-10-28 01:57:06', '2016-10-28 01:57:06'),
(608, 3, 2013, 16, '906583310596', 0, '2016-10-28 01:57:06', '2016-10-28 01:57:06'),
(609, 3, 2013, 17, '1067203605764', 0, '2016-10-28 01:57:06', '2016-10-28 01:57:06'),
(610, 3, 2013, 21, '1848565858757', 0, '2016-10-28 01:57:06', '2016-10-28 01:57:06'),
(611, 3, 2013, 22, '-30447230378', 0, '2016-10-28 01:57:06', '2016-10-28 01:57:06'),
(612, 3, 2013, 23, '18922655956360', 0, '2016-10-28 01:57:06', '2016-10-28 01:57:06'),
(613, 3, 2013, 24, '-8938534347', 0, '2016-10-28 01:57:06', '2016-10-28 01:57:06'),
(614, 3, 2013, 25, '112995880636', 0, '2016-10-28 01:57:06', '2016-10-28 01:57:06'),
(615, 3, 2013, 26, '235932586540', 0, '2016-10-28 01:57:06', '2016-10-28 01:57:06'),
(616, 3, 2013, 27, '20328613273', 0, '2016-10-28 01:57:06', '2016-10-28 01:57:06'),
(617, 3, 2013, 29, '3722907902645', 0, '2016-10-28 01:57:06', '2016-10-28 01:57:06'),
(618, 3, 2013, 39, '6707573344357', 0, '2016-10-28 01:57:06', '2016-10-28 01:57:06'),
(619, 3, 2013, 40, '-1061856704137', 0, '2016-10-28 01:57:06', '2016-10-28 01:57:06'),
(620, 3, 2013, 189, '576932515265', 0, '2016-10-28 01:57:06', '2016-10-28 01:57:06'),
(621, 3, 2013, 190, '-72441329589', 0, '2016-10-28 01:57:06', '2016-10-28 01:57:06'),
(622, 3, 2013, 45, '14148672844583', 0, '2016-10-28 01:57:06', '2016-10-28 01:57:06'),
(623, 3, 2013, 46, '-519938474955', 0, '2016-10-28 01:57:06', '2016-10-28 01:57:06'),
(624, 3, 2013, 49, '5573906924848', 0, '2016-10-28 01:57:06', '2016-10-28 01:57:06'),
(625, 3, 2013, 52, '1829738207290', 0, '2016-10-28 01:57:06', '2016-10-28 01:57:06'),
(626, 3, 2013, 53, '2705645119316', 0, '2016-10-28 01:57:06', '2016-10-28 01:57:06'),
(627, 3, 2013, 54, '-3000000000', 0, '2016-10-28 01:57:06', '2016-10-28 01:57:06'),
(628, 3, 2013, 57, '1195471414505', 0, '2016-10-28 01:57:06', '2016-10-28 01:57:06'),
(629, 3, 2013, 58, '42623898681', 0, '2016-10-28 01:57:06', '2016-10-28 01:57:06'),
(630, 3, 2013, 59, '730784217', 0, '2016-10-28 01:57:06', '2016-10-28 01:57:06'),
(631, 3, 2013, 60, '4803912193645', 0, '2016-10-28 01:57:06', '2016-10-28 01:57:06'),
(632, 3, 2013, 63, '3023470785606', 0, '2016-10-28 01:57:06', '2016-10-28 01:57:06'),
(633, 3, 2013, 65, '1158828828873', 0, '2016-10-28 01:57:06', '2016-10-28 01:57:06'),
(634, 3, 2013, 66, '16150044422734', 0, '2016-10-28 01:57:06', '2016-10-28 01:57:06'),
(635, 3, 2013, 67, '2107765031095', 0, '2016-10-28 01:57:06', '2016-10-28 01:57:06'),
(636, 3, 2013, 68, '41416688481', 0, '2016-10-28 01:57:06', '2016-10-28 01:57:06'),
(637, 3, 2013, 69, '3091940291762', 0, '2016-10-28 01:57:06', '2016-10-28 01:57:06'),
(638, 3, 2013, 73, '1101799359637', 0, '2016-10-28 01:57:06', '2016-10-28 01:57:06'),
(639, 3, 2013, 83, '6023851978161', 0, '2016-10-28 01:57:06', '2016-10-28 01:57:06'),
(640, 3, 2013, 84, '24360164494408', 0, '2016-10-28 01:57:06', '2016-10-28 01:57:06'),
(641, 3, 2013, 86, '96823703750', 0, '2016-10-28 01:57:06', '2016-10-28 01:57:06'),
(642, 3, 2013, 93, '9296036790000', 0, '2016-10-28 01:57:06', '2016-10-28 01:57:06'),
(643, 3, 2013, 95, '1781641494624', 0, '2016-10-28 01:57:06', '2016-10-28 01:57:06'),
(644, 3, 2013, 98, '-4351625014572', 0, '2016-10-28 01:57:06', '2016-10-28 01:57:06'),
(645, 3, 2013, 102, '17845114930', 0, '2016-10-28 01:57:06', '2016-10-28 01:57:06'),
(646, 3, 2013, 106, '7727938813282', 0, '2016-10-28 01:57:06', '2016-10-28 01:57:06'),
(647, 3, 2013, 109, '4144705643024', 0, '2016-10-28 01:57:06', '2016-10-28 01:57:06'),
(648, 3, 2013, 1, '75772648425795', 0, '2016-10-28 01:57:06', '2016-10-28 01:57:06'),
(649, 3, 2013, 2, '75772648425795', 0, '2016-10-28 01:57:06', '2016-10-28 01:57:06'),
(650, 3, 2013, 3, '39844677687769', 0, '2016-10-28 01:57:06', '2016-10-28 01:57:06'),
(651, 3, 2013, 4, '35927970738026', 0, '2016-10-28 01:57:06', '2016-10-28 01:57:06'),
(652, 3, 2013, 5, '7534048703295', 0, '2016-10-28 01:57:06', '2016-10-28 01:57:06'),
(653, 3, 2013, 6, '5512841034628', 0, '2016-10-28 01:57:06', '2016-10-28 01:57:06'),
(654, 3, 2013, 7, '3791905544739', 0, '2016-10-28 01:57:06', '2016-10-28 01:57:06'),
(655, 3, 2013, 8, '18913717422013', 0, '2016-10-28 01:57:06', '2016-10-28 01:57:06'),
(656, 3, 2013, 9, '4092164983094', 0, '2016-10-28 01:57:06', '2016-10-28 01:57:06'),
(657, 3, 2013, 37, '6150207825896', 0, '2016-10-28 01:57:06', '2016-10-28 01:57:06'),
(658, 3, 2013, 38, '5645716640220', 0, '2016-10-28 01:57:06', '2016-10-28 01:57:06'),
(659, 3, 2013, 44, '13628734369628', 0, '2016-10-28 01:57:06', '2016-10-28 01:57:06'),
(660, 3, 2013, 47, '5573906924848', 0, '2016-10-28 01:57:06', '2016-10-28 01:57:06'),
(661, 3, 2013, 50, '4532383326606', 0, '2016-10-28 01:57:06', '2016-10-28 01:57:06'),
(662, 3, 2013, 56, '1238826097403', 0, '2016-10-28 01:57:06', '2016-10-28 01:57:06'),
(663, 3, 2013, 61, '57156105584507', 0, '2016-10-28 01:57:06', '2016-10-28 01:57:06'),
(664, 3, 2013, 62, '26675265408188', 0, '2016-10-28 01:57:06', '2016-10-28 01:57:06'),
(665, 3, 2013, 78, '30480840176319', 0, '2016-10-28 01:57:06', '2016-10-28 01:57:06'),
(666, 3, 2013, 91, '18616542841288', 0, '2016-10-28 01:57:06', '2016-10-28 01:57:06'),
(667, 3, 2013, 92, '18616542841288', 0, '2016-10-28 01:57:06', '2016-10-28 01:57:06'),
(668, 3, 2013, 104, '7727938813282', 0, '2016-10-28 01:57:06', '2016-10-28 01:57:06'),
(669, 3, 2013, 188, '504491185676', 0, '2016-10-28 01:57:06', '2016-10-28 01:57:06'),
(670, 3, 2012, 11, '199602965155', 0, '2016-10-28 02:01:53', '2016-10-28 02:01:53'),
(671, 3, 2012, 12, '1417252209780', 0, '2016-10-28 02:01:53', '2016-10-28 02:01:53'),
(672, 3, 2012, 13, '3884414354916', 0, '2016-10-28 02:01:53', '2016-10-28 02:01:53'),
(673, 3, 2012, 14, '-19570344278', 0, '2016-10-28 02:01:53', '2016-10-28 02:01:53'),
(674, 3, 2012, 16, '1226873098007', 0, '2016-10-28 02:01:53', '2016-10-28 02:01:53'),
(675, 3, 2012, 17, '2106084921176', 0, '2016-10-28 02:01:53', '2016-10-28 02:01:53'),
(676, 3, 2012, 21, '488614532023', 0, '2016-10-28 02:01:53', '2016-10-28 02:01:53'),
(677, 3, 2012, 22, '-12336142520', 0, '2016-10-28 02:01:53', '2016-10-28 02:01:53'),
(678, 3, 2012, 23, '17794010357437', 0, '2016-10-28 02:01:53', '2016-10-28 02:01:53'),
(679, 3, 2012, 24, '-9119830995', 0, '2016-10-28 02:01:53', '2016-10-28 02:01:53'),
(680, 3, 2012, 25, '39627501766', 0, '2016-10-28 02:01:53', '2016-10-28 02:01:53');
INSERT INTO `balance_sheet` (`id`, `company_id`, `year`, `param_id`, `value`, `del`, `created_date`, `updated_date`) VALUES
(681, 3, 2012, 26, '234961212193', 0, '2016-10-28 02:01:53', '2016-10-28 02:01:53'),
(682, 3, 2012, 27, '5241073421', 0, '2016-10-28 02:01:53', '2016-10-28 02:01:53'),
(683, 3, 2012, 29, '1440630290454', 0, '2016-10-28 02:01:53', '2016-10-28 02:01:53'),
(684, 3, 2012, 39, '5321617094523', 0, '2016-10-28 02:01:53', '2016-10-28 02:01:53'),
(685, 3, 2012, 40, '-770863157472', 0, '2016-10-28 02:01:53', '2016-10-28 02:01:53'),
(686, 3, 2012, 189, '638289648823', 0, '2016-10-28 02:01:53', '2016-10-28 02:01:53'),
(687, 3, 2012, 190, '-58439600060', 0, '2016-10-28 02:01:53', '2016-10-28 02:01:53'),
(688, 3, 2012, 45, '6959670305956', 0, '2016-10-28 02:01:53', '2016-10-28 02:01:53'),
(689, 3, 2012, 46, '-316196194020', 0, '2016-10-28 02:01:53', '2016-10-28 02:01:53'),
(690, 3, 2012, 49, '5617755385673', 0, '2016-10-28 02:01:53', '2016-10-28 02:01:53'),
(691, 3, 2012, 52, '1612499800170', 0, '2016-10-28 02:01:53', '2016-10-28 02:01:53'),
(692, 3, 2012, 53, '1551065120947', 0, '2016-10-28 02:01:53', '2016-10-28 02:01:53'),
(693, 3, 2012, 57, '1104994130073', 0, '2016-10-28 02:01:53', '2016-10-28 02:01:53'),
(694, 3, 2012, 58, '45141892563', 0, '2016-10-28 02:01:53', '2016-10-28 02:01:53'),
(695, 3, 2012, 59, '5040000', 0, '2016-10-28 02:01:53', '2016-10-28 02:01:53'),
(696, 3, 2012, 60, '5323050138965', 0, '2016-10-28 02:01:53', '2016-10-28 02:01:53'),
(697, 3, 2012, 63, '3066159014913', 0, '2016-10-28 02:01:53', '2016-10-28 02:01:53'),
(698, 3, 2012, 64, '0', 0, '2016-10-28 02:01:53', '2016-10-28 02:01:53'),
(699, 3, 2012, 65, '1704259748134', 0, '2016-10-28 02:01:53', '2016-10-28 02:01:53'),
(700, 3, 2012, 66, '17800274073366', 0, '2016-10-28 02:01:53', '2016-10-28 02:01:53'),
(701, 3, 2012, 67, '306493773895', 0, '2016-10-28 02:01:53', '2016-10-28 02:01:53'),
(702, 3, 2012, 68, '30759366050', 0, '2016-10-28 02:01:53', '2016-10-28 02:01:53'),
(703, 3, 2012, 69, '1695346182076', 0, '2016-10-28 02:01:53', '2016-10-28 02:01:53'),
(704, 3, 2012, 73, '1040829982679', 0, '2016-10-28 02:01:53', '2016-10-28 02:01:53'),
(705, 3, 2012, 83, '441757284418', 0, '2016-10-28 02:01:53', '2016-10-28 02:01:53'),
(706, 3, 2012, 84, '18762506644958', 0, '2016-10-28 02:01:53', '2016-10-28 02:01:53'),
(707, 3, 2012, 86, '102858474006', 0, '2016-10-28 02:01:53', '2016-10-28 02:01:53'),
(708, 3, 2012, 93, '7004620550000', 0, '2016-10-28 02:01:53', '2016-10-28 02:01:53'),
(709, 3, 2012, 95, '3974286534624', 0, '2016-10-28 02:01:53', '2016-10-28 02:01:53'),
(710, 3, 2012, 98, '-1397646730489', 0, '2016-10-28 02:01:53', '2016-10-28 02:01:53'),
(711, 3, 2012, 102, '12845114930', 0, '2016-10-28 02:01:53', '2016-10-28 02:01:53'),
(712, 3, 2012, 106, '962463719641', 0, '2016-10-28 02:01:53', '2016-10-28 02:01:53'),
(713, 3, 2012, 109, '317062071475', 0, '2016-10-28 02:01:53', '2016-10-28 02:01:53'),
(714, 3, 2012, 1, '55824875804676', 0, '2016-10-28 02:01:53', '2016-10-28 02:01:53'),
(715, 3, 2012, 2, '55824875804676', 0, '2016-10-28 02:01:53', '2016-10-28 02:01:53'),
(716, 3, 2012, 3, '28796286198535', 0, '2016-10-28 02:01:53', '2016-10-28 02:01:53'),
(717, 3, 2012, 4, '27028589606141', 0, '2016-10-28 02:01:53', '2016-10-28 02:01:53'),
(718, 3, 2012, 5, '1616855174935', 0, '2016-10-28 02:01:53', '2016-10-28 02:01:53'),
(719, 3, 2012, 6, '3864844010638', 0, '2016-10-28 02:01:53', '2016-10-28 02:01:53'),
(720, 3, 2012, 7, '3809236408686', 0, '2016-10-28 02:01:53', '2016-10-28 02:01:53'),
(721, 3, 2012, 8, '17784890526442', 0, '2016-10-28 02:01:53', '2016-10-28 02:01:53'),
(722, 3, 2012, 9, '1720460077834', 0, '2016-10-28 02:01:53', '2016-10-28 02:01:53'),
(723, 3, 2012, 37, '5130603985814', 0, '2016-10-28 02:01:53', '2016-10-28 02:01:53'),
(724, 3, 2012, 38, '4550753937051', 0, '2016-10-28 02:01:53', '2016-10-28 02:01:53'),
(725, 3, 2012, 44, '6643474111936', 0, '2016-10-28 02:01:53', '2016-10-28 02:01:53'),
(726, 3, 2012, 47, '5617755385673', 0, '2016-10-28 02:01:53', '2016-10-28 02:01:53'),
(727, 3, 2012, 50, '3163564921117', 0, '2016-10-28 02:01:53', '2016-10-28 02:01:53'),
(728, 3, 2012, 56, '1150141062636', 0, '2016-10-28 02:01:53', '2016-10-28 02:01:53'),
(729, 3, 2012, 61, '44951244544495', 0, '2016-10-28 02:01:53', '2016-10-28 02:01:53'),
(730, 3, 2012, 62, '25644122141113', 0, '2016-10-28 02:01:53', '2016-10-28 02:01:53'),
(731, 3, 2012, 78, '19307122403382', 0, '2016-10-28 02:01:53', '2016-10-28 02:01:53'),
(732, 3, 2012, 91, '10873631260181', 0, '2016-10-28 02:01:53', '2016-10-28 02:01:53'),
(733, 3, 2012, 92, '10873631260181', 0, '2016-10-28 02:01:53', '2016-10-28 02:01:53'),
(734, 3, 2012, 104, '962463719641', 0, '2016-10-28 02:01:53', '2016-10-28 02:01:53'),
(735, 3, 2012, 188, '579850048763', 0, '2016-10-28 02:01:53', '2016-10-28 02:01:53'),
(736, 3, 2011, 11, '656243958622', 0, '2016-10-28 02:05:25', '2016-10-28 02:05:25'),
(737, 3, 2011, 12, '575484631218', 0, '2016-10-28 02:05:25', '2016-10-28 02:05:25'),
(738, 3, 2011, 13, '4195988849590', 0, '2016-10-28 02:05:25', '2016-10-28 02:05:25'),
(739, 3, 2011, 14, '-21101135007', 0, '2016-10-28 02:05:25', '2016-10-28 02:05:25'),
(740, 3, 2011, 16, '1096924061390', 0, '2016-10-28 02:05:25', '2016-10-28 02:05:25'),
(741, 3, 2011, 17, '2041076551154', 0, '2016-10-28 02:05:25', '2016-10-28 02:05:25'),
(742, 3, 2011, 21, '1999876495659', 0, '2016-10-28 02:05:25', '2016-10-28 02:05:25'),
(743, 3, 2011, 22, '-2379631268', 0, '2016-10-28 02:05:25', '2016-10-28 02:05:25'),
(744, 3, 2011, 23, '9295702390616', 0, '2016-10-28 02:05:25', '2016-10-28 02:05:25'),
(745, 3, 2011, 24, '-13299817444', 0, '2016-10-28 02:05:25', '2016-10-28 02:05:25'),
(746, 3, 2011, 25, '42081292302', 0, '2016-10-28 02:05:25', '2016-10-28 02:05:25'),
(747, 3, 2011, 26, '149110589727', 0, '2016-10-28 02:05:25', '2016-10-28 02:05:25'),
(748, 3, 2011, 27, '2025026959', 0, '2016-10-28 02:05:25', '2016-10-28 02:05:25'),
(749, 3, 2011, 29, '21765040633', 0, '2016-10-28 02:05:25', '2016-10-28 02:05:25'),
(750, 3, 2011, 39, '1799883929788', 0, '2016-10-28 02:05:25', '2016-10-28 02:05:25'),
(751, 3, 2011, 40, '-27306923972', 0, '2016-10-28 02:05:25', '2016-10-28 02:05:25'),
(752, 3, 2011, 189, '195651739147', 0, '2016-10-28 02:05:25', '2016-10-28 02:05:25'),
(753, 3, 2011, 190, '-26244237523', 0, '2016-10-28 02:05:25', '2016-10-28 02:05:25'),
(754, 3, 2011, 45, '4181585332122', 0, '2016-10-28 02:05:25', '2016-10-28 02:05:25'),
(755, 3, 2011, 46, '-220909187620', 0, '2016-10-28 02:05:25', '2016-10-28 02:05:25'),
(756, 3, 2011, 49, '4566958327280', 0, '2016-10-28 02:05:25', '2016-10-28 02:05:25'),
(757, 3, 2011, 52, '868978280751', 0, '2016-10-28 02:05:25', '2016-10-28 02:05:25'),
(758, 3, 2011, 53, '1200263995418', 0, '2016-10-28 02:05:25', '2016-10-28 02:05:25'),
(759, 3, 2011, 57, '650698913075', 0, '2016-10-28 02:05:25', '2016-10-28 02:05:25'),
(760, 3, 2011, 58, '8237287997', 0, '2016-10-28 02:05:25', '2016-10-28 02:05:25'),
(761, 3, 2011, 59, '10517265000', 0, '2016-10-28 02:05:25', '2016-10-28 02:05:25'),
(762, 3, 2011, 60, '2264822097870', 0, '2016-10-28 02:05:25', '2016-10-28 02:05:25'),
(763, 3, 2011, 63, '4625302442156', 0, '2016-10-28 02:05:25', '2016-10-28 02:05:25'),
(764, 3, 2011, 65, '538965024625', 0, '2016-10-28 02:05:25', '2016-10-28 02:05:25'),
(765, 3, 2011, 66, '12044721660330', 0, '2016-10-28 02:05:25', '2016-10-28 02:05:25'),
(766, 3, 2011, 67, '309186664447', 0, '2016-10-28 02:05:25', '2016-10-28 02:05:25'),
(767, 3, 2011, 68, '29405109761', 0, '2016-10-28 02:05:25', '2016-10-28 02:05:25'),
(768, 3, 2011, 69, '1873523133596', 0, '2016-10-28 02:05:25', '2016-10-28 02:05:25'),
(769, 3, 2011, 73, '2209094209346', 0, '2016-10-28 02:05:25', '2016-10-28 02:05:25'),
(770, 3, 2011, 83, '200266208059', 0, '2016-10-28 02:05:25', '2016-10-28 02:05:25'),
(771, 3, 2011, 84, '5408778229684', 0, '2016-10-28 02:05:25', '2016-10-28 02:05:25'),
(772, 3, 2011, 86, '21215456941', 0, '2016-10-28 02:05:25', '2016-10-28 02:05:25'),
(773, 3, 2011, 93, '3911498930000', 0, '2016-10-28 02:05:25', '2016-10-28 02:05:25'),
(774, 3, 2011, 95, '2395153738480', 0, '2016-10-28 02:05:25', '2016-10-28 02:05:25'),
(775, 3, 2011, 98, '-720199415988', 0, '2016-10-28 02:05:25', '2016-10-28 02:05:54'),
(776, 3, 2011, 106, '906939533153', 0, '2016-10-28 02:05:25', '2016-10-28 02:05:25'),
(777, 3, 2011, 109, '1750939083964', 0, '2016-10-28 02:05:25', '2016-10-28 02:05:25'),
(778, 3, 2011, 1, '35512635123484', 0, '2016-10-28 02:05:25', '2016-10-28 02:05:25'),
(779, 3, 2011, 2, '35512635123484', 0, '2016-10-28 02:05:25', '2016-10-28 02:07:05'),
(780, 3, 2011, 3, '20039498304151', 0, '2016-10-28 02:05:25', '2016-10-28 02:05:25'),
(781, 3, 2011, 4, '15473136819333', 0, '2016-10-28 02:05:25', '2016-10-28 02:05:25'),
(782, 3, 2011, 5, '1231728589840', 0, '2016-10-28 02:05:25', '2016-10-28 02:05:25'),
(783, 3, 2011, 6, '4174887714583', 0, '2016-10-28 02:05:25', '2016-10-28 02:05:25'),
(784, 3, 2011, 7, '5135497476935', 0, '2016-10-28 02:05:25', '2016-10-28 02:05:25'),
(785, 3, 2011, 8, '9282402573172', 0, '2016-10-28 02:05:25', '2016-10-28 02:05:25'),
(786, 3, 2011, 9, '214981949621', 0, '2016-10-28 02:05:25', '2016-10-28 02:05:25'),
(787, 3, 2011, 37, '1941984507440', 0, '2016-10-28 02:05:25', '2016-10-28 02:05:25'),
(788, 3, 2011, 38, '1772577005816', 0, '2016-10-28 02:05:25', '2016-10-28 02:05:25'),
(789, 3, 2011, 44, '3960676144502', 0, '2016-10-28 02:05:25', '2016-10-28 02:05:25'),
(790, 3, 2011, 47, '4566958327280', 0, '2016-10-28 02:05:25', '2016-10-28 02:05:25'),
(791, 3, 2011, 50, '2069242276169', 0, '2016-10-28 02:05:25', '2016-10-28 02:05:25'),
(792, 3, 2011, 56, '669453466072', 0, '2016-10-28 02:05:25', '2016-10-28 02:05:25'),
(793, 3, 2011, 61, '27260458138945', 0, '2016-10-28 02:05:25', '2016-10-28 02:05:25'),
(794, 3, 2011, 62, '21630198244261', 0, '2016-10-28 02:05:25', '2016-10-28 02:05:25'),
(795, 3, 2011, 78, '5630259894684', 0, '2016-10-28 02:05:25', '2016-10-28 02:05:25'),
(796, 3, 2011, 91, '8252176984539', 0, '2016-10-28 02:05:25', '2016-10-28 02:07:05'),
(797, 3, 2011, 92, '8252176984539', 0, '2016-10-28 02:05:25', '2016-10-28 02:07:05'),
(798, 3, 2011, 104, '906939533153', 0, '2016-10-28 02:05:25', '2016-10-28 02:05:25'),
(799, 3, 2011, 188, '169407501624', 0, '2016-10-28 02:05:25', '2016-10-28 02:05:25'),
(800, 3, 2011, 102, '7845114930', 0, '2016-10-28 02:07:05', '2016-10-28 02:07:05'),
(801, 3, 2010, 11, '821683976492', 0, '2016-10-28 02:34:25', '2016-10-28 02:34:25'),
(802, 3, 2010, 12, '693325000000', 0, '2016-10-28 02:34:25', '2016-10-28 02:34:25'),
(803, 3, 2010, 13, '-10242485500', 0, '2016-10-28 02:34:25', '2016-10-28 02:58:42'),
(804, 3, 2010, 14, '3829174790221', 0, '2016-10-28 02:34:25', '2016-10-28 02:34:25'),
(805, 3, 2010, 15, '0', 0, '2016-10-28 02:34:25', '2016-10-28 02:58:42'),
(806, 3, 2010, 16, '2605627558066', 0, '2016-10-28 02:34:25', '2016-10-28 02:34:25'),
(807, 3, 2010, 17, '1638208034996', 0, '2016-10-28 02:34:25', '2016-10-28 02:34:25'),
(808, 3, 2010, 18, '1057520388255', 0, '2016-10-28 02:34:25', '2016-10-28 02:34:25'),
(809, 3, 2010, 21, '375163105605', 0, '2016-10-28 02:34:25', '2016-10-28 02:34:25'),
(810, 3, 2010, 22, '-12954092169', 0, '2016-10-28 02:34:25', '2016-10-28 02:34:25'),
(811, 3, 2010, 23, '2264169759164', 0, '2016-10-28 02:34:25', '2016-10-28 02:34:25'),
(812, 3, 2010, 25, '19623595664', 0, '2016-10-28 02:34:25', '2016-10-28 02:34:25'),
(813, 3, 2010, 26, '42648048678', 0, '2016-10-28 02:34:25', '2016-10-28 02:34:25'),
(814, 3, 2010, 29, '2473870007', 0, '2016-10-28 02:34:25', '2016-10-28 02:34:25'),
(815, 3, 2010, 39, '192230352378', 0, '2016-10-28 02:34:25', '2016-10-28 02:34:25'),
(816, 3, 2010, 40, '-28544134340', 0, '2016-10-28 02:34:25', '2016-10-28 02:34:25'),
(817, 3, 2010, 189, '196744083572', 0, '2016-10-28 02:34:25', '2016-10-28 02:34:25'),
(818, 3, 2010, 190, '-17201469930', 0, '2016-10-28 02:34:25', '2016-10-28 02:34:25'),
(819, 3, 2010, 45, '3763420137800', 0, '2016-10-28 02:34:25', '2016-10-28 02:34:25'),
(820, 3, 2010, 46, '-116676513867', 0, '2016-10-28 02:34:25', '2016-10-28 02:34:25'),
(821, 3, 2010, 49, '4371157020787', 0, '2016-10-28 02:34:25', '2016-10-28 02:34:25'),
(822, 3, 2010, 52, '3295920940246', 0, '2016-10-28 02:34:25', '2016-10-28 02:34:25'),
(823, 3, 2010, 53, '560540964826', 0, '2016-10-28 02:34:25', '2016-10-28 02:34:25'),
(824, 3, 2010, 54, '-1362527211', 0, '2016-10-28 02:34:25', '2016-10-28 02:34:25'),
(825, 3, 2010, 57, '345089220601', 0, '2016-10-28 02:34:25', '2016-10-28 02:34:25'),
(826, 3, 2010, 58, '14586915040', 0, '2016-10-28 02:34:25', '2016-10-28 02:34:25'),
(827, 3, 2010, 59, '1646293357', 0, '2016-10-28 02:34:25', '2016-10-28 02:34:25'),
(828, 3, 2010, 60, '242876414681', 0, '2016-10-28 02:34:25', '2016-10-28 02:34:25'),
(829, 3, 2010, 63, '294320590034', 0, '2016-10-28 02:34:25', '2016-10-28 02:34:25'),
(830, 3, 2010, 64, '0', 0, '2016-10-28 02:34:25', '2016-10-28 02:34:25'),
(831, 3, 2010, 65, '112761461723', 0, '2016-10-28 02:34:25', '2016-10-28 02:34:25'),
(832, 3, 2010, 66, '928881875811', 0, '2016-10-28 02:34:25', '2016-10-28 02:34:25'),
(833, 3, 2010, 67, '1006650631435', 0, '2016-10-28 02:34:25', '2016-10-28 02:34:25'),
(834, 3, 2010, 68, '12547094121', 0, '2016-10-28 02:34:25', '2016-10-28 02:34:25'),
(835, 3, 2010, 69, '534532161924', 0, '2016-10-28 02:34:25', '2016-10-28 02:34:25'),
(836, 3, 2010, 70, '13036801679', 0, '2016-10-28 02:34:25', '2016-10-28 02:34:25'),
(837, 3, 2010, 73, '2347421517146', 0, '2016-10-28 02:34:25', '2016-10-28 02:34:25'),
(838, 3, 2010, 83, '132880063891', 0, '2016-10-28 02:34:25', '2016-10-28 03:01:16'),
(839, 3, 2010, 84, '11190346230241', 0, '2016-10-28 02:34:25', '2016-10-28 02:34:25'),
(840, 3, 2010, 86, '17618148945', 0, '2016-10-28 02:34:25', '2016-10-28 02:34:25'),
(841, 3, 2010, 87, '2212524278', 0, '2016-10-28 02:34:25', '2016-10-28 02:34:25'),
(842, 3, 2010, 93, '3726252370000', 0, '2016-10-28 02:34:25', '2016-10-28 02:34:25'),
(843, 3, 2010, 95, '1522259442223', 0, '2016-10-28 02:34:25', '2016-10-28 02:34:25'),
(844, 3, 2010, 98, '-720199415988', 0, '2016-10-28 02:34:25', '2016-10-28 03:02:52'),
(845, 3, 2010, 101, '1762837618', 0, '2016-10-28 02:34:25', '2016-10-28 02:34:25'),
(846, 3, 2010, 102, '2762837618', 0, '2016-10-28 02:34:25', '2016-10-28 02:34:25'),
(847, 3, 2010, 106, '2309813212524', 0, '2016-10-28 02:34:25', '2016-10-28 02:34:25'),
(848, 3, 2010, 1, '26146849247419', 0, '2016-10-28 02:34:25', '2016-10-28 02:58:42'),
(849, 3, 2010, 2, '26146849247419', 0, '2016-10-28 02:34:25', '2016-10-28 03:02:52'),
(850, 3, 2010, 3, '13326421549479', 0, '2016-10-28 02:34:25', '2016-10-28 02:58:42'),
(851, 3, 2010, 4, '12820427697940', 0, '2016-10-28 02:34:25', '2016-10-28 02:34:25'),
(852, 3, 2010, 5, '1515008976492', 0, '2016-10-28 02:34:25', '2016-10-28 02:34:25'),
(853, 3, 2010, 6, '3818932304721', 0, '2016-10-28 02:34:25', '2016-10-28 02:58:42'),
(854, 3, 2010, 7, '5663564994753', 0, '2016-10-28 02:34:25', '2016-10-28 02:34:25'),
(855, 3, 2010, 8, '2264169759164', 0, '2016-10-28 02:34:25', '2016-10-28 02:34:25'),
(856, 3, 2010, 9, '64745514349', 0, '2016-10-28 02:34:25', '2016-10-28 02:34:25'),
(857, 3, 2010, 37, '343228831680', 0, '2016-10-28 02:34:25', '2016-10-28 02:34:25'),
(858, 3, 2010, 38, '163686218038', 0, '2016-10-28 02:34:25', '2016-10-28 02:34:25'),
(859, 3, 2010, 44, '3646743623933', 0, '2016-10-28 02:34:25', '2016-10-28 02:34:25'),
(860, 3, 2010, 47, '4371157020787', 0, '2016-10-28 02:34:25', '2016-10-28 02:34:25'),
(861, 3, 2010, 50, '3855099377861', 0, '2016-10-28 02:34:25', '2016-10-28 02:34:25'),
(862, 3, 2010, 56, '361322428998', 0, '2016-10-28 02:34:25', '2016-10-28 02:34:25'),
(863, 3, 2010, 61, '16593209101228', 0, '2016-10-28 02:34:25', '2016-10-28 03:01:16'),
(864, 3, 2010, 62, '5250152133873', 0, '2016-10-28 02:34:25', '2016-10-28 02:34:25'),
(865, 3, 2010, 78, '11343056967355', 0, '2016-10-28 02:34:25', '2016-10-28 03:01:16'),
(866, 3, 2010, 91, '9553640146191', 0, '2016-10-28 02:34:25', '2016-10-28 03:02:52'),
(867, 3, 2010, 92, '9553640146191', 0, '2016-10-28 02:34:25', '2016-10-28 03:02:52'),
(868, 3, 2010, 104, '2309813212524', 0, '2016-10-28 02:34:25', '2016-10-28 02:34:25'),
(869, 3, 2010, 188, '179542613642', 0, '2016-10-28 02:34:25', '2016-10-28 02:34:25'),
(870, 3, 2010, 109, '2710988862196', 0, '2016-10-28 02:37:12', '2016-10-28 02:37:37'),
(871, 3, 2009, 11, '436412687932', 0, '2016-10-28 02:49:42', '2016-10-28 02:49:42'),
(872, 3, 2009, 12, '990526640000', 0, '2016-10-28 02:49:42', '2016-10-28 02:49:42'),
(873, 3, 2009, 13, '4927285308435', 0, '2016-10-28 02:49:42', '2016-10-28 03:03:22'),
(874, 3, 2009, 14, '-29275547847', 0, '2016-10-28 02:49:42', '2016-10-28 02:49:42'),
(875, 3, 2009, 15, '0', 0, '2016-10-28 02:49:42', '2016-10-28 03:03:32'),
(876, 3, 2009, 16, '342443869667', 0, '2016-10-28 02:49:42', '2016-10-28 02:49:42'),
(877, 3, 2009, 17, '355463866881', 0, '2016-10-28 02:49:42', '2016-10-28 02:49:42'),
(878, 3, 2009, 18, '268726877933', 0, '2016-10-28 02:49:42', '2016-10-28 02:49:42'),
(879, 3, 2009, 19, '0', 0, '2016-10-28 02:49:42', '2016-10-28 02:49:42'),
(880, 3, 2009, 20, '0', 0, '2016-10-28 02:49:42', '2016-10-28 02:49:42'),
(881, 3, 2009, 21, '41158746341', 0, '2016-10-28 02:49:42', '2016-10-28 02:49:42'),
(882, 3, 2009, 22, '0', 0, '2016-10-28 02:49:42', '2016-10-28 02:49:42'),
(883, 3, 2009, 23, '14806275272', 0, '2016-10-28 02:49:42', '2016-10-28 02:49:42'),
(884, 3, 2009, 24, '-403246082', 0, '2016-10-28 02:49:42', '2016-10-28 02:49:42'),
(885, 3, 2009, 25, '1872542207', 0, '2016-10-28 02:49:42', '2016-10-28 02:49:42'),
(886, 3, 2009, 26, '28062979422', 0, '2016-10-28 02:49:42', '2016-10-28 02:49:42'),
(887, 3, 2009, 29, '151223398869', 0, '2016-10-28 02:49:42', '2016-10-28 02:54:31'),
(888, 3, 2009, 39, '55826692051', 0, '2016-10-28 02:49:42', '2016-10-28 02:49:42'),
(889, 3, 2009, 40, '-16713144115', 0, '2016-10-28 02:49:42', '2016-10-28 02:49:42'),
(890, 3, 2009, 189, '535913156783', 0, '2016-10-28 02:49:42', '2016-10-28 02:49:42'),
(891, 3, 2009, 190, '-6275011360', 0, '2016-10-28 02:49:42', '2016-10-28 02:49:42'),
(892, 3, 2009, 45, '600013839112', 0, '2016-10-28 02:49:42', '2016-10-28 02:49:42'),
(893, 3, 2009, 46, '-69579691070', 0, '2016-10-28 02:49:42', '2016-10-28 02:49:42'),
(894, 3, 2009, 49, '3875683115010', 0, '2016-10-28 02:49:42', '2016-10-28 02:49:42'),
(895, 3, 2009, 52, '856932527070', 0, '2016-10-28 02:49:42', '2016-10-28 02:49:42'),
(896, 3, 2009, 53, '694831856363', 0, '2016-10-28 02:49:42', '2016-10-28 02:49:42'),
(897, 3, 2009, 54, '-105040000000', 0, '2016-10-28 02:49:42', '2016-10-28 02:49:42'),
(898, 3, 2009, 57, '267620149634', 0, '2016-10-28 02:49:42', '2016-10-28 02:49:42'),
(899, 3, 2009, 58, '7303813125', 0, '2016-10-28 02:49:42', '2016-10-28 02:49:42'),
(900, 3, 2009, 59, '715288064', 0, '2016-10-28 02:49:42', '2016-10-28 02:49:42'),
(901, 3, 2009, 60, '87724817948', 0, '2016-10-28 02:49:42', '2016-10-28 02:49:42'),
(902, 3, 2009, 63, '242288185273', 0, '2016-10-28 02:49:42', '2016-10-28 02:49:42'),
(903, 3, 2009, 65, '146078448800', 0, '2016-10-28 02:49:42', '2016-10-28 02:49:42'),
(904, 3, 2009, 66, '1087683691', 0, '2016-10-28 02:49:42', '2016-10-28 02:49:42'),
(905, 3, 2009, 67, '346648705412', 0, '2016-10-28 02:49:42', '2016-10-28 02:49:42'),
(906, 3, 2009, 68, '1918363142', 0, '2016-10-28 02:49:42', '2016-10-28 02:49:42'),
(907, 3, 2009, 69, '312980883203', 0, '2016-10-28 02:49:42', '2016-10-28 02:49:42'),
(908, 3, 2009, 70, '324552911770', 0, '2016-10-28 02:49:42', '2016-10-28 02:49:42'),
(909, 3, 2009, 73, '91337961521', 0, '2016-10-28 02:49:42', '2016-10-28 02:49:42'),
(910, 3, 2009, 83, '57941446017', 0, '2016-10-28 02:49:42', '2016-10-28 02:49:42'),
(911, 3, 2009, 84, '9014391841949', 0, '2016-10-28 02:49:42', '2016-10-28 02:49:42'),
(912, 3, 2009, 86, '136640382500', 0, '2016-10-28 02:49:42', '2016-10-28 02:49:42'),
(913, 3, 2009, 87, '1763629693', 0, '2016-10-28 02:49:42', '2016-10-28 02:49:42'),
(914, 3, 2009, 93, '1996272380000', 0, '2016-10-28 02:49:42', '2016-10-28 02:49:42'),
(915, 3, 2009, 95, '773354590000', 0, '2016-10-28 02:49:42', '2016-10-28 02:49:42'),
(916, 3, 2009, 98, '-1898164733713', 0, '2016-10-28 02:49:42', '2016-10-28 02:49:42'),
(917, 3, 2009, 100, '-11706526412', 0, '2016-10-28 02:49:42', '2016-10-28 02:49:42'),
(918, 3, 2009, 101, '1762837618', 0, '2016-10-28 02:49:42', '2016-10-28 02:49:42'),
(919, 3, 2009, 102, '1762837618', 0, '2016-10-28 02:49:42', '2016-10-28 02:49:42'),
(920, 3, 2009, 106, '1203661666297', 0, '2016-10-28 02:49:42', '2016-10-28 02:52:00'),
(921, 3, 2009, 109, '1568791562428', 0, '2016-10-28 02:49:42', '2016-10-28 02:49:42'),
(922, 3, 2009, 1, '14313365056807', 0, '2016-10-28 02:49:42', '2016-10-28 03:03:32'),
(923, 3, 2009, 2, '14313365056807', 0, '2016-10-28 02:49:42', '2016-10-28 02:52:00'),
(924, 3, 2009, 3, '7528407648192', 0, '2016-10-28 02:49:42', '2016-10-28 03:03:32'),
(925, 3, 2009, 4, '6784957408615', 0, '2016-10-28 02:49:42', '2016-10-28 02:49:42'),
(926, 3, 2009, 5, '1426939327932', 0, '2016-10-28 02:49:42', '2016-10-28 02:49:42'),
(927, 3, 2009, 6, '4898009760588', 0, '2016-10-28 02:49:42', '2016-10-28 03:03:32'),
(928, 3, 2009, 7, '1007793360822', 0, '2016-10-28 02:49:42', '2016-10-28 02:49:42'),
(929, 3, 2009, 8, '14403029190', 0, '2016-10-28 02:49:42', '2016-10-28 02:49:42'),
(930, 3, 2009, 9, '181262169660', 0, '2016-10-28 02:49:42', '2016-10-28 02:54:31'),
(931, 3, 2009, 37, '568751693359', 0, '2016-10-28 02:49:42', '2016-10-28 02:49:42'),
(932, 3, 2009, 38, '39113547936', 0, '2016-10-28 02:49:42', '2016-10-28 02:49:42'),
(933, 3, 2009, 44, '530434148042', 0, '2016-10-28 02:49:42', '2016-10-28 02:49:42'),
(934, 3, 2009, 47, '3875683115010', 0, '2016-10-28 02:49:42', '2016-10-28 02:49:42'),
(935, 3, 2009, 50, '1446724383433', 0, '2016-10-28 02:49:42', '2016-10-28 02:49:42'),
(936, 3, 2009, 56, '275639250823', 0, '2016-10-28 02:49:42', '2016-10-28 02:49:42'),
(937, 3, 2009, 61, '10677630442971', 0, '2016-10-28 02:49:42', '2016-10-28 02:49:42'),
(938, 3, 2009, 62, '1466893142812', 0, '2016-10-28 02:49:42', '2016-10-28 02:49:42'),
(939, 3, 2009, 78, '9210737300159', 0, '2016-10-28 02:49:42', '2016-10-28 02:49:42'),
(940, 3, 2009, 91, '3635734613836', 0, '2016-10-28 02:49:42', '2016-10-28 02:52:00'),
(941, 3, 2009, 92, '3635734613836', 0, '2016-10-28 02:49:42', '2016-10-28 02:52:00'),
(942, 3, 2009, 104, '1203661666297', 0, '2016-10-28 02:49:42', '2016-10-28 02:52:00'),
(943, 3, 2009, 188, '529638145423', 0, '2016-10-28 02:49:42', '2016-10-28 02:49:42'),
(944, 3, 2009, 27, '103249162', 0, '2016-10-28 02:50:56', '2016-10-28 02:50:56'),
(945, 3, 2008, 11, '496268403', 0, '2016-10-28 02:57:34', '2016-10-28 02:57:34'),
(946, 3, 2008, 12, '26351704474', 0, '2016-10-28 02:57:34', '2016-10-28 02:57:34'),
(947, 3, 2008, 1, '6021566399923', 0, '2016-10-28 02:57:34', '2016-10-28 03:19:39'),
(948, 3, 2008, 3, '2373803866870', 0, '2016-10-28 02:57:34', '2016-10-28 03:14:32'),
(949, 3, 2008, 5, '26847972877', 0, '2016-10-28 02:57:34', '2016-10-28 02:57:34'),
(950, 3, 2008, 13, '1646607967589', 0, '2016-10-28 03:14:32', '2016-10-28 03:14:32'),
(951, 3, 2008, 14, '-16123285750', 0, '2016-10-28 03:14:32', '2016-10-28 03:14:32'),
(952, 3, 2008, 16, '6775778447', 0, '2016-10-28 03:14:32', '2016-10-28 03:14:32'),
(953, 3, 2008, 17, '122754931703', 0, '2016-10-28 03:14:32', '2016-10-28 03:14:32'),
(954, 3, 2008, 18, '118513109043', 0, '2016-10-28 03:14:32', '2016-10-28 03:14:32'),
(955, 3, 2008, 21, '241210143189', 0, '2016-10-28 03:14:32', '2016-10-28 03:14:32'),
(956, 3, 2008, 23, '25179877914', 0, '2016-10-28 03:14:32', '2016-10-28 03:14:32'),
(957, 3, 2008, 25, '8913015589', 0, '2016-10-28 03:14:32', '2016-10-28 03:14:32'),
(958, 3, 2008, 26, '32827451241', 0, '2016-10-28 03:14:32', '2016-10-28 03:14:32'),
(959, 3, 2008, 29, '160296905028', 0, '2016-10-28 03:14:32', '2016-10-28 03:14:32'),
(960, 3, 2008, 39, '37353336482', 0, '2016-10-28 03:14:32', '2016-10-28 03:14:32'),
(961, 3, 2008, 40, '-10051906114', 0, '2016-10-28 03:14:32', '2016-10-28 03:14:32'),
(962, 3, 2008, 189, '100007328061', 0, '2016-10-28 03:14:32', '2016-10-28 03:14:32'),
(963, 3, 2008, 190, '-868220744', 0, '2016-10-28 03:14:32', '2016-10-28 03:14:32'),
(964, 3, 2008, 45, '298443641529', 0, '2016-10-28 03:14:32', '2016-10-28 03:14:32'),
(965, 3, 2008, 46, '-53180662388', 0, '2016-10-28 03:14:32', '2016-10-28 03:19:39'),
(966, 3, 2008, 49, '2131521692083', 0, '2016-10-28 03:14:32', '2016-10-28 03:14:32'),
(967, 3, 2008, 51, '150000000', 0, '2016-10-28 03:14:32', '2016-10-28 03:14:32'),
(968, 3, 2008, 52, '700917786262', 0, '2016-10-28 03:14:32', '2016-10-28 03:14:32'),
(969, 3, 2008, 53, '236901000000', 0, '2016-10-28 03:14:32', '2016-10-28 03:14:32'),
(970, 3, 2008, 57, '171529401566', 0, '2016-10-28 03:14:32', '2016-10-28 03:14:32'),
(971, 3, 2008, 59, '35039136316', 0, '2016-10-28 03:14:32', '2016-10-28 03:14:32'),
(972, 3, 2008, 63, '622000000000', 0, '2016-10-28 03:14:32', '2016-10-28 03:14:32'),
(973, 3, 2008, 65, '60547572489', 0, '2016-10-28 03:14:32', '2016-10-28 03:14:32'),
(974, 3, 2008, 66, '766170861', 0, '2016-10-28 03:14:32', '2016-10-28 03:14:32'),
(975, 3, 2008, 67, '10190514801', 0, '2016-10-28 03:14:32', '2016-10-28 03:14:32'),
(976, 3, 2008, 68, '3507420908', 0, '2016-10-28 03:14:32', '2016-10-28 03:14:32'),
(977, 3, 2008, 69, '275269261793', 0, '2016-10-28 03:14:32', '2016-10-28 03:16:59'),
(978, 3, 2008, 70, '433028602', 0, '2016-10-28 03:14:32', '2016-10-28 03:14:32'),
(979, 3, 2008, 73, '129382370722', 0, '2016-10-28 03:14:32', '2016-10-28 03:14:32'),
(980, 3, 2008, 83, '129327480430', 0, '2016-10-28 03:14:32', '2016-10-28 03:14:32'),
(981, 3, 2008, 84, '3165800000000', 0, '2016-10-28 03:14:32', '2016-10-28 03:14:32'),
(982, 3, 2008, 87, '1839475000', 0, '2016-10-28 03:14:32', '2016-10-28 03:14:32'),
(983, 3, 2008, 93, '1199831560000', 0, '2016-10-28 03:14:32', '2016-10-28 03:14:32'),
(984, 3, 2008, 95, '773354590000', 0, '2016-10-28 03:14:32', '2016-10-28 03:14:32'),
(985, 3, 2008, 97, '4165459', 0, '2016-10-28 03:14:32', '2016-10-28 03:14:32'),
(986, 3, 2008, 98, '-869327434323', 0, '2016-10-28 03:14:32', '2016-10-28 03:14:32'),
(987, 3, 2008, 102, '4165459', 0, '2016-10-28 03:14:32', '2016-10-28 03:14:32'),
(988, 3, 2008, 106, '394067232960', 0, '2016-10-28 03:14:32', '2016-10-28 03:14:32'),
(989, 3, 2008, 109, '124568824762', 0, '2016-10-28 03:14:32', '2016-10-28 03:14:32'),
(990, 3, 2008, 2, '6021566399923', 0, '2016-10-28 03:14:32', '2016-10-28 03:16:59'),
(991, 3, 2008, 4, '3647762533053', 0, '2016-10-28 03:14:32', '2016-10-28 03:19:39'),
(992, 3, 2008, 6, '1630484681839', 0, '2016-10-28 03:14:32', '2016-10-28 03:14:32'),
(993, 3, 2008, 7, '489253962382', 0, '2016-10-28 03:14:32', '2016-10-28 03:14:32'),
(994, 3, 2008, 8, '25179877914', 0, '2016-10-28 03:14:32', '2016-10-28 03:14:32'),
(995, 3, 2008, 9, '202037371858', 0, '2016-10-28 03:14:32', '2016-10-28 03:14:32'),
(996, 3, 2008, 37, '126440537685', 0, '2016-10-28 03:14:32', '2016-10-28 03:14:32'),
(997, 3, 2008, 38, '27301430368', 0, '2016-10-28 03:14:32', '2016-10-28 03:14:32'),
(998, 3, 2008, 44, '245262979141', 0, '2016-10-28 03:14:32', '2016-10-28 03:19:39'),
(999, 3, 2008, 47, '2131521692083', 0, '2016-10-28 03:14:32', '2016-10-28 03:14:32'),
(1000, 3, 2008, 50, '937968786262', 0, '2016-10-28 03:14:32', '2016-10-28 03:14:32'),
(1001, 3, 2008, 56, '206568537882', 0, '2016-10-28 03:14:32', '2016-10-28 03:14:32'),
(1002, 3, 2008, 61, '4399063295606', 0, '2016-10-28 03:14:32', '2016-10-28 03:16:59'),
(1003, 3, 2008, 62, '1102096340176', 0, '2016-10-28 03:14:32', '2016-10-28 03:16:59'),
(1004, 3, 2008, 78, '3296966955430', 0, '2016-10-28 03:14:32', '2016-10-28 03:14:32'),
(1005, 3, 2008, 91, '1622503104317', 0, '2016-10-28 03:14:32', '2016-10-28 03:14:32'),
(1006, 3, 2008, 92, '1622503104317', 0, '2016-10-28 03:14:32', '2016-10-28 03:14:32'),
(1007, 3, 2008, 104, '394067232960', 0, '2016-10-28 03:14:32', '2016-10-28 03:14:32'),
(1008, 3, 2008, 188, '99139107317', 0, '2016-10-28 03:14:32', '2016-10-28 03:14:32'),
(1009, 3, 2007, 11, '497490168093', 0, '2016-10-28 03:35:43', '2016-10-28 03:35:43'),
(1010, 3, 2007, 13, '1749776649600', 0, '2016-10-28 03:35:43', '2016-10-28 03:35:43'),
(1011, 3, 2007, 16, '2625287470', 0, '2016-10-28 03:35:43', '2016-10-28 03:35:43'),
(1012, 3, 2007, 17, '22414277558', 0, '2016-10-28 03:35:43', '2016-10-28 03:35:43'),
(1013, 3, 2007, 18, '16706017994', 0, '2016-10-28 03:35:43', '2016-10-28 03:35:43'),
(1014, 3, 2007, 19, '243939103111', 0, '2016-10-28 03:35:43', '2016-10-28 03:35:43'),
(1015, 3, 2007, 23, '135595299', 0, '2016-10-28 03:35:43', '2016-10-28 03:35:43'),
(1016, 3, 2007, 25, '1555364209', 0, '2016-10-28 03:35:43', '2016-10-28 03:35:43'),
(1017, 3, 2007, 26, '213494065', 0, '2016-10-28 03:35:43', '2016-10-28 03:35:43'),
(1018, 3, 2007, 27, '4620000', 0, '2016-10-28 03:35:43', '2016-10-28 03:35:43'),
(1019, 3, 2007, 29, '13740000', 0, '2016-10-28 03:35:43', '2016-10-28 03:35:43'),
(1020, 3, 2007, 39, '19426183330', 0, '2016-10-28 03:35:43', '2016-10-28 03:37:12'),
(1021, 3, 2007, 40, '-7038647826', 0, '2016-10-28 03:35:43', '2016-10-28 03:35:43'),
(1022, 3, 2007, 189, '326099071', 0, '2016-10-28 03:35:43', '2016-10-28 03:35:43'),
(1023, 3, 2007, 190, '-108702628', 0, '2016-10-28 03:35:43', '2016-10-28 03:35:43'),
(1024, 3, 2007, 45, '298265805682', 0, '2016-10-28 03:35:43', '2016-10-28 03:35:43'),
(1025, 3, 2007, 46, '-39591977772', 0, '2016-10-28 03:35:43', '2016-10-28 03:35:43'),
(1026, 3, 2007, 49, '103837137732', 0, '2016-10-28 03:35:43', '2016-10-28 03:35:43'),
(1027, 3, 2007, 51, '130000000', 0, '2016-10-28 03:35:43', '2016-10-28 03:35:43'),
(1028, 3, 2007, 53, '76381288000', 0, '2016-10-28 03:35:43', '2016-10-28 03:35:43'),
(1029, 3, 2007, 57, '24711139688', 0, '2016-10-28 03:35:43', '2016-10-28 03:35:43'),
(1030, 3, 2007, 59, '168611112000', 0, '2016-10-28 03:35:43', '2016-10-28 03:35:43'),
(1031, 3, 2007, 65, '1065476070', 0, '2016-10-28 03:35:43', '2016-10-28 03:35:43'),
(1032, 3, 2007, 66, '851445893', 0, '2016-10-28 03:35:43', '2016-10-28 03:35:43'),
(1033, 3, 2007, 67, '58183461558', 0, '2016-10-28 03:35:43', '2016-10-28 03:35:43'),
(1034, 3, 2007, 68, '2064719027', 0, '2016-10-28 03:35:43', '2016-10-28 03:35:43'),
(1035, 3, 2007, 69, '24401466293', 0, '2016-10-28 03:35:43', '2016-10-28 03:35:43'),
(1036, 3, 2007, 73, '113202445716', 0, '2016-10-28 03:35:43', '2016-10-28 03:35:43'),
(1037, 3, 2007, 79, '46241772470', 0, '2016-10-28 03:35:43', '2016-10-28 03:35:43'),
(1038, 3, 2007, 84, '1000000000000', 0, '2016-10-28 03:35:43', '2016-10-28 03:35:43'),
(1039, 3, 2007, 87, '675641964', 0, '2016-10-28 03:35:43', '2016-10-28 03:35:43'),
(1040, 3, 2007, 93, '800000000000', 0, '2016-10-28 03:35:43', '2016-10-28 03:35:43'),
(1041, 3, 2007, 95, '773354590000', 0, '2016-10-28 03:35:43', '2016-10-28 03:35:43'),
(1042, 3, 2007, 106, '269350462935', 0, '2016-10-28 03:35:43', '2016-10-28 03:35:43'),
(1043, 3, 2007, 109, '90432272750', 0, '2016-10-28 03:35:43', '2016-10-28 03:35:43'),
(1044, 3, 2007, 1, '3179823754676', 0, '2016-10-28 03:35:43', '2016-10-28 03:37:12'),
(1045, 3, 2007, 2, '3179823754676', 0, '2016-10-28 03:35:43', '2016-10-28 03:35:43'),
(1046, 3, 2007, 3, '2534874317399', 0, '2016-10-28 03:35:43', '2016-10-28 03:35:43'),
(1047, 3, 2007, 4, '644949437277', 0, '2016-10-28 03:35:43', '2016-10-28 03:37:12'),
(1048, 3, 2007, 5, '497490168093', 0, '2016-10-28 03:35:43', '2016-10-28 03:35:43'),
(1049, 3, 2007, 6, '1749776649600', 0, '2016-10-28 03:35:43', '2016-10-28 03:35:43'),
(1050, 3, 2007, 7, '285684686133', 0, '2016-10-28 03:35:43', '2016-10-28 03:35:43'),
(1051, 3, 2007, 8, '135595299', 0, '2016-10-28 03:35:43', '2016-10-28 03:35:43'),
(1052, 3, 2007, 9, '1787218274', 0, '2016-10-28 03:35:43', '2016-10-28 03:35:43'),
(1053, 3, 2007, 37, '12604931947', 0, '2016-10-28 03:35:43', '2016-10-28 03:37:12'),
(1054, 3, 2007, 38, '12387535504', 0, '2016-10-28 03:35:43', '2016-10-28 03:37:12'),
(1055, 3, 2007, 44, '258673827910', 0, '2016-10-28 03:35:43', '2016-10-28 03:35:43'),
(1056, 3, 2007, 47, '103837137732', 0, '2016-10-28 03:35:43', '2016-10-28 03:35:43'),
(1057, 3, 2007, 50, '76511288000', 0, '2016-10-28 03:35:43', '2016-10-28 03:35:43'),
(1058, 3, 2007, 56, '193322251688', 0, '2016-10-28 03:35:43', '2016-10-28 03:35:43'),
(1059, 3, 2007, 61, '1246686428991', 0, '2016-10-28 03:35:43', '2016-10-28 03:35:43'),
(1060, 3, 2007, 62, '199769014557', 0, '2016-10-28 03:35:43', '2016-10-28 03:35:43'),
(1061, 3, 2007, 78, '1046917414434', 0, '2016-10-28 03:35:43', '2016-10-28 03:35:43'),
(1062, 3, 2007, 91, '1933137325685', 0, '2016-10-28 03:35:43', '2016-10-28 03:35:43'),
(1063, 3, 2007, 92, '1933137325685', 0, '2016-10-28 03:35:43', '2016-10-28 03:35:43'),
(1064, 3, 2007, 104, '269350462935', 0, '2016-10-28 03:35:43', '2016-10-28 03:35:43'),
(1065, 3, 2007, 188, '217396443', 0, '2016-10-28 03:35:43', '2016-10-28 03:35:43'),
(1066, 3, 2006, 11, '96401314954', 0, '2016-10-28 03:45:11', '2016-10-28 03:45:11'),
(1067, 3, 2006, 13, '244742000000', 0, '2016-10-28 03:45:11', '2016-10-28 03:45:11'),
(1068, 3, 2006, 16, '2933704720', 0, '2016-10-28 03:45:11', '2016-10-28 03:45:11'),
(1069, 3, 2006, 17, '3615305866', 0, '2016-10-28 03:45:11', '2016-10-28 03:45:11'),
(1070, 3, 2006, 18, '3183976400', 0, '2016-10-28 03:45:11', '2016-10-28 03:45:11'),
(1071, 3, 2006, 21, '3750903734', 0, '2016-10-28 03:45:11', '2016-10-28 03:45:11'),
(1072, 3, 2006, 23, '79380484', 0, '2016-10-28 03:45:11', '2016-10-28 03:45:11'),
(1073, 3, 2006, 25, '355252262', 0, '2016-10-28 03:45:11', '2016-10-28 03:45:11'),
(1074, 3, 2006, 39, '13036145501', 0, '2016-10-28 03:45:11', '2016-10-28 03:45:11'),
(1075, 3, 2006, 40, '-4085579412', 0, '2016-10-28 03:45:11', '2016-10-28 03:45:11'),
(1076, 3, 2006, 189, '65465000', 0, '2016-10-28 03:45:11', '2016-10-28 03:45:11'),
(1077, 3, 2006, 190, '-25815300', 0, '2016-10-28 03:45:11', '2016-10-28 03:45:11'),
(1078, 3, 2006, 45, '296325155818', 0, '2016-10-28 03:45:11', '2016-10-28 03:45:11'),
(1079, 3, 2006, 46, '-25913738402', 0, '2016-10-28 03:45:11', '2016-10-28 03:45:11'),
(1080, 3, 2006, 49, '2206553829', 0, '2016-10-28 03:45:11', '2016-10-28 03:45:11'),
(1081, 3, 2006, 51, '815199000', 0, '2016-10-28 03:45:11', '2016-10-28 03:46:52'),
(1082, 3, 2006, 53, '26589634000', 0, '2016-10-28 03:45:11', '2016-10-28 03:45:11'),
(1083, 3, 2006, 57, '10332507194', 0, '2016-10-28 03:45:11', '2016-10-28 03:45:11'),
(1084, 3, 2006, 58, '1000000', 0, '2016-10-28 03:45:11', '2016-10-28 03:45:11'),
(1085, 3, 2006, 65, '3660622603', 0, '2016-10-28 03:45:11', '2016-10-28 03:45:11'),
(1086, 3, 2006, 66, '182014760', 0, '2016-10-28 03:45:11', '2016-10-28 03:45:11'),
(1087, 3, 2006, 67, '24364673473', 0, '2016-10-28 03:45:11', '2016-10-28 03:45:11'),
(1088, 3, 2006, 68, '129400659', 0, '2016-10-28 03:45:11', '2016-10-28 03:45:11'),
(1089, 3, 2006, 69, '2734419630', 0, '2016-10-28 03:45:11', '2016-10-28 03:45:11'),
(1090, 3, 2006, 73, '25353810790', 0, '2016-10-28 03:45:11', '2016-10-28 03:45:11'),
(1091, 3, 2006, 83, '23461999439', 0, '2016-10-28 03:45:11', '2016-10-28 03:45:11'),
(1092, 3, 2006, 93, '313500000000', 0, '2016-10-28 03:45:11', '2016-10-28 03:45:11'),
(1093, 3, 2006, 106, '281021424294', 0, '2016-10-28 03:45:11', '2016-10-28 03:45:11'),
(1094, 3, 2006, 1, '674408365648', 0, '2016-10-28 03:45:11', '2016-10-28 03:46:52'),
(1095, 3, 2006, 2, '674408365648', 0, '2016-10-28 03:45:11', '2016-10-28 03:45:11'),
(1096, 3, 2006, 3, '355061838420', 0, '2016-10-28 03:45:11', '2016-10-28 03:45:11'),
(1097, 3, 2006, 4, '319346527228', 0, '2016-10-28 03:45:11', '2016-10-28 03:46:52'),
(1098, 3, 2006, 5, '96401314954', 0, '2016-10-28 03:45:11', '2016-10-28 03:45:11'),
(1099, 3, 2006, 6, '244742000000', 0, '2016-10-28 03:45:11', '2016-10-28 03:45:11'),
(1100, 3, 2006, 7, '13483890720', 0, '2016-10-28 03:45:11', '2016-10-28 03:45:11'),
(1101, 3, 2006, 8, '79380484', 0, '2016-10-28 03:45:11', '2016-10-28 03:45:11'),
(1102, 3, 2006, 9, '355252262', 0, '2016-10-28 03:45:11', '2016-10-28 03:45:11'),
(1103, 3, 2006, 37, '8990215789', 0, '2016-10-28 03:45:11', '2016-10-28 03:45:11'),
(1104, 3, 2006, 38, '8950566089', 0, '2016-10-28 03:45:11', '2016-10-28 03:45:11'),
(1105, 3, 2006, 44, '270411417416', 0, '2016-10-28 03:45:11', '2016-10-28 03:45:11'),
(1106, 3, 2006, 47, '2206553829', 0, '2016-10-28 03:45:11', '2016-10-28 03:45:11'),
(1107, 3, 2006, 50, '27404833000', 0, '2016-10-28 03:45:11', '2016-10-28 03:46:52'),
(1108, 3, 2006, 56, '10333507194', 0, '2016-10-28 03:45:11', '2016-10-28 03:45:11'),
(1109, 3, 2006, 61, '79886941354', 0, '2016-10-28 03:45:11', '2016-10-28 03:45:11'),
(1110, 3, 2006, 62, '56424941915', 0, '2016-10-28 03:45:11', '2016-10-28 03:45:11'),
(1111, 3, 2006, 78, '23461999439', 0, '2016-10-28 03:45:11', '2016-10-28 03:45:11'),
(1112, 3, 2006, 91, '594521424294', 0, '2016-10-28 03:45:11', '2016-10-28 03:45:11'),
(1113, 3, 2006, 92, '594521424294', 0, '2016-10-28 03:45:11', '2016-10-28 03:45:11'),
(1114, 3, 2006, 104, '281021424294', 0, '2016-10-28 03:45:11', '2016-10-28 03:45:11'),
(1115, 3, 2006, 188, '39649700', 0, '2016-10-28 03:45:11', '2016-10-28 03:45:11'),
(1116, 3, 2005, 11, '3340817299', 0, '2016-10-28 03:53:37', '2016-10-28 03:53:37'),
(1117, 3, 2005, 16, '1146370606', 0, '2016-10-28 03:53:37', '2016-10-28 03:53:37'),
(1118, 3, 2005, 17, '2946223107', 0, '2016-10-28 03:53:37', '2016-10-28 03:53:37'),
(1119, 3, 2005, 21, '492192493', 0, '2016-10-28 03:53:37', '2016-10-28 03:53:37'),
(1120, 3, 2005, 23, '91605977', 0, '2016-10-28 03:53:37', '2016-10-28 03:53:37'),
(1121, 3, 2005, 26, '314549396', 0, '2016-10-28 03:53:37', '2016-10-28 03:53:37'),
(1122, 3, 2005, 31, '320892910', 0, '2016-10-28 03:53:37', '2016-10-28 03:53:37'),
(1123, 3, 2005, 39, '13289809591', 0, '2016-10-28 03:53:37', '2016-10-28 03:53:37'),
(1124, 3, 2005, 40, '-1833041515', 0, '2016-10-28 03:53:37', '2016-10-28 03:53:37'),
(1125, 3, 2005, 189, '37900000', 0, '2016-10-28 03:53:37', '2016-10-28 03:53:37'),
(1126, 3, 2005, 190, '-3158334', 0, '2016-10-28 03:53:37', '2016-10-28 03:53:37'),
(1127, 3, 2005, 45, '432349433923', 0, '2016-10-28 03:53:37', '2016-10-28 03:53:37'),
(1128, 3, 2005, 46, '-19290394201', 0, '2016-10-28 03:53:37', '2016-10-28 03:53:37'),
(1129, 3, 2005, 49, '9425427621', 0, '2016-10-28 03:53:37', '2016-10-28 03:53:37'),
(1130, 3, 2005, 51, '251000000', 0, '2016-10-28 03:53:37', '2016-10-28 03:53:37'),
(1131, 3, 2005, 52, '2500000000', 0, '2016-10-28 03:53:37', '2016-10-28 03:53:37'),
(1132, 3, 2005, 53, '25000000000', 0, '2016-10-28 03:53:37', '2016-10-28 03:53:37'),
(1133, 3, 2005, 57, '18765107645', 0, '2016-10-28 03:53:37', '2016-10-28 03:53:37'),
(1134, 3, 2005, 58, '1000000', 0, '2016-10-28 03:53:37', '2016-10-28 03:53:37'),
(1135, 3, 2005, 64, '0', 0, '2016-10-28 03:53:37', '2016-10-28 03:53:37'),
(1136, 3, 2005, 65, '6181190239', 0, '2016-10-28 03:53:37', '2016-10-28 03:53:37'),
(1137, 3, 2005, 66, '310658403', 0, '2016-10-28 03:53:37', '2016-10-28 03:53:37'),
(1138, 3, 2005, 67, '64413047', 0, '2016-10-28 03:53:37', '2016-10-28 03:53:37'),
(1139, 3, 2005, 68, '47649099', 0, '2016-10-28 03:53:37', '2016-10-28 03:53:37'),
(1140, 3, 2005, 69, '6542033134', 0, '2016-10-28 03:53:37', '2016-10-28 03:53:37'),
(1141, 3, 2005, 73, '39704379571', 0, '2016-10-28 03:53:37', '2016-10-28 03:53:37'),
(1142, 3, 2005, 83, '122512163461', 0, '2016-10-28 03:53:37', '2016-10-28 03:53:37'),
(1143, 3, 2005, 93, '250749000000', 0, '2016-10-28 03:53:37', '2016-10-28 03:54:33'),
(1144, 3, 2005, 106, '63034249564', 0, '2016-10-28 03:53:37', '2016-10-28 03:53:37'),
(1145, 3, 2005, 1, '489145736518', 0, '2016-10-28 03:53:37', '2016-10-28 03:53:37'),
(1146, 3, 2005, 2, '489145736518', 0, '2016-10-28 03:53:37', '2016-10-28 03:54:33'),
(1147, 3, 2005, 3, '8331758878', 0, '2016-10-28 03:53:37', '2016-10-28 03:53:37'),
(1148, 3, 2005, 4, '480813977640', 0, '2016-10-28 03:53:37', '2016-10-28 03:53:37'),
(1149, 3, 2005, 5, '3340817299', 0, '2016-10-28 03:53:37', '2016-10-28 03:53:37'),
(1150, 3, 2005, 7, '4584786206', 0, '2016-10-28 03:53:37', '2016-10-28 03:53:37'),
(1151, 3, 2005, 8, '91605977', 0, '2016-10-28 03:53:37', '2016-10-28 03:53:37'),
(1152, 3, 2005, 9, '314549396', 0, '2016-10-28 03:53:37', '2016-10-28 03:53:37'),
(1153, 3, 2005, 30, '320892910', 0, '2016-10-28 03:53:37', '2016-10-28 03:53:37'),
(1154, 3, 2005, 37, '11491509742', 0, '2016-10-28 03:53:37', '2016-10-28 03:53:37'),
(1155, 3, 2005, 38, '11456768076', 0, '2016-10-28 03:53:37', '2016-10-28 03:53:37'),
(1156, 3, 2005, 44, '413059039722', 0, '2016-10-28 03:53:37', '2016-10-28 03:53:37'),
(1157, 3, 2005, 47, '9425427621', 0, '2016-10-28 03:53:37', '2016-10-28 03:53:37'),
(1158, 3, 2005, 50, '27751000000', 0, '2016-10-28 03:53:37', '2016-10-28 03:53:37'),
(1159, 3, 2005, 56, '18766107645', 0, '2016-10-28 03:53:37', '2016-10-28 03:53:37'),
(1160, 3, 2005, 61, '175362486954', 0, '2016-10-28 03:53:37', '2016-10-28 03:53:37'),
(1161, 3, 2005, 62, '52850323493', 0, '2016-10-28 03:53:37', '2016-10-28 03:53:37'),
(1162, 3, 2005, 78, '122512163461', 0, '2016-10-28 03:53:37', '2016-10-28 03:53:37'),
(1163, 3, 2005, 91, '313783249564', 0, '2016-10-28 03:53:37', '2016-10-28 03:54:33'),
(1164, 3, 2005, 92, '313783249564', 0, '2016-10-28 03:53:37', '2016-10-28 03:54:33'),
(1165, 3, 2005, 104, '63034249564', 0, '2016-10-28 03:53:37', '2016-10-28 03:53:37'),
(1166, 3, 2005, 188, '34741666', 0, '2016-10-28 03:53:37', '2016-10-28 03:53:37');

-- --------------------------------------------------------

--
-- Table structure for table `capital`
--

CREATE TABLE `capital` (
  `id` int(11) NOT NULL,
  `company_id` int(11) NOT NULL,
  `reason` varchar(285) CHARACTER SET utf8 DEFAULT NULL,
  `quantity` int(11) NOT NULL,
  `price` int(11) DEFAULT NULL,
  `share_outstanding` int(11) NOT NULL,
  `list_date` datetime NOT NULL,
  `updated_date` datetime NOT NULL,
  `del` tinyint(4) NOT NULL DEFAULT '0'
) ENGINE=MyISAM DEFAULT CHARSET=latin1;

--
-- Dumping data for table `capital`
--

INSERT INTO `capital` (`id`, `company_id`, `reason`, `quantity`, `price`, `share_outstanding`, `list_date`, `updated_date`, `del`) VALUES
(1, 1, 'Nim yt c phiu', 1800000, 10000, 1800000, '2009-12-09 00:00:00', '2016-11-23 02:21:48', 0),
(2, 1, 'Pht hnh c phiu ring l', 700000, 10000, 2500000, '2010-01-14 00:00:00', '2016-11-22 08:11:40', 0),
(3, 1, 'Pht hnh c phiu ring l v pht hnh cho c ng hin hu', 7500000, 10000, 10000000, '2010-02-08 00:00:00', '2016-11-22 08:11:33', 0),
(4, 1, 'Pht hnh c phiu ring l v pht hnh cho c ng hin hu', 7000000, 10000, 17000000, '2011-10-05 00:00:00', '2016-11-22 07:43:31', 0),
(5, 1, 'Pht hnh ring l', 60180000, 10000, 77180000, '2012-06-15 00:00:00', '2016-11-22 07:43:09', 0),
(6, 1, 'Pht hnh cho c ng hin hu t l 1:1', 77180000, 10000, 154360000, '2014-04-29 00:00:00', '2016-11-22 07:52:11', 0),
(7, 1, 'Pht hnh c phiu tr c tc t l 4%', 6173882, 0, 160533882, '2014-09-03 00:00:00', '2016-11-22 08:13:20', 0),
(8, 1, 'Pht hnh c phiu cho c ng hin hu', 154360000, 10000, 314893882, '2014-09-09 00:00:00', '2016-11-22 08:09:25', 0),
(9, 1, 'Pht hnh c phiu ring l cho cc nh u t', 60000000, 10200, 374893882, '2015-01-13 00:00:00', '2016-12-12 09:13:46', 0),
(10, 1, 'Chuyn i tri phiu chuyn i thnh c phiu', 80000000, 0, 454893882, '2015-05-27 00:00:00', '2016-11-22 08:23:42', 0),
(11, 1, 'Pht hnh c phiu  tng vn c phn t ngun vn ch s hu', 74977651, 10000, 529871533, '2015-06-14 00:00:00', '2016-11-22 08:29:09', 0),
(12, 1, 'Pht hnh c phiu cho c ng hin hu t l 59:20', 108167204, 10000, 638038737, '2016-09-08 00:00:00', '2016-11-22 08:32:46', 0),
(13, 2, 'df', 123, 0, 638038860, '2016-11-09 00:00:00', '2016-11-23 03:47:29', 0);

-- --------------------------------------------------------

--
-- Table structure for table `cashflow`
--

CREATE TABLE `cashflow` (
  `id` int(11) NOT NULL,
  `company_id` int(11) NOT NULL,
  `year` smallint(6) NOT NULL,
  `param_id` int(11) NOT NULL,
  `value` varchar(255) NOT NULL,
  `del` tinyint(4) NOT NULL DEFAULT '0',
  `created_date` datetime NOT NULL,
  `updated_date` datetime NOT NULL
) ENGINE=MyISAM DEFAULT CHARSET=latin1;

--
-- Dumping data for table `cashflow`
--

INSERT INTO `cashflow` (`id`, `company_id`, `year`, `param_id`, `value`, `del`, `created_date`, `updated_date`) VALUES
(1, 1, 2015, 136, '1157708960821', 0, '2016-10-19 06:57:28', '2016-10-19 06:57:28'),
(2, 1, 2015, 138, '27960503622', 0, '2016-10-19 06:57:28', '2016-10-19 06:57:28'),
(3, 1, 2015, 139, '102100000', 0, '2016-10-19 06:57:28', '2016-10-19 06:57:28'),
(4, 1, 2015, 142, '865799', 0, '2016-10-19 06:57:28', '2016-10-19 06:57:28'),
(5, 1, 2015, 144, '-680738877187', 0, '2016-10-19 06:57:28', '2016-10-19 06:57:28'),
(6, 1, 2015, 147, '42515901673', 0, '2016-10-19 06:57:28', '2016-10-19 06:57:28'),
(7, 1, 2015, 150, '-8957867664626', 0, '2016-10-19 06:57:28', '2016-10-19 06:57:28'),
(8, 1, 2015, 151, '-5768366895030', 0, '2016-10-19 06:57:28', '2016-10-19 06:57:28'),
(9, 1, 2015, 152, '1294178137374', 0, '2016-10-19 06:57:28', '2016-10-19 06:57:28'),
(10, 1, 2015, 153, '-45485980709', 0, '2016-10-19 06:57:28', '2016-10-19 06:57:28'),
(11, 1, 2015, 155, '-42515901673', 0, '2016-10-19 06:57:28', '2016-10-19 06:57:28'),
(12, 1, 2015, 156, '-23788618249', 0, '2016-10-19 06:57:28', '2016-10-19 06:57:28'),
(13, 1, 2015, 157, '14352000', 0, '2016-10-19 06:57:28', '2016-10-19 06:57:28'),
(14, 1, 2015, 158, '-3906894200', 0, '2016-10-19 06:57:28', '2016-10-19 06:57:28'),
(15, 1, 2015, 135, '-13000190010385', 0, '2016-10-19 06:57:28', '2016-10-19 06:57:28'),
(16, 1, 2015, 137, '-610159506093', 0, '2016-10-19 06:57:28', '2016-10-19 06:57:28'),
(17, 1, 2015, 149, '-13547739465113', 0, '2016-10-19 06:57:28', '2016-10-19 06:57:28'),
(18, 1, 2015, 136, '1157708960821', 0, '2016-10-19 06:58:45', '2016-10-19 06:58:45'),
(19, 1, 2015, 138, '27960503622', 0, '2016-10-19 06:58:45', '2016-10-19 06:58:45'),
(20, 1, 2015, 139, '102100000', 0, '2016-10-19 06:58:45', '2016-10-19 06:58:45'),
(21, 1, 2015, 142, '865799', 0, '2016-10-19 06:58:45', '2016-10-19 06:58:45'),
(22, 1, 2015, 144, '-680738877187', 0, '2016-10-19 06:58:45', '2016-10-19 06:58:45'),
(23, 1, 2015, 147, '42515901673', 0, '2016-10-19 06:58:45', '2016-10-19 06:58:45'),
(24, 1, 2015, 150, '-895786766462', 0, '2016-10-19 06:58:45', '2016-10-19 06:58:45'),
(25, 1, 2015, 151, '-5768366895030', 0, '2016-10-19 06:58:45', '2016-10-19 06:58:45'),
(26, 1, 2015, 152, '1294178137374', 0, '2016-10-19 06:58:45', '2016-10-19 06:58:45'),
(27, 1, 2015, 153, '-45485980709', 0, '2016-10-19 06:58:45', '2016-10-19 06:58:45'),
(28, 1, 2015, 155, '-42515901673', 0, '2016-10-19 06:58:45', '2016-10-19 06:58:45'),
(29, 1, 2015, 156, '-23788618249', 0, '2016-10-19 06:58:45', '2016-10-19 06:58:45'),
(30, 1, 2015, 157, '14352000', 0, '2016-10-19 06:58:45', '2016-10-19 06:58:45'),
(31, 1, 2015, 158, '-3906894200', 0, '2016-10-19 06:58:45', '2016-10-19 06:58:45'),
(32, 1, 2015, 135, '-4938109112221', 0, '2016-10-19 06:58:45', '2016-10-19 06:58:45'),
(33, 1, 2015, 137, '-610159506093', 0, '2016-10-19 06:58:45', '2016-10-19 06:58:45'),
(34, 1, 2015, 149, '-5485658566949', 0, '2016-10-19 06:58:45', '2016-10-19 06:58:45'),
(35, 1, 2015, 136, '1157708960821', 0, '2016-10-19 06:59:00', '2016-10-19 06:59:00'),
(36, 1, 2015, 138, '27960503622', 0, '2016-10-19 06:59:00', '2016-10-19 06:59:00'),
(37, 1, 2015, 139, '102100000', 0, '2016-10-19 06:59:00', '2016-10-19 06:59:00'),
(38, 1, 2015, 142, '865799', 0, '2016-10-19 06:59:00', '2016-10-19 06:59:00'),
(39, 1, 2015, 144, '-680738877187', 0, '2016-10-19 06:59:00', '2016-10-19 06:59:00'),
(40, 1, 2015, 147, '42515901673', 0, '2016-10-19 06:59:00', '2016-10-19 06:59:00'),
(41, 1, 2015, 150, '-895786766462', 0, '2016-10-19 06:59:00', '2016-10-19 06:59:00'),
(42, 1, 2015, 151, '-576836689503', 0, '2016-10-19 06:59:00', '2016-10-19 06:59:00'),
(43, 1, 2015, 152, '1294178137374', 0, '2016-10-19 06:59:00', '2016-10-19 06:59:00'),
(44, 1, 2015, 153, '-45485980709', 0, '2016-10-19 06:59:00', '2016-10-19 06:59:00'),
(45, 1, 2015, 155, '-42515901673', 0, '2016-10-19 06:59:00', '2016-10-19 06:59:00'),
(46, 1, 2015, 156, '-23788618249', 0, '2016-10-19 06:59:00', '2016-10-19 06:59:00'),
(47, 1, 2015, 157, '14352000', 0, '2016-10-19 06:59:00', '2016-10-19 06:59:00'),
(48, 1, 2015, 158, '-3906894200', 0, '2016-10-19 06:59:00', '2016-10-19 06:59:00'),
(49, 1, 2015, 135, '253421093306', 0, '2016-10-19 06:59:00', '2016-10-19 06:59:00'),
(50, 1, 2015, 137, '-610159506093', 0, '2016-10-19 06:59:00', '2016-10-19 06:59:00'),
(51, 1, 2015, 149, '-294128361422', 0, '2016-10-19 06:59:00', '2016-10-19 06:59:00'),
(52, 1, 2015, 136, '1157708960821', 0, '2016-10-19 07:00:11', '2016-10-19 07:00:11'),
(53, 1, 2015, 138, '27960503622', 0, '2016-10-19 07:00:11', '2016-10-19 07:00:11'),
(54, 1, 2015, 139, '102100000', 0, '2016-10-19 07:00:11', '2016-10-19 07:00:11'),
(55, 1, 2015, 142, '865799', 0, '2016-10-19 07:00:11', '2016-10-19 07:00:11'),
(56, 1, 2015, 144, '-680738877187', 0, '2016-10-19 07:00:11', '2016-10-19 07:00:11'),
(57, 1, 2015, 147, '42515901673', 0, '2016-10-19 07:00:11', '2016-10-19 07:00:11'),
(58, 1, 2015, 150, '-895786766462', 0, '2016-10-19 07:00:11', '2016-10-19 07:00:11'),
(59, 1, 2015, 151, '-576836689503', 0, '2016-10-19 07:00:11', '2016-10-19 07:00:11'),
(60, 1, 2015, 152, '1294178137374', 0, '2016-10-19 07:00:11', '2016-10-19 07:00:11'),
(61, 1, 2015, 153, '-45485980709', 0, '2016-10-19 07:00:11', '2016-10-19 07:00:11'),
(62, 1, 2015, 155, '-42515901673', 0, '2016-10-19 07:00:11', '2016-10-19 07:00:11'),
(63, 1, 2015, 156, '-23788618249', 0, '2016-10-19 07:00:11', '2016-10-19 07:00:11'),
(64, 1, 2015, 157, '14352000', 0, '2016-10-19 07:00:11', '2016-10-19 07:00:11'),
(65, 1, 2015, 158, '-3906894200', 0, '2016-10-19 07:00:11', '2016-10-19 07:00:11'),
(66, 1, 2015, 160, '-3557142737577', 0, '2016-10-19 07:00:11', '2016-10-19 07:00:11'),
(67, 1, 2015, 163, '-1931516631660', 0, '2016-10-19 07:00:11', '2016-10-19 07:00:11'),
(68, 1, 2015, 164, '2251669034032', 0, '2016-10-19 07:00:11', '2016-10-19 07:00:11'),
(69, 1, 2015, 167, '-278482604000', 0, '2016-10-19 07:00:11', '2016-10-19 07:00:11'),
(70, 1, 2015, 168, '270265934066', 0, '2016-10-19 07:00:11', '2016-10-19 07:00:11'),
(71, 1, 2015, 170, '631154452040', 0, '2016-10-19 07:00:11', '2016-10-19 07:00:11'),
(72, 1, 2015, 135, '253421093306', 0, '2016-10-19 07:00:11', '2016-10-19 07:00:11'),
(73, 1, 2015, 137, '-610159506093', 0, '2016-10-19 07:00:11', '2016-10-19 07:00:11'),
(74, 1, 2015, 149, '-294128361422', 0, '2016-10-19 07:00:11', '2016-10-19 07:00:11'),
(75, 1, 2015, 159, '-2614052553099', 0, '2016-10-19 07:00:11', '2016-10-19 07:00:11'),
(76, 1, 2015, 136, '1157708960821', 0, '2016-10-19 07:00:58', '2016-10-19 07:00:58'),
(77, 1, 2015, 138, '27960503622', 0, '2016-10-19 07:00:58', '2016-10-19 07:00:58'),
(78, 1, 2015, 139, '102100000', 0, '2016-10-19 07:00:58', '2016-10-19 07:00:58'),
(79, 1, 2015, 142, '865799', 0, '2016-10-19 07:00:58', '2016-10-19 07:00:58'),
(80, 1, 2015, 144, '-680738877187', 0, '2016-10-19 07:00:58', '2016-10-19 07:00:58'),
(81, 1, 2015, 147, '42515901673', 0, '2016-10-19 07:00:58', '2016-10-19 07:00:58'),
(82, 1, 2015, 150, '-895786766462', 0, '2016-10-19 07:00:58', '2016-10-19 07:00:58'),
(83, 1, 2015, 151, '-576836689503', 0, '2016-10-19 07:00:58', '2016-10-19 07:00:58'),
(84, 1, 2015, 152, '1294178137374', 0, '2016-10-19 07:00:58', '2016-10-19 07:00:58'),
(85, 1, 2015, 153, '-45485980709', 0, '2016-10-19 07:00:58', '2016-10-19 07:00:58'),
(86, 1, 2015, 155, '-42515901673', 0, '2016-10-19 07:00:58', '2016-10-19 07:00:58'),
(87, 1, 2015, 156, '-23788618249', 0, '2016-10-19 07:00:58', '2016-10-19 07:00:58'),
(88, 1, 2015, 157, '14352000', 0, '2016-10-19 07:00:58', '2016-10-19 07:00:58'),
(89, 1, 2015, 158, '-3906894200', 0, '2016-10-19 07:00:58', '2016-10-19 07:00:58'),
(90, 1, 2015, 160, '-3557142737577', 0, '2016-10-19 07:00:58', '2016-10-19 07:00:58'),
(91, 1, 2015, 163, '-1931516631660', 0, '2016-10-19 07:00:58', '2016-10-19 07:00:58'),
(92, 1, 2015, 164, '2251669034032', 0, '2016-10-19 07:00:58', '2016-10-19 07:00:58'),
(93, 1, 2015, 167, '-278482604000', 0, '2016-10-19 07:00:58', '2016-10-19 07:00:58'),
(94, 1, 2015, 168, '270265934066', 0, '2016-10-19 07:00:58', '2016-10-19 07:00:58'),
(95, 1, 2015, 170, '631154452040', 0, '2016-10-19 07:00:58', '2016-10-19 07:00:58'),
(96, 1, 2015, 173, '612000000000', 0, '2016-10-19 07:00:58', '2016-10-19 07:00:58'),
(97, 1, 2015, 175, '1369491232865', 0, '2016-10-19 07:00:58', '2016-10-19 07:00:58'),
(98, 1, 2015, 176, '-21499525267', 0, '2016-10-19 07:00:58', '2016-10-19 07:00:58'),
(99, 1, 2015, 135, '253421093306', 0, '2016-10-19 07:00:58', '2016-10-19 07:00:58'),
(100, 1, 2015, 137, '-610159506093', 0, '2016-10-19 07:00:58', '2016-10-19 07:00:58'),
(101, 1, 2015, 149, '-294128361422', 0, '2016-10-19 07:00:58', '2016-10-19 07:00:58'),
(102, 1, 2015, 159, '-2614052553099', 0, '2016-10-19 07:00:58', '2016-10-19 07:00:58'),
(103, 1, 2015, 172, '1959991707598', 0, '2016-10-19 07:00:58', '2016-10-19 07:00:58'),
(104, 1, 2015, 136, '1157708960821', 0, '2016-10-19 07:02:35', '2016-10-19 07:02:35'),
(105, 1, 2015, 138, '27960503622', 0, '2016-10-19 07:02:35', '2016-10-19 07:02:35'),
(106, 1, 2015, 139, '102100000', 0, '2016-10-19 07:02:35', '2016-10-19 07:02:35'),
(107, 1, 2015, 142, '865799', 0, '2016-10-19 07:02:35', '2016-10-19 07:02:35'),
(108, 1, 2015, 144, '-680738877187', 0, '2016-10-19 07:02:35', '2016-10-19 07:02:35'),
(109, 1, 2015, 147, '42515901673', 0, '2016-10-19 07:02:35', '2016-10-19 07:02:35'),
(110, 1, 2015, 150, '-895786766462', 0, '2016-10-19 07:02:35', '2016-10-19 07:02:35'),
(111, 1, 2015, 151, '-576836689503', 0, '2016-10-19 07:02:35', '2016-10-19 07:02:35'),
(112, 1, 2015, 152, '1294178137374', 0, '2016-10-19 07:02:35', '2016-10-19 07:02:35'),
(113, 1, 2015, 153, '-45485980709', 0, '2016-10-19 07:02:35', '2016-10-19 07:02:35'),
(114, 1, 2015, 155, '-42515901673', 0, '2016-10-19 07:02:35', '2016-10-19 07:02:35'),
(115, 1, 2015, 156, '-23788618249', 0, '2016-10-19 07:02:35', '2016-10-19 07:02:35'),
(116, 1, 2015, 157, '14352000', 0, '2016-10-19 07:02:35', '2016-10-19 07:02:35'),
(117, 1, 2015, 158, '-3906894200', 0, '2016-10-19 07:02:35', '2016-10-19 07:02:35'),
(118, 1, 2015, 160, '-3557142737577', 0, '2016-10-19 07:02:35', '2016-10-19 07:02:35'),
(119, 1, 2015, 163, '-1931516631660', 0, '2016-10-19 07:02:35', '2016-10-19 07:02:35'),
(120, 1, 2015, 164, '2251669034032', 0, '2016-10-19 07:02:35', '2016-10-19 07:02:35'),
(121, 1, 2015, 167, '-278482604000', 0, '2016-10-19 07:02:35', '2016-10-19 07:02:35'),
(122, 1, 2015, 168, '270265934066', 0, '2016-10-19 07:02:35', '2016-10-19 07:02:35'),
(123, 1, 2015, 170, '631154452040', 0, '2016-10-19 07:02:35', '2016-10-19 07:02:35'),
(124, 1, 2015, 173, '612000000000', 0, '2016-10-19 07:02:35', '2016-10-19 07:02:35'),
(125, 1, 2015, 175, '1369491232865', 0, '2016-10-19 07:02:35', '2016-10-19 07:02:35'),
(126, 1, 2015, 176, '-21499525267', 0, '2016-10-19 07:02:35', '2016-10-19 07:02:35'),
(127, 1, 2015, 185, '563859148199', 0, '2016-10-19 07:02:35', '2016-10-19 07:02:35'),
(128, 1, 2015, 186, '-865799', 0, '2016-10-19 07:02:35', '2016-10-19 07:02:35'),
(129, 1, 2015, 135, '253421093306', 0, '2016-10-19 07:02:35', '2016-10-19 07:02:35'),
(130, 1, 2015, 137, '-610159506093', 0, '2016-10-19 07:02:35', '2016-10-19 07:02:35'),
(131, 1, 2015, 149, '-294128361422', 0, '2016-10-19 07:02:35', '2016-10-19 07:02:35'),
(132, 1, 2015, 159, '-2614052553099', 0, '2016-10-19 07:02:35', '2016-10-19 07:02:35'),
(133, 1, 2015, 172, '1959991707598', 0, '2016-10-19 07:02:35', '2016-10-19 07:02:35'),
(134, 1, 2015, 184, '-400639752195', 0, '2016-10-19 07:10:20', '2016-10-19 07:10:20'),
(135, 1, 2015, 187, '163218530205', 0, '2016-10-19 07:10:20', '2016-10-19 07:10:20'),
(136, 1, 2014, 136, '454024204707', 0, '2016-10-19 08:00:05', '2016-10-19 08:00:05'),
(137, 1, 2014, 138, '14891990185', 0, '2016-10-19 08:00:05', '2016-10-19 08:00:05'),
(138, 1, 2014, 139, '320693362', 0, '2016-10-19 08:00:05', '2016-10-19 08:00:05'),
(139, 1, 2014, 142, '-417255', 0, '2016-10-19 08:00:05', '2016-10-19 08:00:05'),
(140, 1, 2014, 144, '-326057573092', 0, '2016-10-19 08:00:05', '2016-10-19 08:00:05'),
(141, 1, 2014, 147, '45920592803', 0, '2016-10-19 08:00:05', '2016-10-19 08:00:05'),
(142, 1, 2014, 150, '-634858996081', 0, '2016-10-19 08:00:05', '2016-10-19 08:00:05'),
(143, 1, 2014, 151, '48797404285', 0, '2016-10-19 08:00:05', '2016-10-19 08:00:05'),
(144, 1, 2014, 152, '2571766361', 0, '2016-10-19 08:00:05', '2016-10-19 08:00:05'),
(145, 1, 2014, 153, '-2804981872', 0, '2016-10-19 08:00:05', '2016-10-19 08:00:05'),
(146, 1, 2014, 154, '-41609400074', 0, '2016-10-19 08:00:05', '2016-10-19 08:00:05'),
(147, 1, 2014, 155, '-20176907051', 0, '2016-10-19 08:00:05', '2016-10-19 08:00:05'),
(148, 1, 2014, 156, '5679241289', 0, '2016-10-19 08:00:05', '2016-10-19 08:00:05'),
(149, 1, 2014, 157, '-10719362262', 0, '2016-10-19 08:00:05', '2016-10-19 08:00:05'),
(150, 1, 2014, 158, '-464021744695', 0, '2016-10-19 08:00:05', '2016-10-19 08:00:05'),
(151, 1, 2014, 160, '-441662704359', 0, '2016-10-19 08:00:05', '2016-10-19 08:00:05'),
(152, 1, 2014, 162, '120198578386', 0, '2016-10-19 08:00:05', '2016-10-19 08:00:05'),
(153, 1, 2014, 163, '-2197804320000', 0, '2016-10-19 08:00:05', '2016-10-19 08:00:05'),
(154, 1, 2014, 164, '912900000000', 0, '2016-10-19 08:00:05', '2016-10-19 08:00:05'),
(155, 1, 2014, 167, '-1097400000000', 0, '2016-10-19 08:00:05', '2016-10-19 08:00:05'),
(156, 1, 2014, 168, '706154065934', 0, '2016-10-19 08:00:05', '2016-10-19 08:00:05'),
(157, 1, 2014, 170, '19694948030', 0, '2016-10-19 08:00:05', '2016-10-19 08:00:05'),
(158, 1, 2014, 173, '2315399340000', 0, '2016-10-19 08:00:05', '2016-10-19 08:00:05'),
(159, 1, 2014, 175, '942026340130', 0, '2016-10-19 08:00:05', '2016-10-19 08:00:05'),
(160, 1, 2014, 176, '-264567852937', 0, '2016-10-19 08:00:05', '2016-10-19 08:00:05'),
(161, 1, 2014, 135, '-928043489390', 0, '2016-10-19 08:00:05', '2016-10-19 08:00:05'),
(162, 1, 2014, 137, '-264924713997', 0, '2016-10-19 08:00:05', '2016-10-19 08:00:05'),
(163, 1, 2014, 149, '-1117142980100', 0, '2016-10-19 08:00:05', '2016-10-19 08:00:05'),
(164, 1, 2014, 159, '-1977919432009', 0, '2016-10-19 08:00:05', '2016-10-19 08:00:05'),
(165, 1, 2014, 172, '2992857827193', 0, '2016-10-19 08:00:05', '2016-10-19 08:00:05'),
(166, 1, 2014, 184, '0', 0, '2016-10-19 08:00:05', '2016-10-19 08:00:05'),
(167, 1, 2014, 187, '0', 0, '2016-10-19 08:00:05', '2016-10-19 08:00:05'),
(168, 1, 2014, 136, '454024204707', 0, '2016-10-19 08:02:25', '2016-10-19 08:02:25'),
(169, 1, 2014, 138, '14891990185', 0, '2016-10-19 08:02:25', '2016-10-19 08:02:25'),
(170, 1, 2014, 139, '320693362', 0, '2016-10-19 08:02:25', '2016-10-19 08:02:25'),
(171, 1, 2014, 142, '-417255', 0, '2016-10-19 08:02:25', '2016-10-19 08:02:25'),
(172, 1, 2014, 144, '-326057573092', 0, '2016-10-19 08:02:25', '2016-10-19 08:02:25'),
(173, 1, 2014, 147, '45920592803', 0, '2016-10-19 08:02:25', '2016-10-19 08:02:25'),
(174, 1, 2014, 150, '-634858996081', 0, '2016-10-19 08:02:25', '2016-10-19 08:02:25'),
(175, 1, 2014, 151, '48797404285', 0, '2016-10-19 08:02:25', '2016-10-19 08:02:25'),
(176, 1, 2014, 152, '2571766361', 0, '2016-10-19 08:02:25', '2016-10-19 08:02:25'),
(177, 1, 2014, 153, '-2804981872', 0, '2016-10-19 08:02:25', '2016-10-19 08:02:25'),
(178, 1, 2014, 154, '0', 0, '2016-10-19 08:02:25', '2016-10-19 08:02:25'),
(179, 1, 2014, 155, '-41609400074', 0, '2016-10-19 08:02:25', '2016-10-19 08:02:25'),
(180, 1, 2014, 156, '-20176907051', 0, '2016-10-19 08:02:25', '2016-10-19 08:02:25'),
(181, 1, 2014, 157, '5679241289', 0, '2016-10-19 08:02:25', '2016-10-19 08:02:25'),
(182, 1, 2014, 158, '-10719362262', 0, '2016-10-19 08:02:25', '2016-10-19 08:02:25'),
(183, 1, 2014, 160, '-441662704359', 0, '2016-10-19 08:02:25', '2016-10-19 08:02:25'),
(184, 1, 2014, 162, '120198578386', 0, '2016-10-19 08:02:25', '2016-10-19 08:02:25'),
(185, 1, 2014, 163, '-2197804320000', 0, '2016-10-19 08:02:25', '2016-10-19 08:02:25'),
(186, 1, 2014, 164, '912900000000', 0, '2016-10-19 08:02:25', '2016-10-19 08:02:25'),
(187, 1, 2014, 167, '-1097400000000', 0, '2016-10-19 08:02:25', '2016-10-19 08:02:25'),
(188, 1, 2014, 168, '706154065934', 0, '2016-10-19 08:02:25', '2016-10-19 08:02:25'),
(189, 1, 2014, 170, '19694948030', 0, '2016-10-19 08:02:25', '2016-10-19 08:02:25'),
(190, 1, 2014, 173, '2315399340000', 0, '2016-10-19 08:02:25', '2016-10-19 08:02:25'),
(191, 1, 2014, 175, '942026340130', 0, '2016-10-19 08:02:25', '2016-10-19 08:02:25'),
(192, 1, 2014, 176, '-264567852937', 0, '2016-10-19 08:02:25', '2016-10-19 08:02:25'),
(193, 1, 2014, 135, '-464021744695', 0, '2016-10-19 08:02:25', '2016-10-19 08:02:25'),
(194, 1, 2014, 137, '-264924713997', 0, '2016-10-19 08:02:25', '2016-10-19 08:02:25'),
(195, 1, 2014, 149, '-653121235405', 0, '2016-10-19 08:02:25', '2016-10-19 08:02:25'),
(196, 1, 2014, 159, '-1977919432009', 0, '2016-10-19 08:02:25', '2016-10-19 08:02:25'),
(197, 1, 2014, 172, '2992857827193', 0, '2016-10-19 08:02:25', '2016-10-19 08:02:25'),
(198, 1, 2014, 184, '86894905794', 0, '2016-10-19 08:02:25', '2016-10-19 08:02:25'),
(199, 1, 2014, 187, '86894905794', 0, '2016-10-19 08:02:25', '2016-10-19 08:02:25'),
(200, 1, 2014, 136, '454024204707', 0, '2016-10-19 08:06:25', '2016-10-19 08:06:25'),
(201, 1, 2014, 138, '14891990185', 0, '2016-10-19 08:06:25', '2016-10-19 08:06:25'),
(202, 1, 2014, 139, '320693362', 0, '2016-10-19 08:06:25', '2016-10-19 08:06:25'),
(203, 1, 2014, 142, '-417255', 0, '2016-10-19 08:06:25', '2016-10-19 08:06:25'),
(204, 1, 2014, 144, '-326057573092', 0, '2016-10-19 08:06:25', '2016-10-19 08:06:25'),
(205, 1, 2014, 147, '45920592803', 0, '2016-10-19 08:06:25', '2016-10-19 08:06:25'),
(206, 1, 2014, 150, '-634858996081', 0, '2016-10-19 08:06:25', '2016-10-19 08:06:25'),
(207, 1, 2014, 151, '48797404285', 0, '2016-10-19 08:06:25', '2016-10-19 08:06:25'),
(208, 1, 2014, 152, '2571766361', 0, '2016-10-19 08:06:25', '2016-10-19 08:06:25'),
(209, 1, 2014, 153, '-2804981872', 0, '2016-10-19 08:06:25', '2016-10-19 08:06:25'),
(210, 1, 2014, 154, '0', 0, '2016-10-19 08:06:25', '2016-10-19 08:06:25'),
(211, 1, 2014, 155, '-41609400074', 0, '2016-10-19 08:06:25', '2016-10-19 08:06:25'),
(212, 1, 2014, 156, '-20176907051', 0, '2016-10-19 08:06:25', '2016-10-19 08:06:25'),
(213, 1, 2014, 157, '5679241289', 0, '2016-10-19 08:06:25', '2016-10-19 08:06:25'),
(214, 1, 2014, 158, '-10719362262', 0, '2016-10-19 08:06:25', '2016-10-19 08:06:25'),
(215, 1, 2014, 160, '-441662704359', 0, '2016-10-19 08:06:25', '2016-10-19 08:06:25'),
(216, 1, 2014, 162, '120198578386', 0, '2016-10-19 08:06:25', '2016-10-19 08:06:25'),
(217, 1, 2014, 163, '-2197804320000', 0, '2016-10-19 08:06:25', '2016-10-19 08:06:25'),
(218, 1, 2014, 164, '912900000000', 0, '2016-10-19 08:06:25', '2016-10-19 08:06:25'),
(219, 1, 2014, 167, '-1097400000000', 0, '2016-10-19 08:06:25', '2016-10-19 08:06:25'),
(220, 1, 2014, 168, '706154065934', 0, '2016-10-19 08:06:25', '2016-10-19 08:06:25'),
(221, 1, 2014, 170, '19694948030', 0, '2016-10-19 08:06:25', '2016-10-19 08:06:25'),
(222, 1, 2014, 173, '2315399340000', 0, '2016-10-19 08:06:25', '2016-10-19 08:06:25'),
(223, 1, 2014, 175, '942026340130', 0, '2016-10-19 08:06:25', '2016-10-19 08:06:25'),
(224, 1, 2014, 176, '-264567852937', 0, '2016-10-19 08:06:25', '2016-10-19 08:06:25'),
(225, 1, 2014, 185, '12942080455', 0, '2016-10-19 08:06:25', '2016-10-19 08:06:25'),
(226, 1, 2014, 186, '417255', 0, '2016-10-19 08:06:25', '2016-10-19 08:06:25'),
(227, 1, 2014, 135, '-464021744695', 0, '2016-10-19 08:06:25', '2016-10-19 08:06:25'),
(228, 1, 2014, 137, '-264924713997', 0, '2016-10-19 08:06:25', '2016-10-19 08:06:25'),
(229, 1, 2014, 149, '-653121235405', 0, '2016-10-19 08:06:25', '2016-10-19 08:06:25'),
(230, 1, 2014, 159, '-1977919432009', 0, '2016-10-19 08:06:25', '2016-10-19 08:06:25'),
(231, 1, 2014, 172, '2992857827193', 0, '2016-10-19 08:06:25', '2016-10-19 08:06:25'),
(232, 1, 2014, 184, '550916650489', 0, '2016-10-19 08:06:25', '2016-10-19 08:06:25'),
(233, 1, 2014, 187, '563859148199', 0, '2016-10-19 08:06:25', '2016-10-19 08:06:25'),
(234, 1, 2013, 136, '137049668372', 0, '2016-10-19 08:23:38', '2016-10-19 08:23:38'),
(235, 1, 2013, 138, '9714983536', 0, '2016-10-19 08:23:38', '2016-10-19 08:23:38'),
(236, 1, 2013, 139, '-953796288', 0, '2016-10-19 08:23:38', '2016-10-19 08:23:38'),
(237, 1, 2013, 142, '95449147', 0, '2016-10-19 08:23:38', '2016-10-19 08:23:38'),
(238, 1, 2013, 144, '-51623526858', 0, '2016-10-19 08:23:38', '2016-10-19 08:23:38'),
(239, 1, 2013, 147, '19122010356', 0, '2016-10-19 08:23:38', '2016-10-19 08:23:38'),
(240, 1, 2013, 150, '294922455190', 0, '2016-10-19 08:23:38', '2016-10-19 08:23:38'),
(241, 1, 2013, 151, '-89872525554', 0, '2016-10-19 08:23:38', '2016-10-19 08:23:38'),
(242, 1, 2013, 152, '-29358502073', 0, '2016-10-19 08:23:38', '2016-10-19 08:23:38'),
(243, 1, 2013, 153, '-9404917438', 0, '2016-10-19 08:23:38', '2016-10-19 08:23:38'),
(244, 1, 2013, 155, '-21889550695', 0, '2016-10-19 08:23:38', '2016-10-19 08:23:38'),
(245, 1, 2013, 156, '-10672540512', 0, '2016-10-19 08:23:38', '2016-10-19 08:23:38'),
(246, 1, 2013, 157, '2562989199', 0, '2016-10-19 08:23:38', '2016-10-19 08:23:38'),
(247, 1, 2013, 158, '-3854061438', 0, '2016-10-19 08:23:38', '2016-10-19 08:23:38'),
(248, 1, 2013, 160, '-50549518861', 0, '2016-10-19 08:23:38', '2016-10-19 08:23:38'),
(249, 1, 2013, 163, '-307504079687', 0, '2016-10-19 08:23:38', '2016-10-19 08:23:38'),
(250, 1, 2013, 164, '530612485020', 0, '2016-10-19 08:23:38', '2016-10-19 08:23:38'),
(251, 1, 2013, 167, '-297000000000', 0, '2016-10-19 08:23:38', '2016-10-19 08:23:38'),
(252, 1, 2013, 170, '43540420390', 0, '2016-10-19 08:23:38', '2016-10-19 08:23:38'),
(253, 1, 2013, 175, '219965266012', 0, '2016-10-19 08:23:38', '2016-10-19 08:23:38'),
(254, 1, 2013, 176, '-341762231760', 0, '2016-10-19 08:23:38', '2016-10-19 08:23:38'),
(255, 1, 2013, 180, '-36789788750', 0, '2016-10-19 08:23:38', '2016-10-19 08:23:38'),
(256, 1, 2013, 185, '6591266338', 0, '2016-10-19 08:23:38', '2016-10-19 08:23:38'),
(257, 1, 2013, 186, '126809', 0, '2016-10-19 08:23:38', '2016-10-19 08:23:38'),
(258, 1, 2013, 135, '245838134944', 0, '2016-10-19 08:23:38', '2016-10-19 08:23:38'),
(259, 1, 2013, 137, '-23644880107', 0, '2016-10-19 08:23:38', '2016-10-19 08:23:38'),
(260, 1, 2013, 149, '132433346679', 0, '2016-10-19 08:23:38', '2016-10-19 08:23:38'),
(261, 1, 2013, 159, '-80900693138', 0, '2016-10-19 08:23:38', '2016-10-19 08:23:38'),
(262, 1, 2013, 172, '-158586754498', 0, '2016-10-19 08:23:38', '2016-10-19 08:23:38'),
(263, 1, 2013, 184, '0', 0, '2016-10-19 08:23:38', '2016-10-19 08:23:38'),
(264, 1, 2013, 187, '6591393147', 0, '2016-10-19 08:23:38', '2016-10-19 08:23:38'),
(265, 1, 2013, 184, '6350687308', 0, '2016-10-19 08:25:52', '2016-10-19 08:25:52'),
(266, 1, 2013, 187, '12942080455', 0, '2016-10-19 08:25:52', '2016-10-19 08:25:52'),
(267, 1, 2013, 184, '6350687308', 0, '2016-10-19 08:27:23', '2016-10-19 08:27:23'),
(268, 1, 2013, 187, '12942080455', 0, '2016-10-19 08:27:23', '2016-10-19 08:27:23'),
(269, 1, 2012, 136, '38625625724', 0, '2016-10-19 08:36:11', '2016-10-19 08:36:11'),
(270, 1, 2012, 138, '9608590770', 0, '2016-10-19 08:36:11', '2016-10-19 08:36:11'),
(271, 1, 2012, 139, '1100000000', 0, '2016-10-19 08:36:11', '2016-10-19 08:36:11'),
(272, 1, 2012, 144, '-30983386558', 0, '2016-10-19 08:36:11', '2016-10-19 08:36:11'),
(273, 1, 2012, 147, '12315680965', 0, '2016-10-19 08:36:11', '2016-10-19 08:36:11'),
(274, 1, 2012, 150, '-469695921024', 0, '2016-10-19 08:36:11', '2016-10-19 08:36:11'),
(275, 1, 2012, 151, '-163818910', 0, '2016-10-19 08:36:11', '2016-10-19 08:36:11'),
(276, 1, 2012, 152, '683683175181', 0, '2016-10-19 08:36:11', '2016-10-19 08:36:11'),
(277, 1, 2012, 153, '201664923', 0, '2016-10-19 08:36:11', '2016-10-19 08:36:11'),
(278, 1, 2012, 154, '0', 0, '2016-10-19 08:36:11', '2016-10-19 08:36:11'),
(279, 1, 2012, 155, '-30250823485', 0, '2016-10-19 08:36:11', '2016-10-19 08:36:11'),
(280, 1, 2012, 156, '-6975695352', 0, '2016-10-19 08:36:11', '2016-10-19 08:36:11'),
(281, 1, 2012, 157, '410927359', 0, '2016-10-19 08:36:11', '2016-10-19 08:36:11'),
(282, 1, 2012, 160, '-212883063932', 0, '2016-10-19 08:36:11', '2016-10-19 08:36:11'),
(283, 1, 2012, 162, '880000000', 0, '2016-10-19 08:36:11', '2016-10-19 08:36:11'),
(284, 1, 2012, 163, '-1033153617133', 0, '2016-10-19 08:36:11', '2016-10-19 08:36:11'),
(285, 1, 2012, 164, '788865000000', 0, '2016-10-19 08:36:11', '2016-10-19 08:36:11'),
(286, 1, 2012, 167, '-269606474360', 0, '2016-10-19 08:36:11', '2016-10-19 08:36:11'),
(287, 1, 2012, 168, '280360000000', 0, '2016-10-19 08:36:11', '2016-10-19 08:36:11'),
(288, 1, 2012, 170, '40921865582', 0, '2016-10-19 08:36:11', '2016-10-19 08:36:11'),
(289, 1, 2012, 173, '275700000000', 0, '2016-10-19 08:36:11', '2016-10-19 08:36:11'),
(290, 1, 2012, 175, '694934751423', 0, '2016-10-19 08:36:11', '2016-10-19 08:36:11'),
(291, 1, 2012, 176, '-756066211321', 0, '2016-10-19 08:36:11', '2016-10-19 08:36:11'),
(292, 1, 2012, 180, '-11871160000', 0, '2016-10-19 08:36:11', '2016-10-19 08:36:11'),
(293, 1, 2012, 185, '634156486', 0, '2016-10-19 08:36:11', '2016-10-19 08:36:11'),
(294, 1, 2012, 135, '207876019593', 0, '2016-10-19 08:36:11', '2016-10-19 08:36:11'),
(295, 1, 2012, 137, '-7959114823', 0, '2016-10-19 08:36:11', '2016-10-19 08:36:11'),
(296, 1, 2012, 149, '177209508692', 0, '2016-10-19 08:36:11', '2016-10-19 08:36:11'),
(297, 1, 2012, 159, '-404616289843', 0, '2016-10-19 08:36:11', '2016-10-19 08:36:11'),
(298, 1, 2012, 172, '202697380102', 0, '2016-10-19 08:36:11', '2016-10-19 08:36:11'),
(299, 1, 2012, 184, '0', 0, '2016-10-19 08:36:11', '2016-10-19 08:36:11'),
(300, 1, 2012, 187, '634156486', 0, '2016-10-19 08:36:11', '2016-10-19 08:36:11'),
(301, 1, 2012, 136, '38625625724', 0, '2016-10-19 08:36:26', '2016-10-19 08:36:26'),
(302, 1, 2012, 138, '9608590770', 0, '2016-10-19 08:36:26', '2016-10-19 08:36:26'),
(303, 1, 2012, 139, '1100000000', 0, '2016-10-19 08:36:26', '2016-10-19 08:36:26'),
(304, 1, 2012, 144, '-30983386558', 0, '2016-10-19 08:36:26', '2016-10-19 08:36:26'),
(305, 1, 2012, 147, '12315680965', 0, '2016-10-19 08:36:26', '2016-10-19 08:36:26'),
(306, 1, 2012, 150, '-469695921024', 0, '2016-10-19 08:36:26', '2016-10-19 08:36:26'),
(307, 1, 2012, 151, '-163818910', 0, '2016-10-19 08:36:26', '2016-10-19 08:36:26'),
(308, 1, 2012, 152, '683683175181', 0, '2016-10-19 08:36:26', '2016-10-19 08:36:26'),
(309, 1, 2012, 153, '201664923', 0, '2016-10-19 08:36:26', '2016-10-19 08:36:26'),
(310, 1, 2012, 154, '0', 0, '2016-10-19 08:36:26', '2016-10-19 08:36:26'),
(311, 1, 2012, 155, '-30250823485', 0, '2016-10-19 08:36:26', '2016-10-19 08:36:26'),
(312, 1, 2012, 156, '-6975695352', 0, '2016-10-19 08:36:26', '2016-10-19 08:36:26'),
(313, 1, 2012, 157, '410927359', 0, '2016-10-19 08:36:26', '2016-10-19 08:36:26'),
(314, 1, 2012, 160, '-212883063932', 0, '2016-10-19 08:36:26', '2016-10-19 08:36:26'),
(315, 1, 2012, 162, '880000000', 0, '2016-10-19 08:36:26', '2016-10-19 08:36:26'),
(316, 1, 2012, 163, '-1033153617133', 0, '2016-10-19 08:36:26', '2016-10-19 08:36:26'),
(317, 1, 2012, 164, '788865000000', 0, '2016-10-19 08:36:26', '2016-10-19 08:36:26'),
(318, 1, 2012, 167, '-269606474360', 0, '2016-10-19 08:36:26', '2016-10-19 08:36:26'),
(319, 1, 2012, 168, '280360000000', 0, '2016-10-19 08:36:26', '2016-10-19 08:36:26'),
(320, 1, 2012, 170, '40921865582', 0, '2016-10-19 08:36:26', '2016-10-19 08:36:26'),
(321, 1, 2012, 173, '275700000000', 0, '2016-10-19 08:36:26', '2016-10-19 08:36:26'),
(322, 1, 2012, 175, '694934751423', 0, '2016-10-19 08:36:26', '2016-10-19 08:36:26'),
(323, 1, 2012, 176, '-756066211321', 0, '2016-10-19 08:36:26', '2016-10-19 08:36:26'),
(324, 1, 2012, 180, '-11871160000', 0, '2016-10-19 08:36:26', '2016-10-19 08:36:26'),
(325, 1, 2012, 185, '634156486', 0, '2016-10-19 08:36:26', '2016-10-19 08:36:26'),
(326, 1, 2012, 135, '207876019593', 0, '2016-10-19 08:36:26', '2016-10-19 08:36:26'),
(327, 1, 2012, 137, '-7959114823', 0, '2016-10-19 08:36:26', '2016-10-19 08:36:26'),
(328, 1, 2012, 149, '177209508692', 0, '2016-10-19 08:36:26', '2016-10-19 08:36:26'),
(329, 1, 2012, 159, '-404616289843', 0, '2016-10-19 08:36:26', '2016-10-19 08:36:26'),
(330, 1, 2012, 172, '202697380102', 0, '2016-10-19 08:36:26', '2016-10-19 08:36:26'),
(331, 1, 2012, 184, '5957109852', 0, '2016-10-19 08:36:26', '2016-10-19 08:36:26'),
(332, 1, 2012, 187, '6591266338', 0, '2016-10-19 08:36:26', '2016-10-19 08:36:26'),
(333, 1, 2012, 136, '3862562572', 0, '2016-10-19 08:41:50', '2016-10-19 08:41:50'),
(334, 1, 2012, 135, '173112956441', 0, '2016-10-19 08:41:50', '2016-10-19 08:41:50'),
(335, 1, 2012, 184, '173112956441', 0, '2016-10-19 08:41:50', '2016-10-19 08:41:50'),
(336, 1, 2012, 187, '173747112927', 0, '2016-10-19 08:41:50', '2016-10-19 08:41:50'),
(337, 1, 2012, 136, '38625625724', 0, '2016-10-19 08:41:56', '2016-10-19 08:41:56'),
(338, 1, 2012, 135, '207876019593', 0, '2016-10-19 08:41:56', '2016-10-19 08:41:56'),
(339, 1, 2012, 184, '207876019593', 0, '2016-10-19 08:41:56', '2016-10-19 08:41:56'),
(340, 1, 2012, 187, '208510176079', 0, '2016-10-19 08:41:56', '2016-10-19 08:41:56'),
(341, 1, 2012, 136, '38625625724', 0, '2016-10-19 08:42:22', '2016-10-19 08:42:22'),
(342, 1, 2012, 135, '207876019593', 0, '2016-10-19 08:42:22', '2016-10-19 08:42:22'),
(343, 1, 2012, 184, '207876019593', 0, '2016-10-19 08:42:22', '2016-10-19 08:42:22'),
(344, 1, 2012, 187, '208510176079', 0, '2016-10-19 08:42:22', '2016-10-19 08:42:22'),
(345, 1, 2012, 136, '38625625724', 0, '2016-10-19 08:44:00', '2016-10-19 08:44:00'),
(346, 1, 2012, 135, '207876019593', 0, '2016-10-19 08:44:00', '2016-10-19 08:44:00'),
(347, 1, 2012, 184, '207876019593', 0, '2016-10-19 08:44:00', '2016-10-19 08:44:00'),
(348, 1, 2012, 187, '208510176079', 0, '2016-10-19 08:44:00', '2016-10-19 08:44:00'),
(349, 1, 2012, 136, '3862562572', 0, '2016-10-19 08:45:43', '2016-10-19 08:45:43'),
(350, 1, 2012, 135, '173112956441', 0, '2016-10-19 08:45:43', '2016-10-19 08:45:43'),
(351, 1, 2012, 184, '173112956441', 0, '2016-10-19 08:45:43', '2016-10-19 08:45:43'),
(352, 1, 2012, 187, '173747112927', 0, '2016-10-19 08:45:43', '2016-10-19 08:45:43'),
(353, 1, 2012, 136, '38625625724', 0, '2016-10-19 08:45:59', '2016-10-19 08:45:59'),
(354, 1, 2012, 135, '207876019593', 0, '2016-10-19 08:45:59', '2016-10-19 08:45:59'),
(355, 1, 2012, 184, '207876019593', 0, '2016-10-19 08:45:59', '2016-10-19 08:45:59'),
(356, 1, 2012, 187, '208510176079', 0, '2016-10-19 08:45:59', '2016-10-19 08:45:59'),
(357, 1, 2012, 136, '3862562572', 0, '2016-10-19 08:47:07', '2016-10-19 08:47:07'),
(358, 1, 2012, 135, '173112956441', 0, '2016-10-19 08:47:07', '2016-10-19 08:47:07'),
(359, 1, 2012, 184, '173112956441', 0, '2016-10-19 08:47:07', '2016-10-19 08:47:07'),
(360, 1, 2012, 187, '173747112927', 0, '2016-10-19 08:47:07', '2016-10-19 08:47:07'),
(361, 1, 2012, 136, '38625625724', 0, '2016-10-19 08:48:11', '2016-10-19 08:48:11'),
(362, 1, 2012, 135, '207876019593', 0, '2016-10-19 08:48:11', '2016-10-19 08:48:11'),
(363, 1, 2012, 184, '207876019593', 0, '2016-10-19 08:48:11', '2016-10-19 08:48:11'),
(364, 1, 2012, 187, '208510176079', 0, '2016-10-19 08:48:11', '2016-10-19 08:48:11'),
(365, 1, 2012, 136, '3862562572', 0, '2016-10-19 08:49:57', '2016-10-19 08:49:57'),
(366, 1, 2012, 135, '173112956441', 0, '2016-10-19 08:49:57', '2016-10-19 08:49:57'),
(367, 1, 2012, 184, '173112956441', 0, '2016-10-19 08:49:57', '2016-10-19 08:49:57'),
(368, 1, 2012, 187, '173747112927', 0, '2016-10-19 08:49:57', '2016-10-19 08:49:57'),
(369, 1, 2012, 136, '38625625724', 0, '2016-10-19 08:50:06', '2016-10-19 08:50:06'),
(370, 1, 2012, 135, '207876019593', 0, '2016-10-19 08:50:06', '2016-10-19 08:50:06'),
(371, 1, 2012, 184, '207876019593', 0, '2016-10-19 08:50:06', '2016-10-19 08:50:06'),
(372, 1, 2012, 187, '208510176079', 0, '2016-10-19 08:50:06', '2016-10-19 08:50:06'),
(373, 1, 2012, 136, '3862562572', 0, '2016-10-19 08:50:55', '2016-10-19 08:50:55'),
(374, 1, 2012, 135, '173112956441', 0, '2016-10-19 08:50:55', '2016-10-19 08:50:55'),
(375, 1, 2012, 184, '-28805953300', 0, '2016-10-19 08:50:55', '2016-10-19 08:50:55'),
(376, 1, 2012, 187, '-28171796814', 0, '2016-10-19 08:50:55', '2016-10-19 08:50:55'),
(377, 1, 2012, 136, '38625625724', 0, '2016-10-19 08:51:06', '2016-10-19 08:51:06'),
(378, 1, 2012, 135, '207876019593', 0, '2016-10-19 08:51:06', '2016-10-19 08:51:06'),
(379, 1, 2012, 184, '5957109852', 0, '2016-10-19 08:51:06', '2016-10-19 08:51:06'),
(380, 1, 2012, 187, '6591266338', 0, '2016-10-19 08:51:06', '2016-10-19 08:51:06'),
(381, 1, 2012, 136, '38625625724', 0, '2016-10-19 08:51:42', '2016-10-19 08:51:42'),
(382, 1, 2012, 135, '207876019593', 0, '2016-10-19 08:51:42', '2016-10-19 08:51:42'),
(383, 1, 2012, 184, '5957109852', 0, '2016-10-19 08:51:42', '2016-10-19 08:51:42'),
(384, 1, 2012, 187, '6591266338', 0, '2016-10-19 08:51:42', '2016-10-19 08:51:42'),
(385, 1, 2012, 136, '38625625724', 0, '2016-10-19 08:51:56', '2016-10-19 08:51:56'),
(386, 1, 2012, 135, '207876019593', 0, '2016-10-19 08:51:56', '2016-10-19 08:51:56'),
(387, 1, 2012, 184, '5957109852', 0, '2016-10-19 08:51:56', '2016-10-19 08:51:56'),
(388, 1, 2012, 187, '6591266338', 0, '2016-10-19 08:51:56', '2016-10-19 08:51:56'),
(389, 1, 2012, 136, '3862562572', 0, '2016-10-19 08:57:36', '2016-10-19 08:57:36'),
(390, 1, 2012, 135, '173112956441', 0, '2016-10-19 08:57:36', '2016-10-19 08:57:36'),
(391, 1, 2012, 184, '-28805953300', 0, '2016-10-19 08:57:36', '2016-10-19 08:57:36'),
(392, 1, 2012, 187, '-28171796814', 0, '2016-10-19 08:57:36', '2016-10-19 08:57:36'),
(393, 1, 2012, 136, '3862562572', 0, '2016-10-19 08:57:46', '2016-10-19 08:57:46'),
(394, 1, 2012, 135, '173112956441', 0, '2016-10-19 08:57:46', '2016-10-19 08:57:46'),
(395, 1, 2012, 184, '-28805953300', 0, '2016-10-19 08:57:46', '2016-10-19 08:57:46'),
(396, 1, 2012, 187, '-28171796814', 0, '2016-10-19 08:57:46', '2016-10-19 08:57:46'),
(397, 1, 2012, 136, '38625625724', 0, '2016-10-19 09:00:12', '2016-10-19 09:00:12'),
(398, 1, 2012, 135, '207876019593', 0, '2016-10-19 09:00:12', '2016-10-19 09:00:12'),
(399, 1, 2012, 184, '5957109852', 0, '2016-10-19 09:00:12', '2016-10-19 09:00:12'),
(400, 1, 2012, 187, '6591266338', 0, '2016-10-19 09:00:12', '2016-10-19 09:00:12'),
(401, 1, 2015, 136, '1157708960821', 0, '2016-10-19 09:29:32', '2016-10-19 09:29:32'),
(402, 1, 2015, 135, '253421093306', 0, '2016-10-19 09:29:32', '2016-10-19 09:29:32'),
(403, 1, 2015, 184, '-400639752195', 0, '2016-10-19 09:29:32', '2016-10-19 09:29:32'),
(404, 1, 2015, 187, '163218530205', 0, '2016-10-19 09:29:32', '2016-10-19 09:29:32'),
(405, 1, 2011, 136, '17785364626', 0, '2016-10-20 08:02:15', '2016-10-20 08:02:15'),
(406, 1, 2011, 138, '2512152858', 0, '2016-10-20 08:02:15', '2016-10-20 08:02:15'),
(407, 1, 2011, 139, '-2480000', 0, '2016-10-20 08:02:15', '2016-10-20 08:02:15'),
(408, 1, 2011, 150, '-51684947814', 0, '2016-10-20 08:02:15', '2016-10-20 08:02:15'),
(409, 1, 2011, 151, '-1694648642', 0, '2016-10-20 08:02:15', '2016-10-20 08:02:15'),
(410, 1, 2011, 152, '69057928646', 0, '2016-10-20 08:02:15', '2016-10-20 08:02:15'),
(411, 1, 2011, 153, '-1912322910', 0, '2016-10-20 08:02:15', '2016-10-20 08:02:15'),
(412, 1, 2011, 155, '-1788000000', 0, '2016-10-20 08:02:15', '2016-10-20 08:02:15'),
(413, 1, 2011, 156, '-7882319999', 0, '2016-10-20 08:02:15', '2016-10-20 08:02:15'),
(414, 1, 2011, 157, '3638765738', 0, '2016-10-20 08:02:15', '2016-10-20 08:02:15'),
(415, 1, 2011, 158, '-3346922699', 0, '2016-10-20 08:02:15', '2016-10-20 08:02:15'),
(416, 1, 2011, 160, '-15259088901', 0, '2016-10-20 08:02:15', '2016-10-20 08:02:15'),
(417, 1, 2011, 164, '8080478000', 0, '2016-10-20 08:02:15', '2016-10-20 08:02:15'),
(418, 1, 2011, 167, '-159253802685', 0, '2016-10-20 08:02:15', '2016-10-20 08:02:15'),
(419, 1, 2011, 170, '2286972448', 0, '2016-10-20 08:02:15', '2016-10-20 08:02:15'),
(420, 1, 2011, 175, '135741113490', 0, '2016-10-20 08:02:15', '2016-10-20 08:02:15'),
(421, 1, 2011, 185, '4355914330', 0, '2016-10-20 08:02:15', '2016-10-20 08:02:15'),
(422, 1, 2011, 135, '24682569804', 0, '2016-10-20 08:02:15', '2016-10-20 08:02:15'),
(423, 1, 2011, 137, '2509672858', 0, '2016-10-20 08:02:15', '2016-10-20 08:02:15'),
(424, 1, 2011, 149, '4387532320', 0, '2016-10-20 08:02:15', '2016-10-20 08:02:15'),
(425, 1, 2011, 159, '-164145441138', 0, '2016-10-20 08:02:15', '2016-10-20 08:02:15'),
(426, 1, 2011, 172, '135741113490', 0, '2016-10-20 08:02:15', '2016-10-20 08:02:15'),
(427, 1, 2011, 184, '-3721757844', 0, '2016-10-20 08:02:15', '2016-10-20 08:02:15'),
(428, 1, 2011, 187, '634156486', 0, '2016-10-20 08:02:15', '2016-10-20 08:02:15'),
(429, 1, 2010, 136, '9314321856', 0, '2016-10-20 08:36:18', '2016-10-20 08:36:18'),
(430, 1, 2010, 138, '621012049', 0, '2016-10-20 08:36:18', '2016-10-20 08:36:18'),
(431, 1, 2010, 143, '-4664074985', 0, '2016-10-20 08:36:18', '2016-10-20 08:36:18'),
(432, 1, 2010, 147, '124243055', 0, '2016-10-20 08:36:18', '2016-10-20 08:36:18'),
(433, 1, 2010, 150, '4630959296', 0, '2016-10-20 08:36:18', '2016-10-20 08:36:18'),
(434, 1, 2010, 151, '-33093427', 0, '2016-10-20 08:36:18', '2016-10-20 08:36:18'),
(435, 1, 2010, 152, '1922613584', 0, '2016-10-20 08:36:18', '2016-10-20 08:36:18'),
(436, 1, 2010, 153, '4172497084', 0, '2016-10-20 08:36:18', '2016-10-20 08:36:18'),
(437, 1, 2010, 155, '-124243055', 0, '2016-10-20 08:36:18', '2016-10-20 08:36:18'),
(438, 1, 2010, 156, '-246490060', 0, '2016-10-20 08:36:18', '2016-10-20 08:36:18'),
(439, 1, 2010, 157, '250000000', 0, '2016-10-20 08:36:18', '2016-10-20 08:36:18'),
(440, 1, 2010, 158, '-5400000', 0, '2016-10-20 08:36:18', '2016-10-20 08:36:18'),
(441, 1, 2010, 160, '-9818606670', 0, '2016-10-20 08:36:18', '2016-10-20 08:36:18'),
(442, 1, 2010, 163, '-148020480000', 0, '2016-10-20 08:36:18', '2016-10-20 08:36:18'),
(443, 1, 2010, 167, '-46864674094', 0, '2016-10-20 08:36:18', '2016-10-20 08:36:18'),
(444, 1, 2010, 170, '1162391654', 0, '2016-10-20 08:36:18', '2016-10-20 08:36:18'),
(445, 1, 2010, 173, '194000000000', 0, '2016-10-20 08:36:18', '2016-10-20 08:36:18'),
(446, 1, 2010, 175, '908886510', 0, '2016-10-20 08:36:18', '2016-10-20 08:36:18'),
(447, 1, 2010, 176, '-3091300166', 0, '2016-10-20 08:36:18', '2016-10-20 08:36:18'),
(448, 1, 2010, 185, '114871699', 0, '2016-10-20 08:36:18', '2016-10-20 08:36:18'),
(449, 1, 2010, 135, '15962345397', 0, '2016-10-20 08:36:18', '2016-10-20 08:36:18'),
(450, 1, 2010, 137, '-3918819881', 0, '2016-10-20 08:36:18', '2016-10-20 08:36:18'),
(451, 1, 2010, 149, '10566843422', 0, '2016-10-20 08:36:18', '2016-10-20 08:36:18'),
(452, 1, 2010, 159, '-203541369110', 0, '2016-10-20 08:36:18', '2016-10-20 08:36:18'),
(453, 1, 2010, 172, '191817586344', 0, '2016-10-20 08:36:18', '2016-10-20 08:36:18'),
(454, 1, 2010, 184, '4238562631', 0, '2016-10-20 08:36:18', '2016-10-20 08:36:18'),
(455, 1, 2010, 187, '4353434330', 0, '2016-10-20 08:36:18', '2016-10-20 08:36:18'),
(456, 1, 2010, 139, '2480000', 0, '2016-10-20 08:37:14', '2016-10-20 08:37:14'),
(457, 1, 2010, 135, '15964825397', 0, '2016-10-20 08:37:14', '2016-10-20 08:37:14'),
(458, 1, 2010, 137, '-3916339881', 0, '2016-10-20 08:37:14', '2016-10-20 08:37:14'),
(459, 1, 2010, 184, '4241042631', 0, '2016-10-20 08:37:14', '2016-10-20 08:37:14'),
(460, 1, 2010, 187, '4355914330', 0, '2016-10-20 08:37:14', '2016-10-20 08:37:14'),
(461, 1, 2009, 136, '942968697', 0, '2016-10-20 08:46:13', '2016-10-20 08:46:13'),
(462, 1, 2009, 143, '-935000000', 0, '2016-10-20 08:46:13', '2016-10-20 08:46:13'),
(463, 1, 2009, 150, '-18650000000', 0, '2016-10-20 08:46:13', '2016-10-20 08:46:13'),
(464, 1, 2009, 152, '-92096119', 0, '2016-10-20 08:46:13', '2016-10-20 08:46:13'),
(465, 1, 2009, 153, '-86000879', 0, '2016-10-20 08:46:13', '2016-10-20 08:46:13'),
(466, 1, 2009, 170, '935000000', 0, '2016-10-20 08:46:13', '2016-10-20 08:46:13'),
(467, 1, 2009, 173, '18000000000', 0, '2016-10-20 08:46:13', '2016-10-20 08:46:13'),
(468, 1, 2009, 135, '-18820128301', 0, '2016-10-20 08:46:13', '2016-10-20 08:46:13'),
(469, 1, 2009, 137, '-935000000', 0, '2016-10-20 08:46:13', '2016-10-20 08:46:13'),
(470, 1, 2009, 149, '-18828096998', 0, '2016-10-20 08:46:13', '2016-10-20 08:46:13'),
(471, 1, 2009, 159, '935000000', 0, '2016-10-20 08:46:13', '2016-10-20 08:46:13'),
(472, 1, 2009, 172, '18000000000', 0, '2016-10-20 08:46:13', '2016-10-20 08:46:13'),
(473, 1, 2009, 184, '114871699', 0, '2016-10-20 08:46:13', '2016-10-20 08:46:13'),
(474, 1, 2009, 187, '114871699', 0, '2016-10-20 08:46:13', '2016-10-20 08:46:13'),
(475, 3, 2015, 136, '2852100965401', 0, '2016-10-28 04:24:19', '2016-10-28 04:24:19'),
(476, 3, 2015, 138, '2215531092798', 0, '2016-10-28 04:24:19', '2016-10-28 04:24:19'),
(477, 3, 2015, 139, '180300335624', 0, '2016-10-28 04:24:19', '2016-10-28 04:24:19'),
(478, 3, 2015, 142, '392125548103', 0, '2016-10-28 04:24:19', '2016-10-28 04:24:19'),
(479, 3, 2015, 144, '-1894455580399', 0, '2016-10-28 04:24:19', '2016-10-28 04:24:19'),
(480, 3, 2015, 147, '2721940288870', 0, '2016-10-28 04:24:19', '2016-10-28 04:24:19'),
(481, 3, 2015, 150, '-4510794740749', 0, '2016-10-28 04:24:19', '2016-10-28 04:24:19'),
(482, 3, 2015, 151, '-7424030776827', 0, '2016-10-28 04:24:19', '2016-10-28 04:24:19'),
(483, 3, 2015, 152, '40818058572231', 0, '2016-10-28 04:24:19', '2016-10-28 04:24:19'),
(484, 3, 2015, 153, '-1756985859776', 0, '2016-10-28 04:24:19', '2016-10-28 04:24:19'),
(485, 3, 2015, 154, '112322695000', 0, '2016-10-28 04:24:19', '2016-10-28 04:24:19'),
(486, 3, 2015, 155, '-4381857928346', 0, '2016-10-28 04:24:19', '2016-10-28 04:24:19'),
(487, 3, 2015, 156, '-1421314104431', 0, '2016-10-28 04:24:19', '2016-10-28 04:24:19'),
(488, 3, 2015, 160, '-14514819118699', 0, '2016-10-28 04:24:19', '2016-10-28 04:24:19'),
(489, 3, 2015, 162, '38823385497', 0, '2016-10-28 04:24:19', '2016-10-28 04:24:19'),
(490, 3, 2015, 163, '-18880888911471', 0, '2016-10-28 04:24:19', '2016-10-28 04:24:19'),
(491, 3, 2015, 164, '8840834375998', 0, '2016-10-28 04:24:19', '2016-10-28 04:24:19'),
(492, 3, 2015, 167, '-20185422456828', 0, '2016-10-28 04:24:19', '2016-10-28 04:24:19'),
(493, 3, 2015, 168, '4450260724277', 0, '2016-10-28 04:24:19', '2016-10-28 04:24:19'),
(494, 3, 2015, 170, '1152731210286', 0, '2016-10-28 04:24:19', '2016-10-28 04:24:19'),
(495, 3, 2015, 173, '7544319623168', 0, '2016-10-28 04:24:19', '2016-10-28 04:24:19'),
(496, 3, 2015, 175, '20664801635454', 0, '2016-10-28 04:24:19', '2016-10-28 04:24:19'),
(497, 3, 2015, 176, '-16711194036085', 0, '2016-10-28 04:24:19', '2016-10-28 04:24:19'),
(498, 3, 2015, 180, '-974185674300', 0, '2016-10-28 04:24:19', '2016-10-28 04:24:19'),
(499, 3, 2015, 185, '7607513719673', 0, '2016-10-28 04:24:19', '2016-10-28 04:24:19'),
(500, 3, 2015, 186, '2750120021', 0, '2016-10-28 04:24:19', '2016-10-28 04:24:19'),
(501, 3, 2015, 135, '27902940507499', 0, '2016-10-28 04:24:19', '2016-10-28 04:24:19'),
(502, 3, 2015, 137, '3615441684996', 0, '2016-10-28 04:24:19', '2016-10-28 04:24:19'),
(503, 3, 2015, 149, '21435397857102', 0, '2016-10-28 04:24:19', '2016-10-28 04:24:19'),
(504, 3, 2015, 159, '-39098480790940', 0, '2016-10-28 04:24:19', '2016-10-28 04:24:19'),
(505, 3, 2015, 172, '10523741548237', 0, '2016-10-28 04:24:19', '2016-10-28 04:24:19'),
(506, 3, 2015, 184, '-671798735204', 0, '2016-10-28 04:24:19', '2016-10-28 04:24:19'),
(507, 3, 2015, 187, '6938465104490', 0, '2016-10-28 04:24:19', '2016-10-28 04:24:19'),
(508, 3, 2014, 136, '5409680638498', 0, '2016-10-28 04:27:07', '2016-10-28 04:27:07'),
(509, 3, 2014, 138, '1582956786204', 0, '2016-10-28 04:27:07', '2016-10-28 04:27:07'),
(510, 3, 2014, 139, '95586098902', 0, '2016-10-28 04:27:07', '2016-10-28 04:27:07'),
(511, 3, 2014, 142, '153521258290', 0, '2016-10-28 04:27:07', '2016-10-28 04:27:07'),
(512, 3, 2014, 144, '-1333188623458', 0, '2016-10-28 04:27:07', '2016-10-28 04:27:07'),
(513, 3, 2014, 147, '2711269664974', 0, '2016-10-28 04:27:07', '2016-10-28 04:27:07'),
(514, 3, 2014, 150, '-236771046585', 0, '2016-10-28 04:27:07', '2016-10-28 04:27:07'),
(515, 3, 2014, 151, '7828554877896', 0, '2016-10-28 04:27:07', '2016-10-28 04:27:07'),
(516, 3, 2014, 152, '-435168123808', 0, '2016-10-28 04:27:07', '2016-10-28 04:27:07'),
(517, 3, 2014, 153, '-774696243771', 0, '2016-10-28 04:27:07', '2016-10-28 04:27:07'),
(518, 3, 2014, 155, '-3191276794957', 0, '2016-10-28 04:27:07', '2016-10-28 04:27:07'),
(519, 3, 2014, 156, '-1910568513664', 0, '2016-10-28 04:27:07', '2016-10-28 04:27:07'),
(520, 3, 2014, 158, '-3085600466', 0, '2016-10-28 04:27:07', '2016-10-28 04:27:07'),
(521, 3, 2014, 160, '-12078574548052', 0, '2016-10-28 04:27:07', '2016-10-28 04:27:07'),
(522, 3, 2014, 162, '1233509487141', 0, '2016-10-28 04:27:07', '2016-10-28 04:27:07'),
(523, 3, 2014, 163, '-4394117030716', 0, '2016-10-28 04:27:07', '2016-10-28 04:27:07'),
(524, 3, 2014, 164, '3944306480156', 0, '2016-10-28 04:27:07', '2016-10-28 04:27:07'),
(525, 3, 2014, 167, '-12714336731816', 0, '2016-10-28 04:27:07', '2016-10-28 04:27:07'),
(526, 3, 2014, 168, '2592111751675', 0, '2016-10-28 04:27:07', '2016-10-28 04:27:07'),
(527, 3, 2014, 170, '1017729795067', 0, '2016-10-28 04:27:07', '2016-10-28 04:27:07'),
(528, 3, 2014, 173, '4359528098609', 0, '2016-10-28 04:27:07', '2016-10-28 04:27:07'),
(529, 3, 2014, 175, '17264986730202', 0, '2016-10-28 04:27:07', '2016-10-28 04:27:07'),
(530, 3, 2014, 176, '-8682400989542', 0, '2016-10-28 04:27:07', '2016-10-28 04:27:07'),
(531, 3, 2014, 181, '-2366476025105', 0, '2016-10-28 04:27:07', '2016-10-28 04:27:07'),
(532, 3, 2014, 185, '7534048703295', 0, '2016-10-28 04:27:07', '2016-10-28 04:27:07'),
(533, 3, 2014, 186, '383620704', 0, '2016-10-28 04:27:07', '2016-10-28 04:27:07'),
(534, 3, 2014, 135, '9896814378055', 0, '2016-10-28 04:27:07', '2016-10-28 04:27:07'),
(535, 3, 2014, 137, '3210145184912', 0, '2016-10-28 04:27:07', '2016-10-28 04:27:07'),
(536, 3, 2014, 149, '1276988554645', 0, '2016-10-28 04:27:07', '2016-10-28 04:27:07'),
(537, 3, 2014, 159, '-20399370796545', 0, '2016-10-28 04:27:07', '2016-10-28 04:27:07'),
(538, 3, 2014, 172, '10575637814164', 0, '2016-10-28 04:27:07', '2016-10-28 04:27:07'),
(539, 3, 2014, 184, '73081395674', 0, '2016-10-28 04:27:07', '2016-10-28 04:27:07'),
(540, 3, 2014, 187, '7607513719673', 0, '2016-10-28 04:27:07', '2016-10-28 04:27:07'),
(541, 3, 2013, 136, '9740085981878', 0, '2016-10-28 04:29:34', '2016-10-28 04:29:34'),
(542, 3, 2013, 138, '589659772264', 0, '2016-10-28 04:29:34', '2016-10-28 04:29:34'),
(543, 3, 2013, 139, '53343819374', 0, '2016-10-28 04:29:34', '2016-10-28 04:29:34'),
(544, 3, 2013, 140, '-54700187785', 0, '2016-10-28 04:29:34', '2016-10-28 04:29:34'),
(545, 3, 2013, 142, '91401429917', 0, '2016-10-28 04:29:34', '2016-10-28 04:29:34'),
(546, 3, 2013, 143, '3013515056', 0, '2016-10-28 04:29:34', '2016-10-28 04:29:34'),
(547, 3, 2013, 144, '-5637485222758', 0, '2016-10-28 04:29:34', '2016-10-28 04:29:34'),
(548, 3, 2013, 146, '-756474309084', 0, '2016-10-28 04:29:34', '2016-10-28 04:29:34'),
(549, 3, 2013, 147, '1459922785660', 0, '2016-10-28 04:29:34', '2016-10-28 04:29:34'),
(550, 3, 2013, 148, '589083963573', 0, '2016-10-28 04:29:34', '2016-10-28 04:29:34'),
(551, 3, 2013, 150, '1506465991329', 0, '2016-10-28 04:29:34', '2016-10-28 04:29:34'),
(552, 3, 2013, 151, '-53674323727', 0, '2016-10-28 04:29:34', '2016-10-28 04:29:34'),
(553, 3, 2013, 152, '5739159477741', 0, '2016-10-28 04:29:34', '2016-10-28 04:29:34'),
(554, 3, 2013, 153, '367776128547', 0, '2016-10-28 04:29:34', '2016-10-28 04:29:34'),
(555, 3, 2013, 154, '0', 0, '2016-10-28 04:29:34', '2016-10-28 04:29:34'),
(556, 3, 2013, 155, '-2550652028899', 0, '2016-10-28 04:29:34', '2016-10-28 04:29:34'),
(557, 3, 2013, 156, '-1803518979544', 0, '2016-10-28 04:29:34', '2016-10-28 04:29:34'),
(558, 3, 2013, 157, '641182106', 0, '2016-10-28 04:29:34', '2016-10-28 04:29:34'),
(559, 3, 2013, 160, '-8589796722908', 0, '2016-10-28 04:29:34', '2016-10-28 04:29:34'),
(560, 3, 2013, 162, '39220197524', 0, '2016-10-28 04:29:34', '2016-10-28 04:29:34'),
(561, 3, 2013, 163, '-8069778802040', 0, '2016-10-28 04:29:34', '2016-10-28 04:29:34'),
(562, 3, 2013, 164, '4780340308582', 0, '2016-10-28 04:29:34', '2016-10-28 04:29:34'),
(563, 3, 2013, 167, '-8050167058980', 0, '2016-10-28 04:29:34', '2016-10-28 04:29:34'),
(564, 3, 2013, 168, '10458023592091', 0, '2016-10-28 04:29:34', '2016-10-28 04:29:34'),
(565, 3, 2013, 170, '539692018943', 0, '2016-10-28 04:29:34', '2016-10-28 04:29:34'),
(566, 3, 2013, 173, '3256960309647', 0, '2016-10-28 04:29:34', '2016-10-28 04:29:34'),
(567, 3, 2013, 174, '-2953978284083', 0, '2016-10-28 04:29:34', '2016-10-28 04:29:34'),
(568, 3, 2013, 175, '16614545541480', 0, '2016-10-28 04:29:34', '2016-10-28 04:29:34'),
(569, 3, 2013, 176, '-11103071677430', 0, '2016-10-28 04:29:34', '2016-10-28 04:29:34'),
(570, 3, 2013, 177, '-288850999997', 0, '2016-10-28 04:29:34', '2016-10-28 04:29:34'),
(571, 3, 2013, 185, '1616855174935', 0, '2016-10-28 04:29:34', '2016-10-28 04:29:34'),
(572, 3, 2013, 186, '6109883', 0, '2016-10-28 04:29:34', '2016-10-28 04:29:34'),
(573, 3, 2013, 135, '9284048995648', 0, '2016-10-28 04:29:34', '2016-10-28 04:29:34'),
(574, 3, 2013, 137, '-3662234433783', 0, '2016-10-28 04:29:34', '2016-10-28 04:29:34'),
(575, 3, 2013, 149, '3206197447553', 0, '2016-10-28 04:29:34', '2016-10-28 04:29:34'),
(576, 3, 2013, 159, '-8892466466788', 0, '2016-10-28 04:29:34', '2016-10-28 04:29:34'),
(577, 3, 2013, 172, '5525604889617', 0, '2016-10-28 04:29:34', '2016-10-28 04:29:34'),
(578, 3, 2013, 184, '5917187418477', 0, '2016-10-28 04:29:34', '2016-10-28 04:29:34'),
(579, 3, 2013, 187, '7534048703295', 0, '2016-10-28 04:29:34', '2016-10-28 04:29:34'),
(580, 3, 2012, 136, '2655063125963', 0, '2016-10-28 07:26:57', '2016-10-28 07:26:57'),
(581, 3, 2012, 138, '473956758653', 0, '2016-10-28 07:26:57', '2016-10-28 07:26:57'),
(582, 3, 2012, 139, '4065415576', 0, '2016-10-28 07:26:57', '2016-10-28 07:26:57'),
(583, 3, 2012, 140, '-17442478522', 0, '2016-10-28 07:26:57', '2016-10-28 07:26:57'),
(584, 3, 2012, 142, '-3763603143', 0, '2016-10-28 07:26:57', '2016-10-28 07:26:57'),
(585, 3, 2012, 143, '-1915923059', 0, '2016-10-28 07:26:57', '2016-10-28 07:26:57'),
(586, 3, 2012, 144, '-393757169880', 0, '2016-10-28 07:26:57', '2016-10-28 07:26:57'),
(587, 3, 2012, 146, '-753816756152', 0, '2016-10-28 07:26:57', '2016-10-28 07:26:57'),
(588, 3, 2012, 147, '1097254164113', 0, '2016-10-28 07:26:57', '2016-10-28 07:26:57'),
(589, 3, 2012, 148, '426042633583', 0, '2016-10-28 07:26:57', '2016-10-28 07:26:57'),
(590, 3, 2012, 150, '-349157912285', 0, '2016-10-28 07:26:57', '2016-10-28 07:26:57'),
(591, 3, 2012, 151, '-7010548606730', 0, '2016-10-28 07:26:57', '2016-10-28 07:26:57'),
(592, 3, 2012, 152, '4198969712254', 0, '2016-10-28 07:26:57', '2016-10-28 07:26:57'),
(593, 3, 2012, 153, '-146267807240', 0, '2016-10-28 07:26:57', '2016-10-28 07:26:57'),
(594, 3, 2012, 155, '-2341608899245', 0, '2016-10-28 07:26:57', '2016-10-28 07:26:57'),
(595, 3, 2012, 156, '-898948679962', 0, '2016-10-28 07:26:57', '2016-10-28 07:26:57'),
(596, 3, 2012, 157, '10512225001', 0, '2016-10-28 07:26:57', '2016-10-28 07:26:57'),
(597, 3, 2012, 160, '-2921880550078', 0, '2016-10-28 07:26:57', '2016-10-28 07:26:57');
INSERT INTO `cashflow` (`id`, `company_id`, `year`, `param_id`, `value`, `del`, `created_date`, `updated_date`) VALUES
(598, 3, 2012, 162, '948248820753', 0, '2016-10-28 07:26:57', '2016-10-28 07:26:57'),
(599, 3, 2012, 163, '-1550000000000', 0, '2016-10-28 07:26:57', '2016-10-28 07:26:57'),
(600, 3, 2012, 164, '5285050808420', 0, '2016-10-28 07:26:57', '2016-10-28 07:26:57'),
(601, 3, 2012, 165, '22227863252', 0, '2016-10-28 07:26:57', '2016-10-28 07:26:57'),
(602, 3, 2012, 166, '-3357448555556', 0, '2016-10-28 07:26:57', '2016-10-28 07:26:57'),
(603, 3, 2012, 167, '-6246161477500', 0, '2016-10-28 07:26:57', '2016-10-28 07:26:57'),
(604, 3, 2012, 168, '2747638571786', 0, '2016-10-28 07:26:57', '2016-10-28 07:26:57'),
(605, 3, 2012, 169, '868351572675', 0, '2016-10-28 07:26:57', '2016-10-28 07:26:57'),
(606, 3, 2012, 173, '15124060663616', 0, '2016-10-28 07:26:57', '2016-10-28 07:26:57'),
(607, 3, 2012, 176, '-7412562003299', 0, '2016-10-28 07:26:57', '2016-10-28 07:26:57'),
(608, 3, 2012, 179, '-71035327899', 0, '2016-10-28 07:26:57', '2016-10-28 07:26:57'),
(609, 3, 2012, 185, '1231728589840', 0, '2016-10-28 07:26:57', '2016-10-28 07:26:57'),
(610, 3, 2012, 135, '-3051363801075', 0, '2016-10-28 07:26:57', '2016-10-28 07:26:57'),
(611, 3, 2012, 137, '830623041169', 0, '2016-10-28 07:26:57', '2016-10-28 07:26:57'),
(612, 3, 2012, 149, '-6537049968207', 0, '2016-10-28 07:26:57', '2016-10-28 07:26:57'),
(613, 3, 2012, 159, '-4203972946248', 0, '2016-10-28 07:26:57', '2016-10-28 07:26:57'),
(614, 3, 2012, 172, '7640463332418', 0, '2016-10-28 07:26:57', '2016-10-28 07:26:57'),
(615, 3, 2012, 184, '385126585095', 0, '2016-10-28 07:26:57', '2016-10-28 07:26:57'),
(616, 3, 2012, 187, '1616855174935', 0, '2016-10-28 07:26:57', '2016-10-28 07:26:57'),
(617, 3, 2011, 136, '1471471446573', 0, '2016-10-28 07:30:19', '2016-10-28 07:30:19'),
(618, 3, 2011, 138, '199317114262', 0, '2016-10-28 07:30:19', '2016-10-28 07:30:19'),
(619, 3, 2011, 139, '12221478840', 0, '2016-10-28 07:30:19', '2016-10-28 07:30:19'),
(620, 3, 2011, 140, '-196711339694', 0, '2016-10-28 07:30:19', '2016-10-28 07:30:19'),
(621, 3, 2011, 142, '26908645760', 0, '2016-10-28 07:30:19', '2016-10-28 07:30:19'),
(622, 3, 2011, 143, '5404084760', 0, '2016-10-28 07:30:19', '2016-10-28 07:30:19'),
(623, 3, 2011, 144, '-884169953125', 0, '2016-10-28 07:30:19', '2016-10-28 07:30:19'),
(624, 3, 2011, 146, '-785058983719', 0, '2016-10-28 07:30:19', '2016-10-28 07:30:19'),
(625, 3, 2011, 147, '807484484862', 0, '2016-10-28 07:30:19', '2016-10-28 07:30:19'),
(626, 3, 2011, 150, '962424433108', 0, '2016-10-28 07:30:19', '2016-10-28 07:30:19'),
(627, 3, 2011, 151, '-4364830317207', 0, '2016-10-28 07:30:19', '2016-10-28 07:30:19'),
(628, 3, 2011, 152, '8678060560809', 0, '2016-10-28 07:30:19', '2016-10-28 07:30:19'),
(629, 3, 2011, 153, '-381406532855', 0, '2016-10-28 07:30:19', '2016-10-28 07:30:19'),
(630, 3, 2011, 155, '-1192631581884', 0, '2016-10-28 07:30:19', '2016-10-28 07:30:19'),
(631, 3, 2011, 156, '-1030085134846', 0, '2016-10-28 07:30:19', '2016-10-28 07:30:19'),
(632, 3, 2011, 158, '-30187169243', 0, '2016-10-28 07:30:19', '2016-10-28 07:30:19'),
(633, 3, 2011, 160, '-1466116187077', 0, '2016-10-28 07:30:19', '2016-10-28 07:30:19'),
(634, 3, 2011, 162, '207235846450', 0, '2016-10-28 07:30:19', '2016-10-28 07:30:19'),
(635, 3, 2011, 163, '-700000000000', 0, '2016-10-28 07:30:19', '2016-10-28 07:30:19'),
(636, 3, 2011, 164, '1106419943518', 0, '2016-10-28 07:30:19', '2016-10-28 07:30:19'),
(637, 3, 2011, 166, '-233825000000', 0, '2016-10-28 07:30:19', '2016-10-28 07:30:19'),
(638, 3, 2011, 167, '-3514010158903', 0, '2016-10-28 07:30:19', '2016-10-28 07:30:19'),
(639, 3, 2011, 168, '2346238093859', 0, '2016-10-28 07:30:19', '2016-10-28 07:30:19'),
(640, 3, 2011, 170, '861951861434', 0, '2016-10-28 07:30:19', '2016-10-28 07:30:19'),
(641, 3, 2011, 173, '274487652842', 0, '2016-10-28 07:30:19', '2016-10-28 07:30:19'),
(642, 3, 2011, 175, '2868261067533', 0, '2016-10-28 07:30:19', '2016-10-28 07:30:19'),
(643, 3, 2011, 176, '-3186066741944', 0, '2016-10-28 07:30:19', '2016-10-28 07:30:19'),
(644, 3, 2011, 180, '-2146068000765', 0, '2016-10-28 07:30:19', '2016-10-28 07:30:19'),
(645, 3, 2011, 185, '1515008976492', 0, '2016-10-28 07:30:19', '2016-10-28 07:30:19'),
(646, 3, 2011, 135, '3298211236401', 0, '2016-10-28 07:30:19', '2016-10-28 07:30:19'),
(647, 3, 2011, 137, '-814604468054', 0, '2016-10-28 07:30:19', '2016-10-28 07:30:19'),
(648, 3, 2011, 149, '2641344257882', 0, '2016-10-28 07:30:19', '2016-10-28 07:30:19'),
(649, 3, 2011, 159, '-1392105600719', 0, '2016-10-28 07:30:19', '2016-10-28 07:30:19'),
(650, 3, 2011, 172, '-2189386022334', 0, '2016-10-28 07:30:19', '2016-10-28 07:30:19'),
(651, 3, 2011, 184, '-283280386652', 0, '2016-10-28 07:30:19', '2016-10-28 07:30:19'),
(652, 3, 2011, 187, '1231728589840', 0, '2016-10-28 07:30:19', '2016-10-28 07:30:19'),
(653, 3, 2010, 136, '3143054802940', 0, '2016-10-28 07:45:59', '2016-10-28 07:45:59'),
(654, 3, 2010, 138, '71137087665', 0, '2016-10-28 07:45:59', '2016-10-28 07:45:59'),
(655, 3, 2010, 139, '-19214422240', 0, '2016-10-28 07:45:59', '2016-10-28 07:45:59'),
(656, 3, 2010, 142, '91402905358', 0, '2016-10-28 07:45:59', '2016-10-28 07:45:59'),
(657, 3, 2010, 143, '-907900476175', 0, '2016-10-28 07:45:59', '2016-10-28 07:45:59'),
(658, 3, 2010, 147, '511476475135', 0, '2016-10-28 07:45:59', '2016-10-28 07:45:59'),
(659, 3, 2010, 150, '-4407501957813', 0, '2016-10-28 07:45:59', '2016-10-28 07:45:59'),
(660, 3, 2010, 151, '-144873321759', 0, '2016-10-28 07:45:59', '2016-10-28 07:45:59'),
(661, 3, 2010, 152, '3261838944290', 0, '2016-10-28 07:45:59', '2016-10-28 07:45:59'),
(662, 3, 2010, 153, '-261819749646', 0, '2016-10-28 07:45:59', '2016-10-28 07:45:59'),
(663, 3, 2010, 154, '-1048075859461', 0, '2016-10-28 07:45:59', '2016-10-28 07:45:59'),
(664, 3, 2010, 155, '-1048074859461', 0, '2016-10-28 07:45:59', '2016-10-28 07:45:59'),
(665, 3, 2010, 156, '-312592412186', 0, '2016-10-28 07:45:59', '2016-10-28 07:45:59'),
(666, 3, 2010, 158, '-27733342232', 0, '2016-10-28 07:45:59', '2016-10-28 07:45:59'),
(667, 3, 2010, 160, '-4667000360776', 0, '2016-10-28 07:45:59', '2016-10-28 07:45:59'),
(668, 3, 2010, 162, '66348737887', 0, '2016-10-28 07:45:59', '2016-10-28 07:45:59'),
(669, 3, 2010, 163, '-499000000000', 0, '2016-10-28 07:45:59', '2016-10-28 07:45:59'),
(670, 3, 2010, 164, '1580792152829', 0, '2016-10-28 07:45:59', '2016-10-28 07:45:59'),
(671, 3, 2010, 167, '-3028522718617', 0, '2016-10-28 07:45:59', '2016-10-28 07:45:59'),
(672, 3, 2010, 168, '511782332777', 0, '2016-10-28 07:45:59', '2016-10-28 07:45:59'),
(673, 3, 2010, 170, '469012014215', 0, '2016-10-28 07:45:59', '2016-10-28 07:45:59'),
(674, 3, 2010, 173, '1099246733556', 0, '2016-10-28 07:45:59', '2016-10-28 07:45:59'),
(675, 3, 2010, 174, '1553055670000', 0, '2016-10-28 07:45:59', '2016-10-28 07:45:59'),
(676, 3, 2010, 175, '3418205875559', 0, '2016-10-28 07:45:59', '2016-10-28 07:45:59'),
(677, 3, 2010, 176, '-376498497233', 0, '2016-10-28 07:45:59', '2016-10-28 07:45:59'),
(678, 3, 2010, 185, '1426939327932', 0, '2016-10-28 07:45:59', '2016-10-28 07:45:59'),
(679, 3, 2010, 135, '-1098876185585', 0, '2016-10-28 07:45:59', '2016-10-28 07:45:59'),
(680, 3, 2010, 137, '-253098430257', 0, '2016-10-28 07:45:59', '2016-10-28 07:45:59'),
(681, 3, 2010, 149, '-3988832558268', 0, '2016-10-28 07:45:59', '2016-10-28 07:45:59'),
(682, 3, 2010, 159, '-5566587841685', 0, '2016-10-28 07:45:59', '2016-10-28 07:45:59'),
(683, 3, 2010, 172, '5694009781882', 0, '2016-10-28 07:45:59', '2016-10-28 07:45:59'),
(684, 3, 2010, 184, '-971454245388', 0, '2016-10-28 07:45:59', '2016-10-28 07:45:59'),
(685, 3, 2010, 187, '455485082544', 0, '2016-10-28 07:45:59', '2016-10-28 07:45:59'),
(686, 3, 2015, 150, '-4510794740749', 0, '2016-10-28 07:57:39', '2016-10-28 07:57:39'),
(687, 3, 2015, 135, '27902940507499', 0, '2016-10-28 07:57:39', '2016-10-28 07:57:39'),
(688, 3, 2015, 149, '21435397857102', 0, '2016-10-28 07:57:39', '2016-10-28 07:57:39'),
(689, 3, 2015, 184, '-671798735204', 0, '2016-10-28 07:57:39', '2016-10-28 07:57:39'),
(690, 3, 2015, 187, '6938465104490', 0, '2016-10-28 07:57:39', '2016-10-28 07:57:39'),
(691, 3, 2015, 150, '-4510794740749', 0, '2016-10-28 07:58:36', '2016-10-28 07:58:36'),
(692, 3, 2015, 135, '27902940507499', 0, '2016-10-28 07:58:36', '2016-10-28 07:58:36'),
(693, 3, 2015, 149, '21435397857102', 0, '2016-10-28 07:58:36', '2016-10-28 07:58:36'),
(694, 3, 2015, 184, '-671798735204', 0, '2016-10-28 07:58:36', '2016-10-28 07:58:36'),
(695, 3, 2015, 187, '6938465104490', 0, '2016-10-28 07:58:36', '2016-10-28 07:58:36'),
(696, 3, 2015, 150, '-4510794740749', 0, '2016-10-28 08:04:54', '2016-10-28 08:04:54'),
(697, 3, 2015, 135, '27902940507499', 0, '2016-10-28 08:04:54', '2016-10-28 08:04:54'),
(698, 3, 2015, 149, '6467542650397', 0, '2016-10-28 08:04:54', '2016-10-28 08:04:54'),
(699, 3, 2015, 184, '-671798735204', 0, '2016-10-28 08:04:54', '2016-10-28 08:04:54'),
(700, 3, 2015, 187, '6938465104490', 0, '2016-10-28 08:04:54', '2016-10-28 08:04:54'),
(701, 3, 2014, 150, '-236771046585', 0, '2016-10-28 08:05:18', '2016-10-28 08:05:18'),
(702, 3, 2014, 135, '9896814378055', 0, '2016-10-28 08:05:18', '2016-10-28 08:05:18'),
(703, 3, 2014, 149, '8619825823410', 0, '2016-10-28 08:05:18', '2016-10-28 08:05:18'),
(704, 3, 2014, 184, '73081395674', 0, '2016-10-28 08:05:18', '2016-10-28 08:05:18'),
(705, 3, 2014, 187, '7607513719673', 0, '2016-10-28 08:05:18', '2016-10-28 08:05:18'),
(706, 3, 2013, 150, '1506465991329', 0, '2016-10-28 08:05:43', '2016-10-28 08:05:43'),
(707, 3, 2013, 135, '9284048995648', 0, '2016-10-28 08:05:43', '2016-10-28 08:05:43'),
(708, 3, 2013, 149, '6077851548095', 0, '2016-10-28 08:05:43', '2016-10-28 08:05:43'),
(709, 3, 2013, 184, '5917187418477', 0, '2016-10-28 08:05:43', '2016-10-28 08:05:43'),
(710, 3, 2013, 187, '7534048703295', 0, '2016-10-28 08:05:43', '2016-10-28 08:05:43'),
(711, 3, 2012, 150, '-349157912285', 0, '2016-10-28 08:06:01', '2016-10-28 08:06:01'),
(712, 3, 2012, 135, '-3051363801075', 0, '2016-10-28 08:06:01', '2016-10-28 08:06:01'),
(713, 3, 2012, 149, '3485686167132', 0, '2016-10-28 08:06:01', '2016-10-28 08:06:01'),
(714, 3, 2012, 184, '385126585095', 0, '2016-10-28 08:06:01', '2016-10-28 08:06:01'),
(715, 3, 2012, 187, '1616855174935', 0, '2016-10-28 08:06:01', '2016-10-28 08:06:01'),
(716, 3, 2011, 150, '962424433108', 0, '2016-10-28 08:06:20', '2016-10-28 08:06:20'),
(717, 3, 2011, 135, '3298211236401', 0, '2016-10-28 08:06:20', '2016-10-28 08:06:20'),
(718, 3, 2011, 149, '656866978519', 0, '2016-10-28 08:06:20', '2016-10-28 08:06:20'),
(719, 3, 2011, 184, '-283280386652', 0, '2016-10-28 08:06:20', '2016-10-28 08:06:20'),
(720, 3, 2011, 187, '1231728589840', 0, '2016-10-28 08:06:20', '2016-10-28 08:06:20'),
(721, 3, 2010, 150, '-4407501957813', 0, '2016-10-28 08:07:03', '2016-10-28 08:07:03'),
(722, 3, 2010, 135, '-1098876185585', 0, '2016-10-28 08:07:03', '2016-10-28 08:07:03'),
(723, 3, 2010, 149, '2889956372683', 0, '2016-10-28 08:07:03', '2016-10-28 08:07:03'),
(724, 3, 2010, 184, '-971454245388', 0, '2016-10-28 08:07:03', '2016-10-28 08:07:03'),
(725, 3, 2010, 187, '455485082544', 0, '2016-10-28 08:07:03', '2016-10-28 08:07:03'),
(726, 3, 2010, 150, '-4407501951813', 0, '2016-10-28 08:09:08', '2016-10-28 08:09:08'),
(727, 3, 2010, 135, '-1098876179585', 0, '2016-10-28 08:09:08', '2016-10-28 08:09:08'),
(728, 3, 2010, 149, '-3988832558268', 0, '2016-10-28 08:09:08', '2016-10-28 08:09:08'),
(729, 3, 2010, 184, '-971454239388', 0, '2016-10-28 08:09:08', '2016-10-28 08:09:08'),
(730, 3, 2010, 187, '455485088544', 0, '2016-10-28 08:09:08', '2016-10-28 08:09:08'),
(731, 3, 2010, 154, '0', 0, '2016-10-28 08:11:07', '2016-10-28 08:11:07'),
(732, 3, 2010, 135, '-50800320124', 0, '2016-10-28 08:11:07', '2016-10-28 08:11:07'),
(733, 3, 2010, 149, '2889956378683', 0, '2016-10-28 08:11:07', '2016-10-28 08:11:07'),
(734, 3, 2010, 184, '76621620073', 0, '2016-10-28 08:11:07', '2016-10-28 08:11:07'),
(735, 3, 2010, 187, '1503560948005', 0, '2016-10-28 08:11:07', '2016-10-28 08:11:07'),
(736, 3, 2010, 138, '82585116152', 0, '2016-10-28 09:11:10', '2016-10-28 09:11:10'),
(737, 3, 2010, 140, '-65535940673', 0, '2016-10-28 09:11:10', '2016-10-28 09:11:10'),
(738, 3, 2010, 143, '-2012984795', 0, '2016-10-28 09:11:10', '2016-10-28 09:11:10'),
(739, 3, 2010, 144, '-302832660289', 0, '2016-10-28 09:11:10', '2016-10-28 09:11:10'),
(740, 3, 2010, 146, '-537518890418', 0, '2016-10-28 09:11:10', '2016-10-28 09:11:10'),
(741, 3, 2010, 135, '-39352291637', 0, '2016-10-28 09:11:10', '2016-10-28 09:11:10'),
(742, 3, 2010, 137, '-241650401770', 0, '2016-10-28 09:11:10', '2016-10-28 09:11:10'),
(743, 3, 2010, 184, '88069648560', 0, '2016-10-28 09:11:10', '2016-10-28 09:11:10'),
(744, 3, 2010, 187, '1515008976492', 0, '2016-10-28 09:11:10', '2016-10-28 09:11:10'),
(745, 3, 2009, 136, '1384202221891', 0, '2016-10-28 09:21:44', '2016-10-28 09:21:44'),
(746, 3, 2009, 138, '40211818931', 0, '2016-10-28 09:21:44', '2016-10-28 09:21:44'),
(747, 3, 2009, 139, '118595508178', 0, '2016-10-28 09:21:44', '2016-10-28 09:21:44'),
(748, 3, 2009, 140, '-12057080243', 0, '2016-10-28 09:21:44', '2016-10-28 09:21:44'),
(749, 3, 2009, 142, '1447428428', 0, '2016-10-28 09:21:44', '2016-10-28 09:21:44'),
(750, 3, 2009, 143, '813158683', 0, '2016-10-28 09:21:44', '2016-10-28 09:21:44'),
(751, 3, 2009, 144, '-161085047626', 0, '2016-10-28 09:21:44', '2016-10-28 09:21:44'),
(752, 3, 2009, 146, '-228124864785', 0, '2016-10-28 09:21:44', '2016-10-28 09:21:44'),
(753, 3, 2009, 147, '244415376742', 0, '2016-10-28 09:21:44', '2016-10-28 09:21:44'),
(754, 3, 2009, 150, '-350876124106', 0, '2016-10-28 09:21:44', '2016-10-28 09:21:44'),
(755, 3, 2009, 151, '10373602642', 0, '2016-10-28 09:21:44', '2016-10-28 09:21:44'),
(756, 3, 2009, 152, '-39640489000', 0, '2016-10-28 09:21:44', '2016-10-28 09:21:44'),
(757, 3, 2009, 153, '-142451244381', 0, '2016-10-28 09:21:44', '2016-10-28 09:21:44'),
(758, 3, 2009, 155, '-554170665973', 0, '2016-10-28 09:21:44', '2016-10-28 09:21:44'),
(759, 3, 2009, 156, '-49895785316', 0, '2016-10-28 09:21:44', '2016-10-28 09:21:44'),
(760, 3, 2009, 158, '-890149446', 0, '2016-10-28 09:21:44', '2016-10-28 09:21:44'),
(761, 3, 2009, 160, '-1648037880903', 0, '2016-10-28 09:21:44', '2016-10-28 09:21:44'),
(762, 3, 2009, 162, '1727089650', 0, '2016-10-28 09:21:44', '2016-10-28 09:21:44'),
(763, 3, 2009, 163, '-1996294163002', 0, '2016-10-28 09:21:44', '2016-10-28 09:21:44'),
(764, 3, 2009, 164, '981891541000', 0, '2016-10-28 09:21:44', '2016-10-28 09:21:44'),
(765, 3, 2009, 165, '0', 0, '2016-10-28 09:21:44', '2016-10-28 09:21:44'),
(766, 3, 2009, 167, '-3570409630371', 0, '2016-10-28 09:21:44', '2016-10-28 09:21:44'),
(767, 3, 2009, 168, '556500000000', 0, '2016-10-28 09:21:44', '2016-10-28 09:21:44'),
(768, 3, 2009, 173, '1268040820000', 0, '2016-10-28 09:21:44', '2016-10-28 09:21:44'),
(769, 3, 2009, 174, '-10695069390', 0, '2016-10-28 09:21:44', '2016-10-28 09:21:44'),
(770, 3, 2009, 175, '5874189793788', 0, '2016-10-28 09:21:44', '2016-10-28 09:21:44'),
(771, 3, 2009, 176, '-379711814727', 0, '2016-10-28 09:21:44', '2016-10-28 09:21:44'),
(772, 3, 2009, 180, '-54595630500', 0, '2016-10-28 09:21:44', '2016-10-28 09:21:44'),
(773, 3, 2009, 185, '26847972877', 0, '2016-10-28 09:21:44', '2016-10-28 09:21:44'),
(774, 3, 2009, 135, '260867664619', 0, '2016-10-28 09:21:44', '2016-10-28 09:21:44'),
(775, 3, 2009, 137, '4216298308', 0, '2016-10-28 09:21:44', '2016-10-28 09:21:44'),
(776, 3, 2009, 149, '1388418520199', 0, '2016-10-28 09:21:44', '2016-10-28 09:21:44'),
(777, 3, 2009, 159, '-5674623043626', 0, '2016-10-28 09:21:44', '2016-10-28 09:21:44'),
(778, 3, 2009, 172, '6697228099171', 0, '2016-10-28 09:21:44', '2016-10-28 09:21:44'),
(779, 3, 2009, 184, '1283472720164', 0, '2016-10-28 09:21:44', '2016-10-28 09:21:44'),
(780, 3, 2009, 187, '1310320693041', 0, '2016-10-28 09:21:44', '2016-10-28 09:21:44'),
(781, 3, 2009, 170, '116618634891', 0, '2016-10-28 09:23:39', '2016-10-28 09:23:39'),
(782, 3, 2009, 159, '-5558004408735', 0, '2016-10-28 09:23:39', '2016-10-28 09:23:39'),
(783, 3, 2009, 184, '1400091355055', 0, '2016-10-28 09:23:39', '2016-10-28 09:23:39'),
(784, 3, 2009, 187, '1426939327932', 0, '2016-10-28 09:23:39', '2016-10-28 09:23:39'),
(785, 1, 2014, 136, '454024204707', 0, '2016-11-22 08:42:45', '2016-11-22 08:42:45'),
(786, 1, 2014, 135, '-464021744695', 0, '2016-11-22 08:42:45', '2016-11-22 08:42:45'),
(787, 1, 2014, 184, '550916650489', 0, '2016-11-22 08:42:45', '2016-11-22 08:42:45'),
(788, 1, 2014, 187, '563859148199', 0, '2016-11-22 08:42:45', '2016-11-22 08:42:45');

-- --------------------------------------------------------

--
-- Table structure for table `company`
--

CREATE TABLE `company` (
  `id` int(11) NOT NULL,
  `name` varchar(256) CHARACTER SET utf8 NOT NULL COMMENT 'Name of company',
  `code` varchar(10) CHARACTER SET utf8 NOT NULL COMMENT 'Stock code ',
  `sector_id` int(11) NOT NULL,
  `floor_id` int(11) NOT NULL,
  `description` text CHARACTER SET utf8 COMMENT 'History of company',
  `link` varchar(255) CHARACTER SET utf8 DEFAULT NULL,
  `public` int(1) DEFAULT '0',
  `del` tinyint(2) NOT NULL DEFAULT '0',
  `created_date` datetime NOT NULL DEFAULT CURRENT_TIMESTAMP,
  `updated_date` datetime NOT NULL DEFAULT CURRENT_TIMESTAMP
) ENGINE=MyISAM DEFAULT CHARSET=latin1;

--
-- Dumping data for table `company`
--

INSERT INTO `company` (`id`, `name`, `code`, `sector_id`, `floor_id`, `description`, `link`, `public`, `del`, `created_date`, `updated_date`) VALUES
(1, 'Cng ty C phn Tp on FLC', 'FLC', 9, 1, 'Cng ty C phnTp on FLC l mt cng ty hot ng trong lnh vc bt ng sn mi gia nhp th trng. Tuy nhin, nh c i ng qun l c nhiu kinh nghim trong ngnh, Cng ty ang tng bc to lp uy tn v thng hiu FLC trn th trng. S lng khch hng ca Cng ty ngy cng tng khng ch da vo mi quan h tt sn c ca cc cn b qun l m cn da vo chnh cht lng sn phm dch v m FLC mang n cho khch hng. FLC nh hng tr thnh mt trong nhng tp on kinh doanh t vn bt ng sn hng u ti Vit Nam.', 'http://flc.vn', 1, 0, '2016-10-06 06:19:31', '2016-11-24 07:54:39'),
(2, 'CTCP Hng Vng', 'HVG', 4, 1, 'HVG l mt trong nhng cng ty ch bin c tra c thnh lp sm ti Vit Nam vi i ng nhn s nhiu kinh nghim v  to dng c thng hiu c nhiu ngi tiu dng v i tc bit n, nh vo tnh n nh trong sn lng v cht lng ca cc sn phm, quy trnh sn xut khp kn, thng hiu lun c Cng ty ch trng qung b v trch nhim cao i vi x hi v mi trng ca Cng ty. y l nhng yu t lm nn mt HVG lun duy tr mc tng trng tt trong sut 11 nm hoat ng ca mnh.', 'http://www.hungvuongpanga.com/', 1, 0, '2016-10-06 07:53:46', '2016-10-06 07:53:46'),
(3, 'Tp on Vingroup - CTCP', 'VIC', 9, 1, 'Cng ty C phn Vincom (Vincom), tin thn l Cng ty C phn (CP) Thng mi Tng hp Vit Nam, c chnh thc thnh lp vo ngy 3/5/2002. Tri qua hn 8 nm xy dng v pht trin,ti nay, Vincom  tr thnh mt trong nhng doanh nghip hng u Vit Nam trong lnh vc bt ng sn. Hng lot nhng d n bt ng sn cao cp mang thng hiu Vincom ang c trin khai tip ni nhau ti nhiu thnh ph ln ca c nc. Nhng d n ny u l tm im ca s ch  v c nh gi cao bi cc nh u t. Trong tng lai, hng lot cng trnh tm c mang tn Vincom s xut hin trn khp t nc Vit Nam, gp phn xy dng hnh nh Vit Nam hin i,nng ng v pht trin.', 'http://www.vingroup.net', 1, 0, '2016-10-28 01:42:23', '2016-10-28 01:42:23'),
(4, '1', '1', 1, 1, '1', '1', 1, 1, '2016-11-24 04:13:56', '2016-11-24 04:14:08');

-- --------------------------------------------------------

--
-- Table structure for table `customer`
--

CREATE TABLE `customer` (
  `id` int(11) NOT NULL,
  `username` varchar(265) CHARACTER SET utf8 NOT NULL,
  `password` varchar(265) CHARACTER SET utf8 NOT NULL,
  `login_hash` varchar(265) CHARACTER SET utf8 NOT NULL,
  `name` varchar(100) CHARACTER SET utf8 NOT NULL,
  `del` tinyint(4) NOT NULL DEFAULT '0',
  `created_date` datetime NOT NULL,
  `updated_date` datetime NOT NULL
) ENGINE=MyISAM DEFAULT CHARSET=latin1;

--
-- Dumping data for table `customer`
--

INSERT INTO `customer` (`id`, `username`, `password`, `login_hash`, `name`, `del`, `created_date`, `updated_date`) VALUES
(1, 'tranphan2508@gmail.com', 'e10adc3949ba59abbe56e057f20f883e', 'd1e985f45624552625b0962f18659e17', 'Tran Phan', 0, '2016-11-23 00:00:00', '2016-12-14 07:27:23');

-- --------------------------------------------------------

--
-- Table structure for table `floor`
--

CREATE TABLE `floor` (
  `id` int(11) NOT NULL,
  `name` text CHARACTER SET utf8 NOT NULL,
  `code` varchar(10) CHARACTER SET utf8 NOT NULL,
  `link` varchar(256) CHARACTER SET utf8 NOT NULL,
  `del` tinyint(4) NOT NULL DEFAULT '0',
  `created_date` datetime NOT NULL DEFAULT CURRENT_TIMESTAMP,
  `updated_date` datetime NOT NULL DEFAULT CURRENT_TIMESTAMP
) ENGINE=MyISAM DEFAULT CHARSET=latin1;

--
-- Dumping data for table `floor`
--

INSERT INTO `floor` (`id`, `name`, `code`, `link`, `del`, `created_date`, `updated_date`) VALUES
(1, 'S giao dch chng khon H Ch Minh', 'HSX', 'https://www.hsx.vn/', 0, '2016-09-29 09:29:40', '2016-11-23 04:03:45'),
(2, 'S Giao dch Chng khon H Ni', 'HNX', 'http://www.hnx.vn/', 0, '2016-10-05 07:27:31', '2016-10-05 07:27:31'),
(3, 'UPCOM', 'UPCOM', 'http://www.hnx.vn/', 0, '2016-10-05 08:36:54', '2016-10-05 08:37:16');

-- --------------------------------------------------------

--
-- Table structure for table `income_statement`
--

CREATE TABLE `income_statement` (
  `id` int(11) NOT NULL,
  `company_id` int(11) NOT NULL,
  `year` smallint(6) NOT NULL,
  `param_id` int(11) NOT NULL,
  `value` varchar(255) NOT NULL,
  `del` tinyint(4) NOT NULL DEFAULT '0',
  `created_date` datetime NOT NULL,
  `updated_date` datetime NOT NULL
) ENGINE=MyISAM DEFAULT CHARSET=latin1;

--
-- Dumping data for table `income_statement`
--

INSERT INTO `income_statement` (`id`, `company_id`, `year`, `param_id`, `value`, `del`, `created_date`, `updated_date`) VALUES
(36, 1, 2015, 115, '5326248342689', 0, '2016-10-19 04:15:24', '2016-10-19 04:15:24'),
(35, 1, 2015, 118, '682580149411', 0, '2016-10-19 04:15:24', '2016-10-19 04:15:24'),
(34, 1, 2015, 116, '4662387980687', 0, '2016-10-19 04:15:24', '2016-10-19 04:15:24'),
(33, 1, 2015, 113, '5326248342689', 0, '2016-10-19 04:15:24', '2016-10-19 04:15:24'),
(32, 1, 2015, 134, '6008828492100', 0, '2016-10-19 04:13:04', '2016-10-19 04:13:04'),
(31, 1, 2015, 132, '6008828492100', 0, '2016-10-19 04:13:04', '2016-10-19 04:13:04'),
(30, 1, 2015, 131, '0', 0, '2016-10-19 04:13:04', '2016-10-19 04:13:04'),
(29, 1, 2015, 128, '6008828492100', 0, '2016-10-19 04:13:04', '2016-10-19 04:13:04'),
(28, 1, 2015, 127, '0', 0, '2016-10-19 04:13:04', '2016-10-19 04:13:04'),
(27, 1, 2015, 124, '6008828492100', 0, '2016-10-19 04:13:04', '2016-10-19 04:13:04'),
(26, 1, 2015, 117, '5326248342689', 0, '2016-10-19 04:13:04', '2016-10-19 04:13:04'),
(25, 1, 2015, 115, '5326248342689', 0, '2016-10-19 04:13:04', '2016-10-19 04:13:04'),
(24, 1, 2015, 118, '682580149411', 0, '2016-10-19 04:13:04', '2016-10-19 04:13:04'),
(23, 1, 2015, 116, '4662387980687', 0, '2016-10-19 04:13:04', '2016-10-19 04:13:04'),
(22, 1, 2015, 113, '5326248342689', 0, '2016-10-19 04:13:04', '2016-10-19 04:13:04'),
(37, 1, 2015, 117, '5326248342689', 0, '2016-10-19 04:15:24', '2016-10-19 04:15:24'),
(38, 1, 2015, 124, '6008828492100', 0, '2016-10-19 04:15:24', '2016-10-19 04:15:24'),
(39, 1, 2015, 127, '0', 0, '2016-10-19 04:15:24', '2016-10-19 04:15:24'),
(40, 1, 2015, 128, '6008828492100', 0, '2016-10-19 04:15:24', '2016-10-19 04:15:24'),
(41, 1, 2015, 131, '0', 0, '2016-10-19 04:15:24', '2016-10-19 04:15:24'),
(42, 1, 2015, 132, '6008828492100', 0, '2016-10-19 04:15:24', '2016-10-19 04:15:24'),
(43, 1, 2015, 134, '6008828492100', 0, '2016-10-19 04:15:24', '2016-10-19 04:15:24'),
(44, 1, 2015, 115, '5326248342689', 0, '2016-10-19 04:15:31', '2016-10-19 04:15:31'),
(45, 1, 2015, 117, '5326248342689', 0, '2016-10-19 04:15:31', '2016-10-19 04:15:31'),
(46, 1, 2015, 115, '5326248342689', 0, '2016-10-19 04:16:36', '2016-10-19 04:16:36'),
(47, 1, 2015, 117, '5326248342689', 0, '2016-10-19 04:16:36', '2016-10-19 04:16:36'),
(48, 1, 2015, 124, '6008828492100', 0, '2016-10-19 04:16:36', '2016-10-19 04:16:36'),
(49, 1, 2015, 127, '0', 0, '2016-10-19 04:16:36', '2016-10-19 04:16:36'),
(50, 1, 2015, 128, '6008828492100', 0, '2016-10-19 04:16:36', '2016-10-19 04:16:36'),
(51, 1, 2015, 131, '0', 0, '2016-10-19 04:16:36', '2016-10-19 04:16:36'),
(52, 1, 2015, 132, '6008828492100', 0, '2016-10-19 04:16:36', '2016-10-19 04:16:36'),
(53, 1, 2015, 134, '6008828492100', 0, '2016-10-19 04:16:36', '2016-10-19 04:16:36'),
(54, 1, 2015, 115, '5326248342689', 0, '2016-10-19 04:17:42', '2016-10-19 04:17:42'),
(55, 1, 2015, 117, '5326248342689', 0, '2016-10-19 04:17:42', '2016-10-19 04:17:42'),
(56, 1, 2015, 124, '6008828492100', 0, '2016-10-19 04:17:42', '2016-10-19 04:17:42'),
(57, 1, 2015, 127, '0', 0, '2016-10-19 04:17:42', '2016-10-19 04:17:42'),
(58, 1, 2015, 128, '6008828492100', 0, '2016-10-19 04:17:42', '2016-10-19 04:17:42'),
(59, 1, 2015, 131, '0', 0, '2016-10-19 04:17:42', '2016-10-19 04:17:42'),
(60, 1, 2015, 132, '6008828492100', 0, '2016-10-19 04:17:42', '2016-10-19 04:17:42'),
(61, 1, 2015, 134, '6008828492100', 0, '2016-10-19 04:17:42', '2016-10-19 04:17:42'),
(62, 1, 2015, 115, '5326248342689', 0, '2016-10-19 04:18:15', '2016-10-19 04:18:15'),
(63, 1, 2015, 117, '5326248342689', 0, '2016-10-19 04:18:15', '2016-10-19 04:18:15'),
(64, 1, 2015, 124, '6008828492100', 0, '2016-10-19 04:18:15', '2016-10-19 04:18:15'),
(65, 1, 2015, 127, '0', 0, '2016-10-19 04:18:15', '2016-10-19 04:18:15'),
(66, 1, 2015, 128, '6008828492100', 0, '2016-10-19 04:18:15', '2016-10-19 04:18:15'),
(67, 1, 2015, 131, '0', 0, '2016-10-19 04:18:15', '2016-10-19 04:18:15'),
(68, 1, 2015, 132, '6008828492100', 0, '2016-10-19 04:18:15', '2016-10-19 04:18:15'),
(69, 1, 2015, 134, '6008828492100', 0, '2016-10-19 04:18:15', '2016-10-19 04:18:15'),
(70, 1, 2015, 115, '5326248342689', 0, '2016-10-19 04:18:30', '2016-10-19 04:18:30'),
(71, 1, 2015, 117, '5326248342689', 0, '2016-10-19 04:18:30', '2016-10-19 04:18:30'),
(72, 1, 2015, 124, '6008828492100', 0, '2016-10-19 04:18:30', '2016-10-19 04:18:30'),
(73, 1, 2015, 127, '0', 0, '2016-10-19 04:18:30', '2016-10-19 04:18:30'),
(74, 1, 2015, 128, '6008828492100', 0, '2016-10-19 04:18:30', '2016-10-19 04:18:30'),
(75, 1, 2015, 131, '0', 0, '2016-10-19 04:18:30', '2016-10-19 04:18:30'),
(76, 1, 2015, 132, '6008828492100', 0, '2016-10-19 04:18:30', '2016-10-19 04:18:30'),
(77, 1, 2015, 134, '6008828492100', 0, '2016-10-19 04:18:30', '2016-10-19 04:18:30'),
(78, 1, 2015, 115, '5326248342689', 0, '2016-10-19 04:19:35', '2016-10-19 04:19:35'),
(79, 1, 2015, 117, '5326248342689', 0, '2016-10-19 04:19:35', '2016-10-19 04:19:35'),
(80, 1, 2015, 124, '6008828492100', 0, '2016-10-19 04:19:35', '2016-10-19 04:19:35'),
(81, 1, 2015, 127, '0', 0, '2016-10-19 04:19:35', '2016-10-19 04:19:35'),
(82, 1, 2015, 128, '6008828492100', 0, '2016-10-19 04:19:35', '2016-10-19 04:19:35'),
(83, 1, 2015, 131, '0', 0, '2016-10-19 04:19:35', '2016-10-19 04:19:35'),
(84, 1, 2015, 132, '6008828492100', 0, '2016-10-19 04:19:35', '2016-10-19 04:19:35'),
(85, 1, 2015, 134, '6008828492100', 0, '2016-10-19 04:19:35', '2016-10-19 04:19:35'),
(86, 1, 2015, 115, '0', 0, '2016-10-19 04:20:22', '2016-10-19 04:20:22'),
(87, 1, 2015, 117, '0', 0, '2016-10-19 04:20:22', '2016-10-19 04:20:22'),
(88, 1, 2015, 124, '682580149411', 0, '2016-10-19 04:20:22', '2016-10-19 04:20:22'),
(89, 1, 2015, 127, '0', 0, '2016-10-19 04:20:22', '2016-10-19 04:20:22'),
(90, 1, 2015, 128, '682580149411', 0, '2016-10-19 04:20:22', '2016-10-19 04:20:22'),
(91, 1, 2015, 131, '0', 0, '2016-10-19 04:20:22', '2016-10-19 04:20:22'),
(92, 1, 2015, 132, '682580149411', 0, '2016-10-19 04:20:22', '2016-10-19 04:20:22'),
(93, 1, 2015, 134, '682580149411', 0, '2016-10-19 04:20:22', '2016-10-19 04:20:22'),
(94, 1, 2015, 115, '5326248342689', 0, '2016-10-19 04:21:37', '2016-10-19 04:21:37'),
(95, 1, 2015, 117, '663860362002', 0, '2016-10-19 04:21:37', '2016-10-19 04:21:37'),
(96, 1, 2015, 124, '1346440511413', 0, '2016-10-19 04:21:37', '2016-10-19 04:21:37'),
(97, 1, 2015, 127, '0', 0, '2016-10-19 04:21:37', '2016-10-19 04:21:37'),
(98, 1, 2015, 128, '1346440511413', 0, '2016-10-19 04:21:37', '2016-10-19 04:21:37'),
(99, 1, 2015, 131, '0', 0, '2016-10-19 04:21:37', '2016-10-19 04:21:37'),
(100, 1, 2015, 132, '1346440511413', 0, '2016-10-19 04:21:37', '2016-10-19 04:21:37'),
(101, 1, 2015, 134, '1346440511413', 0, '2016-10-19 04:21:37', '2016-10-19 04:21:37'),
(102, 1, 2015, 119, '44371564005', 0, '2016-10-19 04:23:13', '2016-10-19 04:23:13'),
(103, 1, 2015, 121, '42515901673', 0, '2016-10-19 04:23:13', '2016-10-19 04:23:13'),
(104, 1, 2015, 122, '19442114902', 0, '2016-10-19 04:23:13', '2016-10-19 04:23:13'),
(105, 1, 2015, 123, '20628786717', 0, '2016-10-19 04:23:13', '2016-10-19 04:23:13'),
(106, 1, 2015, 115, '5326248342689', 0, '2016-10-19 04:23:13', '2016-10-19 04:23:13'),
(107, 1, 2015, 117, '663860362002', 0, '2016-10-19 04:23:13', '2016-10-19 04:23:13'),
(108, 1, 2015, 124, '1304513947462', 0, '2016-10-19 04:23:13', '2016-10-19 04:23:13'),
(109, 1, 2015, 127, '0', 0, '2016-10-19 04:23:13', '2016-10-19 04:23:13'),
(110, 1, 2015, 128, '1304513947462', 0, '2016-10-19 04:23:13', '2016-10-19 04:23:13'),
(111, 1, 2015, 131, '0', 0, '2016-10-19 04:23:13', '2016-10-19 04:23:13'),
(112, 1, 2015, 132, '1304513947462', 0, '2016-10-19 04:23:13', '2016-10-19 04:23:13'),
(113, 1, 2015, 134, '1304513947462', 0, '2016-10-19 04:23:13', '2016-10-19 04:23:13'),
(114, 1, 2015, 119, '44371564005', 0, '2016-10-19 04:24:33', '2016-10-19 04:24:33'),
(115, 1, 2015, 120, '42515901673', 0, '2016-10-19 04:24:33', '2016-10-19 04:24:33'),
(116, 1, 2015, 121, '19442114902', 0, '2016-10-19 04:24:33', '2016-10-19 04:24:33'),
(117, 1, 2015, 122, '20628786717', 0, '2016-10-19 04:24:33', '2016-10-19 04:24:33'),
(118, 1, 2015, 123, '140713151844', 0, '2016-10-19 04:24:33', '2016-10-19 04:24:33'),
(119, 1, 2015, 115, '5326248342689', 0, '2016-10-19 04:24:33', '2016-10-19 04:24:33'),
(120, 1, 2015, 117, '663860362002', 0, '2016-10-19 04:24:33', '2016-10-19 04:24:33'),
(121, 1, 2015, 124, '1160169123749', 0, '2016-10-19 04:24:33', '2016-10-19 04:24:33'),
(122, 1, 2015, 127, '0', 0, '2016-10-19 04:24:33', '2016-10-19 04:24:33'),
(123, 1, 2015, 128, '1160169123749', 0, '2016-10-19 04:24:33', '2016-10-19 04:24:33'),
(124, 1, 2015, 131, '0', 0, '2016-10-19 04:24:33', '2016-10-19 04:24:33'),
(125, 1, 2015, 132, '1160169123749', 0, '2016-10-19 04:24:33', '2016-10-19 04:24:33'),
(126, 1, 2015, 134, '1160169123749', 0, '2016-10-19 04:24:33', '2016-10-19 04:24:33'),
(127, 1, 2015, 119, '44371564005', 0, '2016-10-19 04:24:50', '2016-10-19 04:24:50'),
(128, 1, 2015, 120, '42515901673', 0, '2016-10-19 04:24:50', '2016-10-19 04:24:50'),
(129, 1, 2015, 121, '19442114902', 0, '2016-10-19 04:24:50', '2016-10-19 04:24:50'),
(130, 1, 2015, 122, '20628786717', 0, '2016-10-19 04:24:50', '2016-10-19 04:24:50'),
(131, 1, 2015, 123, '140713151844', 0, '2016-10-19 04:24:50', '2016-10-19 04:24:50'),
(132, 1, 2015, 125, '1909002402', 0, '2016-10-19 04:24:50', '2016-10-19 04:24:50'),
(133, 1, 2015, 126, '4369165330', 0, '2016-10-19 04:24:50', '2016-10-19 04:24:50'),
(134, 1, 2015, 115, '5326248342689', 0, '2016-10-19 04:24:50', '2016-10-19 04:24:50'),
(135, 1, 2015, 117, '663860362002', 0, '2016-10-19 04:24:50', '2016-10-19 04:24:50'),
(136, 1, 2015, 124, '1160169123749', 0, '2016-10-19 04:24:50', '2016-10-19 04:24:50'),
(137, 1, 2015, 127, '-2460162928', 0, '2016-10-19 04:24:50', '2016-10-19 04:24:50'),
(138, 1, 2015, 128, '1157708960821', 0, '2016-10-19 04:24:50', '2016-10-19 04:24:50'),
(139, 1, 2015, 131, '0', 0, '2016-10-19 04:24:50', '2016-10-19 04:24:50'),
(140, 1, 2015, 132, '1157708960821', 0, '2016-10-19 04:24:50', '2016-10-19 04:24:50'),
(141, 1, 2015, 134, '1157708960821', 0, '2016-10-19 04:24:50', '2016-10-19 04:24:50'),
(142, 1, 2015, 119, '44371564005', 0, '2016-10-19 04:26:00', '2016-10-19 04:26:00'),
(143, 1, 2015, 120, '42515901673', 0, '2016-10-19 04:26:00', '2016-10-19 04:26:00'),
(144, 1, 2015, 121, '19442114902', 0, '2016-10-19 04:26:00', '2016-10-19 04:26:00'),
(145, 1, 2015, 122, '20628786717', 0, '2016-10-19 04:26:00', '2016-10-19 04:26:00'),
(146, 1, 2015, 123, '140713151844', 0, '2016-10-19 04:26:00', '2016-10-19 04:26:00'),
(147, 1, 2015, 125, '1909002402', 0, '2016-10-19 04:26:00', '2016-10-19 04:26:00'),
(148, 1, 2015, 126, '4369165330', 0, '2016-10-19 04:26:00', '2016-10-19 04:26:00'),
(149, 1, 2015, 129, '261442159496', 0, '2016-10-19 04:26:00', '2016-10-19 04:26:00'),
(150, 1, 2015, 130, '-5607084506', 0, '2016-10-19 04:26:00', '2016-10-19 04:26:00'),
(151, 1, 2015, 115, '5326248342689', 0, '2016-10-19 04:26:00', '2016-10-19 04:26:00'),
(152, 1, 2015, 117, '663860362002', 0, '2016-10-19 04:26:00', '2016-10-19 04:26:00'),
(153, 1, 2015, 124, '1160169123749', 0, '2016-10-19 04:26:00', '2016-10-19 04:26:00'),
(154, 1, 2015, 127, '-2460162928', 0, '2016-10-19 04:26:00', '2016-10-19 04:26:00'),
(155, 1, 2015, 128, '1157708960821', 0, '2016-10-19 04:26:00', '2016-10-19 04:26:00'),
(156, 1, 2015, 131, '255835074990', 0, '2016-10-19 04:26:00', '2016-10-19 04:26:00'),
(157, 1, 2015, 132, '901873885831', 0, '2016-10-19 04:26:00', '2016-10-19 04:26:00'),
(158, 1, 2015, 134, '901873885831', 0, '2016-10-19 04:26:00', '2016-10-19 04:26:00'),
(159, 1, 2015, 119, '44371564005', 0, '2016-10-19 04:26:22', '2016-10-19 04:26:22'),
(160, 1, 2015, 120, '42515901673', 0, '2016-10-19 04:26:22', '2016-10-19 04:26:22'),
(161, 1, 2015, 121, '19442114902', 0, '2016-10-19 04:26:22', '2016-10-19 04:26:22'),
(162, 1, 2015, 122, '20628786717', 0, '2016-10-19 04:26:22', '2016-10-19 04:26:22'),
(163, 1, 2015, 123, '140713151844', 0, '2016-10-19 04:26:22', '2016-10-19 04:26:22'),
(164, 1, 2015, 125, '1909002402', 0, '2016-10-19 04:26:22', '2016-10-19 04:26:22'),
(165, 1, 2015, 126, '4369165330', 0, '2016-10-19 04:26:22', '2016-10-19 04:26:22'),
(166, 1, 2015, 129, '261442159496', 0, '2016-10-19 04:26:22', '2016-10-19 04:26:22'),
(167, 1, 2015, 130, '-5607084506', 0, '2016-10-19 04:26:22', '2016-10-19 04:26:22'),
(168, 1, 2015, 133, '-312180976', 0, '2016-10-19 04:26:22', '2016-10-19 04:26:22'),
(169, 1, 2015, 115, '5326248342689', 0, '2016-10-19 04:26:22', '2016-10-19 04:26:22'),
(170, 1, 2015, 117, '663860362002', 0, '2016-10-19 04:26:22', '2016-10-19 04:26:22'),
(171, 1, 2015, 124, '1160169123749', 0, '2016-10-19 04:26:22', '2016-10-19 04:26:22'),
(172, 1, 2015, 127, '-2460162928', 0, '2016-10-19 04:26:22', '2016-10-19 04:26:22'),
(173, 1, 2015, 128, '1157708960821', 0, '2016-10-19 04:26:22', '2016-10-19 04:26:22'),
(174, 1, 2015, 131, '255835074990', 0, '2016-10-19 04:26:22', '2016-10-19 04:26:22'),
(175, 1, 2015, 132, '901873885831', 0, '2016-10-19 04:26:22', '2016-10-19 04:26:22'),
(176, 1, 2015, 134, '902186066807', 0, '2016-10-19 04:26:22', '2016-10-19 04:26:22'),
(177, 1, 2014, 113, '2063903723114', 0, '2016-10-19 07:48:30', '2016-10-19 07:48:30'),
(178, 1, 2014, 114, '313730000', 0, '2016-10-19 07:48:30', '2016-10-19 07:48:30'),
(179, 1, 2014, 116, '1805738292915', 0, '2016-10-19 07:48:30', '2016-10-19 07:48:30'),
(180, 1, 2014, 118, '332198680586', 0, '2016-10-19 07:48:30', '2016-10-19 07:48:30'),
(181, 1, 2014, 119, '46686425316', 0, '2016-10-19 07:48:30', '2016-10-19 07:48:30'),
(182, 1, 2014, 120, '45920592803', 0, '2016-10-19 07:48:30', '2016-10-19 07:48:30'),
(183, 1, 2014, 121, '-14611878540', 0, '2016-10-19 07:48:30', '2016-10-19 07:48:30'),
(184, 1, 2014, 115, '2063589993114', 0, '2016-10-19 07:48:30', '2016-10-19 07:48:30'),
(185, 1, 2014, 117, '257851700199', 0, '2016-10-19 07:48:30', '2016-10-19 07:48:30'),
(186, 1, 2014, 124, '528752076929', 0, '2016-10-19 07:48:30', '2016-10-19 07:48:30'),
(187, 1, 2014, 127, '0', 0, '2016-10-19 07:48:30', '2016-10-19 07:48:30'),
(188, 1, 2014, 128, '528752076929', 0, '2016-10-19 07:48:30', '2016-10-19 07:48:30'),
(189, 1, 2014, 131, '0', 0, '2016-10-19 07:48:30', '2016-10-19 07:48:30'),
(190, 1, 2014, 132, '528752076929', 0, '2016-10-19 07:48:30', '2016-10-19 07:48:30'),
(191, 1, 2014, 134, '528752076929', 0, '2016-10-19 07:48:30', '2016-10-19 07:48:30'),
(192, 1, 2014, 113, '2063903723114', 0, '2016-10-19 07:49:27', '2016-10-19 07:49:27'),
(193, 1, 2014, 114, '313730000', 0, '2016-10-19 07:49:27', '2016-10-19 07:49:27'),
(194, 1, 2014, 116, '1805738292915', 0, '2016-10-19 07:49:27', '2016-10-19 07:49:27'),
(195, 1, 2014, 118, '332198680586', 0, '2016-10-19 07:49:27', '2016-10-19 07:49:27'),
(196, 1, 2014, 119, '46686425316', 0, '2016-10-19 07:49:27', '2016-10-19 07:49:27'),
(197, 1, 2014, 120, '45920592803', 0, '2016-10-19 07:49:27', '2016-10-19 07:49:27'),
(198, 1, 2014, 121, '-14611878540', 0, '2016-10-19 07:49:27', '2016-10-19 07:49:27'),
(199, 1, 2014, 122, '4593249648', 0, '2016-10-19 07:49:27', '2016-10-19 07:49:27'),
(200, 1, 2014, 123, '56154935350', 0, '2016-10-19 07:49:27', '2016-10-19 07:49:27'),
(201, 1, 2014, 115, '2063589993114', 0, '2016-10-19 07:49:27', '2016-10-19 07:49:27'),
(202, 1, 2014, 117, '257851700199', 0, '2016-10-19 07:49:27', '2016-10-19 07:49:27'),
(203, 1, 2014, 124, '468003891931', 0, '2016-10-19 07:49:27', '2016-10-19 07:49:27'),
(204, 1, 2014, 127, '0', 0, '2016-10-19 07:49:27', '2016-10-19 07:49:27'),
(205, 1, 2014, 128, '468003891931', 0, '2016-10-19 07:49:27', '2016-10-19 07:49:27'),
(206, 1, 2014, 131, '0', 0, '2016-10-19 07:49:27', '2016-10-19 07:49:27'),
(207, 1, 2014, 132, '468003891931', 0, '2016-10-19 07:49:27', '2016-10-19 07:49:27'),
(208, 1, 2014, 134, '468003891931', 0, '2016-10-19 07:49:27', '2016-10-19 07:49:27'),
(209, 1, 2014, 113, '2063903723114', 0, '2016-10-19 07:49:40', '2016-10-19 07:49:40'),
(210, 1, 2014, 114, '313730000', 0, '2016-10-19 07:49:40', '2016-10-19 07:49:40'),
(211, 1, 2014, 116, '1805738292915', 0, '2016-10-19 07:49:40', '2016-10-19 07:49:40'),
(212, 1, 2014, 118, '332198680586', 0, '2016-10-19 07:49:40', '2016-10-19 07:49:40'),
(213, 1, 2014, 119, '46686425316', 0, '2016-10-19 07:49:40', '2016-10-19 07:49:40'),
(214, 1, 2014, 120, '45920592803', 0, '2016-10-19 07:49:40', '2016-10-19 07:49:40'),
(215, 1, 2014, 121, '-14611878540', 0, '2016-10-19 07:49:40', '2016-10-19 07:49:40'),
(216, 1, 2014, 122, '4593249648', 0, '2016-10-19 07:49:40', '2016-10-19 07:49:40'),
(217, 1, 2014, 123, '56154935350', 0, '2016-10-19 07:49:40', '2016-10-19 07:49:40'),
(218, 1, 2014, 125, '8339150799', 0, '2016-10-19 07:49:40', '2016-10-19 07:49:40'),
(219, 1, 2014, 126, '22318838023', 0, '2016-10-19 07:49:40', '2016-10-19 07:49:40'),
(220, 1, 2014, 115, '2063589993114', 0, '2016-10-19 07:49:40', '2016-10-19 07:49:40'),
(221, 1, 2014, 117, '257851700199', 0, '2016-10-19 07:49:40', '2016-10-19 07:49:40'),
(222, 1, 2014, 124, '468003891931', 0, '2016-10-19 07:49:40', '2016-10-19 07:49:40'),
(223, 1, 2014, 127, '-13979687224', 0, '2016-10-19 07:49:40', '2016-10-19 07:49:40'),
(224, 1, 2014, 128, '454024204707', 0, '2016-10-19 07:49:40', '2016-10-19 07:49:40'),
(225, 1, 2014, 131, '0', 0, '2016-10-19 07:49:40', '2016-10-19 07:49:40'),
(226, 1, 2014, 132, '454024204707', 0, '2016-10-19 07:49:40', '2016-10-19 07:49:40'),
(227, 1, 2014, 134, '454024204707', 0, '2016-10-19 07:49:40', '2016-10-19 07:49:40'),
(228, 1, 2014, 113, '2063903723114', 0, '2016-10-19 07:50:22', '2016-10-19 07:50:22'),
(229, 1, 2014, 114, '313730000', 0, '2016-10-19 07:50:22', '2016-10-19 07:50:22'),
(230, 1, 2014, 116, '1805738292915', 0, '2016-10-19 07:50:22', '2016-10-19 07:50:22'),
(231, 1, 2014, 118, '332198680586', 0, '2016-10-19 07:50:22', '2016-10-19 07:50:22'),
(232, 1, 2014, 119, '46686425316', 0, '2016-10-19 07:50:22', '2016-10-19 07:50:22'),
(233, 1, 2014, 120, '45920592803', 0, '2016-10-19 07:50:22', '2016-10-19 07:50:22'),
(234, 1, 2014, 121, '-14611878540', 0, '2016-10-19 07:50:22', '2016-10-19 07:50:22'),
(235, 1, 2014, 122, '4593249648', 0, '2016-10-19 07:50:22', '2016-10-19 07:50:22'),
(236, 1, 2014, 123, '56154935350', 0, '2016-10-19 07:50:22', '2016-10-19 07:50:22'),
(237, 1, 2014, 125, '8339150799', 0, '2016-10-19 07:50:22', '2016-10-19 07:50:22'),
(238, 1, 2014, 126, '22318838023', 0, '2016-10-19 07:50:22', '2016-10-19 07:50:22'),
(239, 1, 2014, 129, '98309378429', 0, '2016-10-19 07:50:22', '2016-10-19 07:50:22'),
(240, 1, 2014, 130, '-137916296', 0, '2016-10-19 07:50:22', '2016-10-19 07:50:22'),
(241, 1, 2014, 115, '2063589993114', 0, '2016-10-19 07:50:22', '2016-10-19 07:50:22'),
(242, 1, 2014, 117, '257851700199', 0, '2016-10-19 07:50:22', '2016-10-19 07:50:22'),
(243, 1, 2014, 124, '468003891931', 0, '2016-10-19 07:50:22', '2016-10-19 07:50:22'),
(244, 1, 2014, 127, '-13979687224', 0, '2016-10-19 07:50:22', '2016-10-19 07:50:22'),
(245, 1, 2014, 128, '454024204707', 0, '2016-10-19 07:50:22', '2016-10-19 07:50:22'),
(246, 1, 2014, 131, '98171462133', 0, '2016-10-19 07:50:22', '2016-10-19 07:50:22'),
(247, 1, 2014, 132, '355852742574', 0, '2016-10-19 07:50:22', '2016-10-19 07:50:22'),
(248, 1, 2014, 134, '355852742574', 0, '2016-10-19 07:50:22', '2016-10-19 07:50:22'),
(249, 1, 2014, 113, '2063903723114', 0, '2016-10-19 07:50:31', '2016-10-19 07:50:31'),
(250, 1, 2014, 114, '313730000', 0, '2016-10-19 07:50:31', '2016-10-19 07:50:31'),
(251, 1, 2014, 116, '1805738292915', 0, '2016-10-19 07:50:31', '2016-10-19 07:50:31'),
(252, 1, 2014, 118, '332198680586', 0, '2016-10-19 07:50:31', '2016-10-19 07:50:31'),
(253, 1, 2014, 119, '46686425316', 0, '2016-10-19 07:50:31', '2016-10-19 07:50:31'),
(254, 1, 2014, 120, '45920592803', 0, '2016-10-19 07:50:31', '2016-10-19 07:50:31'),
(255, 1, 2014, 121, '-14611878540', 0, '2016-10-19 07:50:31', '2016-10-19 07:50:31'),
(256, 1, 2014, 122, '4593249648', 0, '2016-10-19 07:50:31', '2016-10-19 07:50:31'),
(257, 1, 2014, 123, '56154935350', 0, '2016-10-19 07:50:31', '2016-10-19 07:50:31'),
(258, 1, 2014, 125, '8339150799', 0, '2016-10-19 07:50:31', '2016-10-19 07:50:31'),
(259, 1, 2014, 126, '22318838023', 0, '2016-10-19 07:50:31', '2016-10-19 07:50:31'),
(260, 1, 2014, 129, '98309378429', 0, '2016-10-19 07:50:31', '2016-10-19 07:50:31'),
(261, 1, 2014, 130, '-137916296', 0, '2016-10-19 07:50:31', '2016-10-19 07:50:31'),
(262, 1, 2014, 133, '-904870', 0, '2016-10-19 07:50:31', '2016-10-19 07:50:31'),
(263, 1, 2014, 115, '2063589993114', 0, '2016-10-19 07:50:31', '2016-10-19 07:50:31'),
(264, 1, 2014, 117, '257851700199', 0, '2016-10-19 07:50:31', '2016-10-19 07:50:31'),
(265, 1, 2014, 124, '468003891931', 0, '2016-10-19 07:50:31', '2016-10-19 07:50:31'),
(266, 1, 2014, 127, '-13979687224', 0, '2016-10-19 07:50:31', '2016-10-19 07:50:31'),
(267, 1, 2014, 128, '454024204707', 0, '2016-10-19 07:50:31', '2016-10-19 07:50:31'),
(268, 1, 2014, 131, '98171462133', 0, '2016-10-19 07:50:31', '2016-10-19 07:50:31'),
(269, 1, 2014, 132, '355852742574', 0, '2016-10-19 07:50:31', '2016-10-19 07:50:31'),
(270, 1, 2014, 134, '355853647444', 0, '2016-10-19 07:50:31', '2016-10-19 07:50:31'),
(271, 1, 2013, 113, '1744112880028', 0, '2016-10-19 08:20:11', '2016-10-19 08:20:11'),
(272, 1, 2013, 114, '99903000', 0, '2016-10-19 08:20:11', '2016-10-19 08:20:11'),
(273, 1, 2013, 116, '1598173492582', 0, '2016-10-19 08:20:11', '2016-10-19 08:20:11'),
(274, 1, 2013, 118, '60103386153', 0, '2016-10-19 08:20:11', '2016-10-19 08:20:11'),
(275, 1, 2013, 119, '27823380176', 0, '2016-10-19 08:20:11', '2016-10-19 08:20:11'),
(276, 1, 2013, 120, '19122010356', 0, '2016-10-19 08:20:11', '2016-10-19 08:20:11'),
(277, 1, 2013, 121, '-2671422174', 0, '2016-10-19 08:20:11', '2016-10-19 08:20:11'),
(278, 1, 2013, 122, '3580082624', 0, '2016-10-19 08:20:11', '2016-10-19 08:20:11'),
(279, 1, 2013, 123, '34071152114', 0, '2016-10-19 08:20:11', '2016-10-19 08:20:11'),
(280, 1, 2013, 125, '62368641', 0, '2016-10-19 08:20:11', '2016-10-19 08:20:11'),
(281, 1, 2013, 126, '809533780', 0, '2016-10-19 08:20:11', '2016-10-19 08:20:11'),
(282, 1, 2013, 129, '38003169992', 0, '2016-10-19 08:20:11', '2016-10-19 08:20:11'),
(283, 1, 2013, 130, '-123537655', 0, '2016-10-19 08:20:11', '2016-10-19 08:20:11'),
(284, 1, 2013, 133, '53016139', 0, '2016-10-19 08:20:11', '2016-10-19 08:20:11'),
(285, 1, 2013, 115, '1744012977028', 0, '2016-10-19 08:20:11', '2016-10-19 08:20:11'),
(286, 1, 2013, 117, '145839484446', 0, '2016-10-19 08:20:11', '2016-10-19 08:20:11'),
(287, 1, 2013, 124, '137796833511', 0, '2016-10-19 08:20:11', '2016-10-19 08:20:11'),
(288, 1, 2013, 127, '-747165139', 0, '2016-10-19 08:20:11', '2016-10-19 08:20:11'),
(289, 1, 2013, 128, '137049668372', 0, '2016-10-19 08:20:11', '2016-10-19 08:20:11'),
(290, 1, 2013, 131, '37879632337', 0, '2016-10-19 08:20:11', '2016-10-19 08:20:11'),
(291, 1, 2013, 132, '99170036035', 0, '2016-10-19 08:20:11', '2016-10-19 08:20:11'),
(292, 1, 2013, 134, '99117019896', 0, '2016-10-19 08:20:11', '2016-10-19 08:20:11'),
(293, 1, 2012, 113, '1561913964027', 0, '2016-10-19 08:33:06', '2016-10-19 08:33:06'),
(294, 1, 2012, 114, '7717444000', 0, '2016-10-19 08:33:06', '2016-10-19 08:33:06'),
(295, 1, 2012, 116, '1511242749944', 0, '2016-10-19 08:33:06', '2016-10-19 08:33:06'),
(296, 1, 2012, 118, '102252735439', 0, '2016-10-19 08:33:06', '2016-10-19 08:33:06'),
(297, 1, 2012, 119, '81190674328', 0, '2016-10-19 08:33:06', '2016-10-19 08:33:06'),
(298, 1, 2012, 120, '12315680965', 0, '2016-10-19 08:33:06', '2016-10-19 08:33:06'),
(299, 1, 2012, 121, '2125898358', 0, '2016-10-19 08:33:06', '2016-10-19 08:33:06'),
(300, 1, 2012, 122, '1062898133', 0, '2016-10-19 08:33:06', '2016-10-19 08:33:06'),
(301, 1, 2012, 123, '26627866770', 0, '2016-10-19 08:33:06', '2016-10-19 08:33:06'),
(302, 1, 2012, 125, '11558319307', 0, '2016-10-19 08:33:06', '2016-10-19 08:33:06'),
(303, 1, 2012, 126, '11383658232', 0, '2016-10-19 08:33:06', '2016-10-19 08:33:06'),
(304, 1, 2012, 129, '2313183726', 0, '2016-10-19 08:33:06', '2016-10-19 08:33:06'),
(305, 1, 2012, 133, '-21471593', 0, '2016-10-19 08:33:06', '2016-10-19 08:33:06'),
(306, 1, 2012, 115, '1554196520027', 0, '2016-10-19 08:33:06', '2016-10-19 08:33:06'),
(307, 1, 2012, 117, '42953770083', 0, '2016-10-19 08:33:06', '2016-10-19 08:33:06'),
(308, 1, 2012, 124, '38450964649', 0, '2016-10-19 08:33:06', '2016-10-19 08:33:06'),
(309, 1, 2012, 127, '174661075', 0, '2016-10-19 08:33:06', '2016-10-19 08:33:06'),
(310, 1, 2012, 128, '38625625724', 0, '2016-10-19 08:33:06', '2016-10-19 08:33:06'),
(311, 1, 2012, 131, '2313183726', 0, '2016-10-19 08:33:06', '2016-10-19 08:33:06'),
(312, 1, 2012, 132, '36312441998', 0, '2016-10-19 08:33:06', '2016-10-19 08:33:06'),
(313, 1, 2012, 134, '36333913591', 0, '2016-10-19 08:33:06', '2016-10-19 08:33:06'),
(314, 1, 2015, 113, '5326248342688', 0, '2016-10-20 06:49:47', '2016-10-20 06:49:47'),
(315, 1, 2015, 115, '5326248342688', 0, '2016-10-20 06:49:47', '2016-10-20 06:49:47'),
(316, 1, 2015, 117, '663860362001', 0, '2016-10-20 06:49:47', '2016-10-20 06:49:47'),
(317, 1, 2015, 124, '1160169123748', 0, '2016-10-20 06:49:47', '2016-10-20 06:49:47'),
(318, 1, 2015, 127, '-2460162928', 0, '2016-10-20 06:49:47', '2016-10-20 06:49:47'),
(319, 1, 2015, 128, '1157708960820', 0, '2016-10-20 06:49:47', '2016-10-20 06:49:47'),
(320, 1, 2015, 131, '255835074990', 0, '2016-10-20 06:49:47', '2016-10-20 06:49:47'),
(321, 1, 2015, 132, '901873885830', 0, '2016-10-20 06:49:47', '2016-10-20 06:49:47'),
(322, 1, 2015, 134, '902186066806', 0, '2016-10-20 06:49:47', '2016-10-20 06:49:47'),
(323, 1, 2015, 113, '5326248342689', 0, '2016-10-20 06:49:50', '2016-10-20 06:49:50'),
(324, 1, 2015, 115, '5326248342689', 0, '2016-10-20 06:49:50', '2016-10-20 06:49:50'),
(325, 1, 2015, 117, '663860362002', 0, '2016-10-20 06:49:50', '2016-10-20 06:49:50'),
(326, 1, 2015, 124, '1160169123749', 0, '2016-10-20 06:49:50', '2016-10-20 06:49:50'),
(327, 1, 2015, 127, '-2460162928', 0, '2016-10-20 06:49:50', '2016-10-20 06:49:50'),
(328, 1, 2015, 128, '1157708960821', 0, '2016-10-20 06:49:50', '2016-10-20 06:49:50'),
(329, 1, 2015, 131, '255835074990', 0, '2016-10-20 06:49:50', '2016-10-20 06:49:50'),
(330, 1, 2015, 132, '901873885831', 0, '2016-10-20 06:49:50', '2016-10-20 06:49:50'),
(331, 1, 2015, 134, '902186066807', 0, '2016-10-20 06:49:50', '2016-10-20 06:49:50'),
(332, 1, 2011, 113, '136201198700', 0, '2016-10-20 08:00:23', '2016-10-20 08:00:23'),
(333, 1, 2011, 116, '125931561619', 0, '2016-10-20 08:00:23', '2016-10-20 08:00:23'),
(334, 1, 2011, 118, '41572187682', 0, '2016-10-20 08:00:23', '2016-10-20 08:00:23'),
(335, 1, 2011, 119, '13870544616', 0, '2016-10-20 08:00:23', '2016-10-20 08:00:23'),
(336, 1, 2011, 120, '13870544616', 0, '2016-10-20 08:00:23', '2016-10-20 08:00:23'),
(337, 1, 2011, 121, '272831926', 0, '2016-10-20 08:00:23', '2016-10-20 08:00:23'),
(338, 1, 2011, 122, '810278120', 0, '2016-10-20 08:00:23', '2016-10-20 08:00:23'),
(339, 1, 2011, 123, '19631859424', 0, '2016-10-20 08:00:23', '2016-10-20 08:00:23'),
(340, 1, 2011, 125, '173987858', 0, '2016-10-20 08:00:23', '2016-10-20 08:00:23'),
(341, 1, 2011, 126, '190597761', 0, '2016-10-20 08:00:23', '2016-10-20 08:00:23'),
(342, 1, 2011, 129, '5213806216', 0, '2016-10-20 08:00:23', '2016-10-20 08:00:23'),
(343, 1, 2011, 133, '134195929', 0, '2016-10-20 08:00:23', '2016-10-20 08:00:23'),
(344, 1, 2011, 115, '136201198700', 0, '2016-10-20 08:00:23', '2016-10-20 08:00:23'),
(345, 1, 2011, 117, '10269637081', 0, '2016-10-20 08:00:23', '2016-10-20 08:00:23'),
(346, 1, 2011, 124, '17801974529', 0, '2016-10-20 08:00:23', '2016-10-20 08:00:23'),
(347, 1, 2011, 127, '-16609903', 0, '2016-10-20 08:00:23', '2016-10-20 08:00:23'),
(348, 1, 2011, 128, '17785364626', 0, '2016-10-20 08:00:23', '2016-10-20 08:00:23'),
(349, 1, 2011, 131, '5213806216', 0, '2016-10-20 08:00:23', '2016-10-20 08:00:23'),
(350, 1, 2011, 132, '12571558410', 0, '2016-10-20 08:00:23', '2016-10-20 08:00:23'),
(351, 1, 2011, 134, '12437362481', 0, '2016-10-20 08:00:23', '2016-10-20 08:00:23'),
(352, 1, 2010, 113, '57646612535', 0, '2016-10-20 08:30:39', '2016-10-20 08:30:39'),
(353, 1, 2010, 114, '25429483035', 0, '2016-10-20 08:30:39', '2016-10-20 08:30:39'),
(354, 1, 2010, 116, '17063880502', 0, '2016-10-20 08:30:39', '2016-10-20 08:30:39'),
(355, 1, 2010, 118, '6023708321', 0, '2016-10-20 08:30:39', '2016-10-20 08:30:39'),
(356, 1, 2010, 119, '652448254', 0, '2016-10-20 08:30:39', '2016-10-20 08:30:39'),
(357, 1, 2010, 120, '124243055', 0, '2016-10-20 08:30:39', '2016-10-20 08:30:39'),
(358, 1, 2010, 121, '0', 0, '2016-10-20 08:30:39', '2016-10-20 08:30:39'),
(359, 1, 2010, 123, '9940713728', 0, '2016-10-20 08:30:39', '2016-10-20 08:30:39'),
(360, 1, 2010, 125, '293785700', 0, '2016-10-20 08:30:39', '2016-10-20 08:30:39'),
(361, 1, 2010, 126, '1563259181', 0, '2016-10-20 08:30:39', '2016-10-20 08:30:39'),
(362, 1, 2010, 129, '2730206339', 0, '2016-10-20 08:30:39', '2016-10-20 08:30:39'),
(363, 1, 2010, 133, '-236726979', 0, '2016-10-20 08:30:39', '2016-10-20 08:30:39'),
(364, 1, 2010, 115, '32217129500', 0, '2016-10-20 08:30:39', '2016-10-20 08:30:39'),
(365, 1, 2010, 117, '15153248998', 0, '2016-10-20 08:30:39', '2016-10-20 08:30:39'),
(366, 1, 2010, 124, '10583795337', 0, '2016-10-20 08:30:39', '2016-10-20 08:30:39'),
(367, 1, 2010, 127, '-1269473481', 0, '2016-10-20 08:30:39', '2016-10-20 08:30:39'),
(368, 1, 2010, 128, '9314321856', 0, '2016-10-20 08:30:39', '2016-10-20 08:30:39'),
(369, 1, 2010, 131, '2730206339', 0, '2016-10-20 08:30:39', '2016-10-20 08:30:39'),
(370, 1, 2010, 132, '6584115517', 0, '2016-10-20 08:30:39', '2016-10-20 08:30:39'),
(371, 1, 2010, 134, '6820842496', 0, '2016-10-20 08:30:39', '2016-10-20 08:30:39'),
(372, 1, 2009, 113, '181818182', 0, '2016-10-20 08:43:59', '2016-10-20 08:43:59'),
(373, 1, 2009, 118, '935000000', 0, '2016-10-20 08:43:59', '2016-10-20 08:43:59'),
(374, 1, 2009, 123, '173849485', 0, '2016-10-20 08:43:59', '2016-10-20 08:43:59'),
(375, 1, 2009, 129, '165019522', 0, '2016-10-20 08:43:59', '2016-10-20 08:43:59'),
(376, 1, 2009, 115, '181818182', 0, '2016-10-20 08:43:59', '2016-10-20 08:43:59'),
(377, 1, 2009, 117, '181818182', 0, '2016-10-20 08:43:59', '2016-10-20 08:43:59'),
(378, 1, 2009, 124, '942968697', 0, '2016-10-20 08:43:59', '2016-10-20 08:43:59'),
(379, 1, 2009, 127, '0', 0, '2016-10-20 08:43:59', '2016-10-20 08:43:59'),
(380, 1, 2009, 128, '942968697', 0, '2016-10-20 08:43:59', '2016-10-20 08:43:59'),
(381, 1, 2009, 131, '165019522', 0, '2016-10-20 08:43:59', '2016-10-20 08:43:59'),
(382, 1, 2009, 132, '777949175', 0, '2016-10-20 08:43:59', '2016-10-20 08:43:59'),
(383, 1, 2009, 134, '777949175', 0, '2016-10-20 08:43:59', '2016-10-20 08:43:59'),
(384, 3, 2015, 113, '34054968884836', 0, '2016-10-28 04:00:19', '2016-10-28 04:00:19'),
(385, 3, 2015, 114, '7002571734', 0, '2016-10-28 04:00:19', '2016-10-28 04:00:19'),
(386, 3, 2015, 116, '22338933561491', 0, '2016-10-28 04:00:19', '2016-10-28 04:00:19'),
(387, 3, 2015, 118, '1931520080322', 0, '2016-10-28 04:00:19', '2016-10-28 04:00:19'),
(388, 3, 2015, 119, '3282074915976', 0, '2016-10-28 04:00:19', '2016-10-28 04:00:19'),
(389, 3, 2015, 120, '2402860475537', 0, '2016-10-28 04:00:19', '2016-10-28 04:00:19'),
(390, 3, 2015, 121, '39227754200', 0, '2016-10-28 04:00:19', '2016-10-28 04:00:19'),
(391, 3, 2015, 122, '2957825676439', 0, '2016-10-28 04:00:19', '2016-10-28 04:00:19'),
(392, 3, 2015, 123, '3922773154112', 0, '2016-10-28 04:00:19', '2016-10-28 04:00:19'),
(393, 3, 2015, 125, '283039374788', 0, '2016-10-28 04:00:19', '2016-10-28 04:00:19'),
(394, 3, 2015, 126, '948045248993', 0, '2016-10-28 04:00:19', '2016-10-28 04:00:19'),
(395, 3, 2015, 129, '1424642826631', 0, '2016-10-28 04:00:19', '2016-10-28 04:00:19'),
(396, 3, 2015, 130, '-74017304681', 0, '2016-10-28 04:00:19', '2016-10-28 04:00:19'),
(397, 3, 2015, 133, '285700617371', 0, '2016-10-28 04:00:19', '2016-10-28 04:00:19'),
(398, 3, 2015, 115, '34047966313102', 0, '2016-10-28 04:00:19', '2016-10-28 04:00:19'),
(399, 3, 2015, 117, '11709032751611', 0, '2016-10-28 04:00:19', '2016-10-28 04:00:19'),
(400, 3, 2015, 124, '3517106839606', 0, '2016-10-28 04:00:19', '2016-10-28 04:00:19'),
(401, 3, 2015, 127, '-665005874205', 0, '2016-10-28 04:00:19', '2016-10-28 04:00:19'),
(402, 3, 2015, 128, '2852100965401', 0, '2016-10-28 04:00:19', '2016-10-28 04:00:19'),
(403, 3, 2015, 131, '1350625521950', 0, '2016-10-28 04:00:19', '2016-10-28 04:00:19'),
(404, 3, 2015, 132, '1501475443451', 0, '2016-10-28 04:00:19', '2016-10-28 04:00:19'),
(405, 3, 2015, 134, '1215774826080', 0, '2016-10-28 04:00:19', '2016-10-28 04:00:19'),
(406, 3, 2014, 113, '27726701600235', 0, '2016-10-28 04:01:19', '2016-10-28 04:01:19'),
(407, 3, 2014, 114, '3068229199', 0, '2016-10-28 04:01:19', '2016-10-28 04:01:19'),
(408, 3, 2014, 116, '17284911479916', 0, '2016-10-28 04:01:19', '2016-10-28 04:01:19'),
(409, 3, 2014, 118, '1346022091036', 0, '2016-10-28 04:01:19', '2016-10-28 04:01:19'),
(410, 3, 2014, 119, '3491052587060', 0, '2016-10-28 04:01:19', '2016-10-28 04:01:19'),
(411, 3, 2014, 120, '2711269664974', 0, '2016-10-28 04:01:19', '2016-10-28 04:01:19'),
(412, 3, 2014, 121, '-8770659254', 0, '2016-10-28 04:01:19', '2016-10-28 04:01:19'),
(413, 3, 2014, 122, '739332476177', 0, '2016-10-28 04:01:19', '2016-10-28 04:01:19'),
(414, 3, 2014, 123, '2170716923462', 0, '2016-10-28 04:01:19', '2016-10-28 04:01:19'),
(415, 3, 2014, 125, '261925884973', 0, '2016-10-28 04:01:19', '2016-10-28 04:01:19'),
(416, 3, 2014, 126, '227116582678', 0, '2016-10-28 04:01:19', '2016-10-28 04:01:19'),
(417, 3, 2014, 129, '1653273503894', 0, '2016-10-28 04:01:19', '2016-10-28 04:01:19'),
(418, 3, 2014, 130, '-19638606879', 0, '2016-10-28 04:01:19', '2016-10-28 04:01:19'),
(419, 3, 2014, 133, '617463065409', 0, '2016-10-28 04:01:19', '2016-10-28 04:01:19'),
(420, 3, 2014, 115, '27723633371036', 0, '2016-10-28 04:01:19', '2016-10-28 04:01:19'),
(421, 3, 2014, 117, '10438721891120', 0, '2016-10-28 04:01:19', '2016-10-28 04:01:19'),
(422, 3, 2014, 124, '5374871336203', 0, '2016-10-28 04:01:19', '2016-10-28 04:01:19'),
(423, 3, 2014, 127, '34809302295', 0, '2016-10-28 04:01:19', '2016-10-28 04:01:19'),
(424, 3, 2014, 128, '5409680638498', 0, '2016-10-28 04:01:19', '2016-10-28 04:01:19'),
(425, 3, 2014, 131, '1633634897015', 0, '2016-10-28 04:01:19', '2016-10-28 04:01:19'),
(426, 3, 2014, 132, '3776045741483', 0, '2016-10-28 04:01:19', '2016-10-28 04:01:19'),
(427, 3, 2014, 134, '3158582676074', 0, '2016-10-28 04:01:19', '2016-10-28 04:01:19'),
(428, 3, 2013, 113, '18379268633216', 0, '2016-10-28 04:02:12', '2016-10-28 04:02:12'),
(429, 3, 2013, 114, '1629787510', 0, '2016-10-28 04:02:12', '2016-10-28 04:02:12'),
(430, 3, 2013, 116, '11346984128307', 0, '2016-10-28 04:02:12', '2016-10-28 04:02:12'),
(431, 3, 2013, 118, '6436048755221', 0, '2016-10-28 04:02:12', '2016-10-28 04:02:12'),
(432, 3, 2013, 119, '1943627332561', 0, '2016-10-28 04:02:12', '2016-10-28 04:02:12'),
(433, 3, 2013, 120, '1459922785660', 0, '2016-10-28 04:02:12', '2016-10-28 04:02:12'),
(434, 3, 2013, 121, '54700187785', 0, '2016-10-28 04:02:12', '2016-10-28 04:02:12'),
(435, 3, 2013, 122, '450072453875', 0, '2016-10-28 04:02:12', '2016-10-28 04:02:12'),
(436, 3, 2013, 123, '1466422267061', 0, '2016-10-28 04:02:12', '2016-10-28 04:02:12'),
(437, 3, 2013, 125, '135646492056', 0, '2016-10-28 04:02:12', '2016-10-28 04:02:12'),
(438, 3, 2013, 126, '56842117086', 0, '2016-10-28 04:02:12', '2016-10-28 04:02:12'),
(439, 3, 2013, 129, '2594314637696', 0, '2016-10-28 04:02:12', '2016-10-28 04:02:12'),
(440, 3, 2013, 130, '-3516776375', 0, '2016-10-28 04:02:12', '2016-10-28 04:02:12'),
(441, 3, 2013, 133, '369775972604', 0, '2016-10-28 04:02:12', '2016-10-28 04:02:12'),
(442, 3, 2013, 115, '18377638845706', 0, '2016-10-28 04:02:12', '2016-10-28 04:02:12'),
(443, 3, 2013, 117, '7030654717399', 0, '2016-10-28 04:02:12', '2016-10-28 04:02:12'),
(444, 3, 2013, 124, '9661281606908', 0, '2016-10-28 04:02:12', '2016-10-28 04:02:12'),
(445, 3, 2013, 127, '78804374970', 0, '2016-10-28 04:02:12', '2016-10-28 04:02:12'),
(446, 3, 2013, 128, '9740085981878', 0, '2016-10-28 04:02:12', '2016-10-28 04:02:12'),
(447, 3, 2013, 131, '2590797861321', 0, '2016-10-28 04:02:12', '2016-10-28 04:02:12'),
(448, 3, 2013, 132, '7149288120557', 0, '2016-10-28 04:02:12', '2016-10-28 04:02:12'),
(449, 3, 2013, 134, '6779512147953', 0, '2016-10-28 04:02:12', '2016-10-28 04:02:12'),
(450, 3, 2012, 113, '7908016426443', 0, '2016-10-28 04:03:28', '2016-10-28 04:03:28'),
(451, 3, 2012, 114, '3543577371', 0, '2016-10-28 04:03:28', '2016-10-28 04:03:28'),
(452, 3, 2012, 116, '4092056174334', 0, '2016-10-28 04:03:28', '2016-10-28 04:03:28'),
(453, 3, 2012, 118, '1178267763042', 0, '2016-10-28 04:03:28', '2016-10-28 04:03:28'),
(454, 3, 2012, 119, '1241485700398', 0, '2016-10-28 04:03:28', '2016-10-28 04:03:28'),
(455, 3, 2012, 120, '1097254164113', 0, '2016-10-28 04:03:28', '2016-10-28 04:03:28'),
(456, 3, 2012, 121, '17442478522', 0, '2016-10-28 04:03:28', '2016-10-28 04:03:28'),
(457, 3, 2012, 122, '204739744706', 0, '2016-10-28 04:03:28', '2016-10-28 04:03:28'),
(458, 3, 2012, 123, '980959525269', 0, '2016-10-28 04:03:28', '2016-10-28 04:03:28'),
(459, 3, 2012, 125, '114330587641', 0, '2016-10-28 04:03:28', '2016-10-28 04:03:28'),
(460, 3, 2012, 126, '40209407607', 0, '2016-10-28 04:03:28', '2016-10-28 04:03:28'),
(461, 3, 2012, 129, '841200729285', 0, '2016-10-28 04:03:28', '2016-10-28 04:03:28'),
(462, 3, 2012, 130, '-32805527847', 0, '2016-10-28 04:03:28', '2016-10-28 04:03:28'),
(463, 3, 2012, 133, '275356238037', 0, '2016-10-28 04:03:28', '2016-10-28 04:03:28'),
(464, 3, 2012, 115, '7904472849072', 0, '2016-10-28 04:03:28', '2016-10-28 04:03:28'),
(465, 3, 2012, 117, '3812416674738', 0, '2016-10-28 04:03:28', '2016-10-28 04:03:28'),
(466, 3, 2012, 124, '2580941945929', 0, '2016-10-28 04:03:28', '2016-10-28 04:03:28'),
(467, 3, 2012, 127, '74121180034', 0, '2016-10-28 04:03:28', '2016-10-28 04:03:28'),
(468, 3, 2012, 128, '2655063125963', 0, '2016-10-28 04:03:28', '2016-10-28 04:03:28'),
(469, 3, 2012, 131, '808395201438', 0, '2016-10-28 04:03:28', '2016-10-28 04:03:28'),
(470, 3, 2012, 132, '1846667924525', 0, '2016-10-28 04:03:28', '2016-10-28 04:03:28'),
(471, 3, 2012, 134, '1571311686488', 0, '2016-10-28 04:03:28', '2016-10-28 04:03:28'),
(472, 3, 2011, 113, '2313739781730', 0, '2016-10-28 04:04:53', '2016-10-28 04:04:53'),
(473, 3, 2011, 116, '1306236537557', 0, '2016-10-28 04:04:53', '2016-10-28 04:04:53'),
(474, 3, 2011, 118, '1687365816306', 0, '2016-10-28 04:04:53', '2016-10-28 04:04:53'),
(475, 3, 2011, 119, '904700560196', 0, '2016-10-28 04:04:53', '2016-10-28 04:04:53'),
(476, 3, 2011, 120, '807484484862', 0, '2016-10-28 04:04:53', '2016-10-28 04:04:53'),
(477, 3, 2011, 121, '196711339694', 0, '2016-10-28 04:04:53', '2016-10-28 04:04:53'),
(478, 3, 2011, 122, '100146853126', 0, '2016-10-28 04:04:53', '2016-10-28 04:04:53'),
(479, 3, 2011, 123, '444155874833', 0, '2016-10-28 04:04:53', '2016-10-28 04:04:53'),
(480, 3, 2011, 125, '130414885097', 0, '2016-10-28 04:04:53', '2016-10-28 04:04:53'),
(481, 3, 2011, 126, '101520550542', 0, '2016-10-28 04:04:53', '2016-10-28 04:04:53'),
(482, 3, 2011, 129, '387964312769', 0, '2016-10-28 04:04:53', '2016-10-28 04:04:53'),
(483, 3, 2011, 130, '9946935040', 0, '2016-10-28 04:04:53', '2016-10-28 04:04:53'),
(484, 3, 2011, 133, '252274322805', 0, '2016-10-28 04:04:53', '2016-10-28 04:04:53'),
(485, 3, 2011, 115, '2313739781730', 0, '2016-10-28 04:04:53', '2016-10-28 04:04:53'),
(486, 3, 2011, 117, '1007503244173', 0, '2016-10-28 04:04:53', '2016-10-28 04:04:53'),
(487, 3, 2011, 124, '1442577112018', 0, '2016-10-28 04:04:53', '2016-10-28 04:04:53'),
(488, 3, 2011, 127, '28894334555', 0, '2016-10-28 04:04:53', '2016-10-28 04:04:53'),
(489, 3, 2011, 128, '1471471446573', 0, '2016-10-28 04:04:53', '2016-10-28 04:04:53'),
(490, 3, 2011, 131, '397911247809', 0, '2016-10-28 04:04:53', '2016-10-28 04:04:53'),
(491, 3, 2011, 132, '1073560198764', 0, '2016-10-28 04:04:53', '2016-10-28 04:04:53'),
(492, 3, 2011, 134, '821285875959', 0, '2016-10-28 04:04:53', '2016-10-28 04:04:53'),
(493, 3, 2010, 113, '3872979781266', 0, '2016-10-28 04:08:04', '2016-10-28 04:08:04'),
(494, 3, 2010, 116, '927026108077', 0, '2016-10-28 04:08:04', '2016-10-28 04:08:04'),
(495, 3, 2010, 118, '1280461859797', 0, '2016-10-28 04:08:04', '2016-10-28 04:08:04'),
(496, 3, 2010, 119, '987456894447', 0, '2016-10-28 04:08:04', '2016-10-28 04:08:04'),
(497, 3, 2010, 120, '511476475135', 0, '2016-10-28 04:08:04', '2016-10-28 04:08:04'),
(498, 3, 2010, 121, '2969827481648', 0, '2016-10-28 04:08:04', '2016-10-28 04:08:04'),
(499, 3, 2010, 122, '29435956071', 0, '2016-10-28 04:08:04', '2016-10-28 04:08:04'),
(500, 3, 2010, 123, '239695200820', 0, '2016-10-28 04:08:04', '2016-10-28 04:08:04'),
(501, 3, 2010, 125, '179241332230', 0, '2016-10-28 04:08:04', '2016-10-28 04:08:04'),
(502, 3, 2010, 126, '71549951611', 0, '2016-10-28 04:08:04', '2016-10-28 04:08:04'),
(503, 3, 2010, 129, '700704758533', 0, '2016-10-28 04:08:04', '2016-10-28 04:08:04'),
(504, 3, 2010, 130, '10335047030', 0, '2016-10-28 04:08:04', '2016-10-28 04:08:04'),
(505, 3, 2010, 133, '125116211150', 0, '2016-10-28 04:08:04', '2016-10-28 04:08:04'),
(506, 3, 2010, 115, '3872979781266', 0, '2016-10-28 04:08:04', '2016-10-28 04:08:04'),
(507, 3, 2010, 117, '2945953673189', 0, '2016-10-28 04:08:04', '2016-10-28 04:08:04'),
(508, 3, 2010, 124, '5939654963296', 0, '2016-10-28 04:08:04', '2016-10-28 04:08:04'),
(509, 3, 2010, 127, '107691380619', 0, '2016-10-28 04:08:04', '2016-10-28 04:08:04'),
(510, 3, 2010, 128, '6047346343915', 0, '2016-10-28 04:08:04', '2016-10-28 04:08:04'),
(511, 3, 2010, 131, '711039805563', 0, '2016-10-28 04:08:04', '2016-10-28 04:08:04'),
(512, 3, 2010, 132, '5336306538352', 0, '2016-10-28 04:08:04', '2016-10-28 04:08:04'),
(513, 3, 2010, 134, '5211190327202', 0, '2016-10-28 04:08:04', '2016-10-28 04:08:04'),
(514, 3, 2010, 121, '65535940673', 0, '2016-10-28 04:08:50', '2016-10-28 04:08:50'),
(515, 3, 2010, 115, '3872979781266', 0, '2016-10-28 04:08:50', '2016-10-28 04:08:50'),
(516, 3, 2010, 117, '2945953673189', 0, '2016-10-28 04:08:50', '2016-10-28 04:08:50'),
(517, 3, 2010, 124, '3035363422321', 0, '2016-10-28 04:08:50', '2016-10-28 04:08:50'),
(518, 3, 2010, 127, '107691380619', 0, '2016-10-28 04:08:50', '2016-10-28 04:08:50'),
(519, 3, 2010, 128, '3143054802940', 0, '2016-10-28 04:08:50', '2016-10-28 04:08:50'),
(520, 3, 2010, 131, '711039805563', 0, '2016-10-28 04:08:50', '2016-10-28 04:08:50'),
(521, 3, 2010, 132, '2432014997377', 0, '2016-10-28 04:08:50', '2016-10-28 04:08:50'),
(522, 3, 2010, 134, '2306898786227', 0, '2016-10-28 04:08:50', '2016-10-28 04:08:50'),
(523, 3, 2009, 113, '1974446241603', 0, '2016-10-28 04:12:38', '2016-10-28 04:12:38'),
(524, 3, 2009, 116, '537310953326', 0, '2016-10-28 04:12:38', '2016-10-28 04:12:38'),
(525, 3, 2009, 118, '432861235107', 0, '2016-10-28 04:12:38', '2016-10-28 04:12:38'),
(526, 3, 2009, 119, '378120364345', 0, '2016-10-28 04:12:38', '2016-10-28 04:12:38'),
(527, 3, 2009, 120, '244415376742', 0, '2016-10-28 04:12:38', '2016-10-28 04:12:38'),
(528, 3, 2009, 121, '12057080243', 0, '2016-10-28 04:12:38', '2016-10-28 04:12:38'),
(529, 3, 2009, 122, '12326530155', 0, '2016-10-28 04:12:38', '2016-10-28 04:12:38'),
(530, 3, 2009, 123, '109705812478', 0, '2016-10-28 04:12:38', '2016-10-28 04:12:38'),
(531, 3, 2009, 125, '5955612257', 0, '2016-10-28 04:12:38', '2016-10-28 04:12:38'),
(532, 3, 2009, 126, '3654287015', 0, '2016-10-28 04:12:38', '2016-10-28 04:12:38'),
(533, 3, 2009, 129, '289768877103', 0, '2016-10-28 04:12:38', '2016-10-28 04:12:38'),
(534, 3, 2009, 130, '7303813125', 0, '2016-10-28 04:12:38', '2016-10-28 04:12:38'),
(535, 3, 2009, 133, '203094991000', 0, '2016-10-28 04:12:38', '2016-10-28 04:12:38'),
(536, 3, 2009, 115, '1974446241603', 0, '2016-10-28 04:12:38', '2016-10-28 04:12:38'),
(537, 3, 2009, 117, '1437135288277', 0, '2016-10-28 04:12:38', '2016-10-28 04:12:38'),
(538, 3, 2009, 124, '1381900896649', 0, '2016-10-28 04:12:38', '2016-10-28 04:12:38'),
(539, 3, 2009, 127, '2301325242', 0, '2016-10-28 04:12:38', '2016-10-28 04:12:38'),
(540, 3, 2009, 128, '1384202221891', 0, '2016-10-28 04:12:38', '2016-10-28 04:12:38'),
(541, 3, 2009, 131, '297072690228', 0, '2016-10-28 04:12:38', '2016-10-28 04:12:38'),
(542, 3, 2009, 132, '1087129531663', 0, '2016-10-28 04:12:38', '2016-10-28 04:12:38'),
(543, 3, 2009, 134, '884034540663', 0, '2016-10-28 04:12:38', '2016-10-28 04:12:38'),
(544, 3, 2009, 130, '-7303813125', 0, '2016-10-28 04:14:13', '2016-10-28 04:14:13'),
(545, 3, 2009, 115, '1974446241603', 0, '2016-10-28 04:14:13', '2016-10-28 04:14:13'),
(546, 3, 2009, 117, '1437135288277', 0, '2016-10-28 04:14:13', '2016-10-28 04:14:13'),
(547, 3, 2009, 124, '1381900896649', 0, '2016-10-28 04:14:13', '2016-10-28 04:14:13'),
(548, 3, 2009, 127, '2301325242', 0, '2016-10-28 04:14:13', '2016-10-28 04:14:13'),
(549, 3, 2009, 128, '1384202221891', 0, '2016-10-28 04:14:13', '2016-10-28 04:14:13'),
(550, 3, 2009, 131, '282465063978', 0, '2016-10-28 04:14:13', '2016-10-28 04:14:13'),
(551, 3, 2009, 132, '1101737157913', 0, '2016-10-28 04:14:13', '2016-10-28 04:14:13'),
(552, 3, 2009, 134, '898642166913', 0, '2016-10-28 04:14:13', '2016-10-28 04:14:13'),
(553, 3, 2008, 113, '239180299742', 0, '2016-10-28 04:15:49', '2016-10-28 04:15:49'),
(554, 3, 2008, 116, '60710735035', 0, '2016-10-28 04:15:49', '2016-10-28 04:15:49'),
(555, 3, 2008, 118, '413039174035', 0, '2016-10-28 04:15:49', '2016-10-28 04:15:49'),
(556, 3, 2008, 119, '316016721330', 0, '2016-10-28 04:15:49', '2016-10-28 04:15:49'),
(557, 3, 2008, 120, '279310334841', 0, '2016-10-28 04:15:49', '2016-10-28 04:15:49'),
(558, 3, 2008, 121, '1802295649', 0, '2016-10-28 04:15:49', '2016-10-28 04:15:49'),
(559, 3, 2008, 122, '13423575248', 0, '2016-10-28 04:15:49', '2016-10-28 04:15:49'),
(560, 3, 2008, 123, '120526070670', 0, '2016-10-28 04:15:49', '2016-10-28 04:15:49'),
(561, 3, 2008, 125, '23605330736', 0, '2016-10-28 04:15:49', '2016-10-28 04:15:49'),
(562, 3, 2008, 126, '10181673183', 0, '2016-10-28 04:15:49', '2016-10-28 04:15:49'),
(563, 3, 2008, 129, '30773535251', 0, '2016-10-28 04:15:49', '2016-10-28 04:15:49'),
(564, 3, 2008, 133, '1269688502', 0, '2016-10-28 04:15:49', '2016-10-28 04:15:49'),
(565, 3, 2008, 115, '239180299742', 0, '2016-10-28 04:15:49', '2016-10-28 04:15:49'),
(566, 3, 2008, 117, '178469564707', 0, '2016-10-28 04:15:49', '2016-10-28 04:15:49'),
(567, 3, 2008, 124, '143344667143', 0, '2016-10-28 04:15:49', '2016-10-28 04:15:49'),
(568, 3, 2008, 127, '13423657553', 0, '2016-10-28 04:15:49', '2016-10-28 04:15:49'),
(569, 3, 2008, 128, '156768324696', 0, '2016-10-28 04:15:49', '2016-10-28 04:15:49'),
(570, 3, 2008, 131, '30773535251', 0, '2016-10-28 04:15:49', '2016-10-28 04:15:49'),
(571, 3, 2008, 132, '125994789445', 0, '2016-10-28 04:15:49', '2016-10-28 04:15:49'),
(572, 3, 2008, 134, '124725100943', 0, '2016-10-28 04:15:49', '2016-10-28 04:15:49'),
(573, 3, 2007, 113, '180242544074', 0, '2016-10-28 04:17:23', '2016-10-28 04:17:23'),
(574, 3, 2007, 114, '47309090', 0, '2016-10-28 04:17:23', '2016-10-28 04:17:23'),
(575, 3, 2007, 116, '52133045589', 0, '2016-10-28 04:17:23', '2016-10-28 04:17:23'),
(576, 3, 2007, 118, '262312749373', 0, '2016-10-28 04:17:23', '2016-10-28 04:17:23'),
(577, 3, 2007, 119, '22192129646', 0, '2016-10-28 04:17:23', '2016-10-28 04:17:23'),
(578, 3, 2007, 120, '21211308650', 0, '2016-10-28 04:17:23', '2016-10-28 04:17:23'),
(579, 3, 2007, 122, '13482819793', 0, '2016-10-28 04:17:23', '2016-10-28 04:17:23'),
(580, 3, 2007, 123, '30075537578', 0, '2016-10-28 04:17:23', '2016-10-28 04:17:23'),
(581, 3, 2007, 125, '8706882341', 0, '2016-10-28 04:17:23', '2016-10-28 04:17:23'),
(582, 3, 2007, 126, '109215753', 0, '2016-10-28 04:17:23', '2016-10-28 04:17:23'),
(583, 3, 2007, 129, '64425416671', 0, '2016-10-28 04:17:23', '2016-10-28 04:17:23'),
(584, 3, 2007, 133, '-553761267', 0, '2016-10-28 04:17:23', '2016-10-28 04:17:23'),
(585, 3, 2007, 115, '180195234984', 0, '2016-10-28 04:17:23', '2016-10-28 04:17:23'),
(586, 3, 2007, 117, '128062189395', 0, '2016-10-28 04:17:23', '2016-10-28 04:17:23'),
(587, 3, 2007, 124, '324624451751', 0, '2016-10-28 04:17:23', '2016-10-28 04:17:23'),
(588, 3, 2007, 127, '8597666588', 0, '2016-10-28 04:17:23', '2016-10-28 04:17:23'),
(589, 3, 2007, 128, '333222118339', 0, '2016-10-28 04:17:23', '2016-10-28 04:17:23'),
(590, 3, 2007, 131, '64425416671', 0, '2016-10-28 04:17:23', '2016-10-28 04:17:23'),
(591, 3, 2007, 132, '268796701668', 0, '2016-10-28 04:17:23', '2016-10-28 04:17:23'),
(592, 3, 2007, 134, '269350462935', 0, '2016-10-28 04:17:23', '2016-10-28 04:17:23'),
(593, 3, 2006, 113, '562813512163', 0, '2016-10-28 04:18:44', '2016-10-28 04:18:44'),
(594, 3, 2006, 114, '14400488347', 0, '2016-10-28 04:18:44', '2016-10-28 04:18:44'),
(595, 3, 2006, 116, '191748134726', 0, '2016-10-28 04:18:44', '2016-10-28 04:18:44'),
(596, 3, 2006, 118, '6137173610', 0, '2016-10-28 04:18:44', '2016-10-28 04:18:44'),
(597, 3, 2006, 119, '3750621', 0, '2016-10-28 04:18:44', '2016-10-28 04:18:44'),
(598, 3, 2006, 122, '10907816595', 0, '2016-10-28 04:18:44', '2016-10-28 04:18:44'),
(599, 3, 2006, 123, '13174818726', 0, '2016-10-28 04:18:44', '2016-10-28 04:18:44'),
(600, 3, 2006, 125, '14359709129', 0, '2016-10-28 04:18:44', '2016-10-28 04:18:44'),
(601, 3, 2006, 126, '5849537361', 0, '2016-10-28 04:18:44', '2016-10-28 04:18:44'),
(602, 3, 2006, 115, '548413023816', 0, '2016-10-28 04:18:44', '2016-10-28 04:18:44'),
(603, 3, 2006, 117, '356664889090', 0, '2016-10-28 04:18:44', '2016-10-28 04:18:44'),
(604, 3, 2006, 124, '338715676758', 0, '2016-10-28 04:18:44', '2016-10-28 04:18:44'),
(605, 3, 2006, 127, '8510171768', 0, '2016-10-28 04:18:44', '2016-10-28 04:18:44'),
(606, 3, 2006, 128, '347225848526', 0, '2016-10-28 04:18:44', '2016-10-28 04:18:44'),
(607, 3, 2006, 131, '0', 0, '2016-10-28 04:18:44', '2016-10-28 04:18:44'),
(608, 3, 2006, 132, '347225848526', 0, '2016-10-28 04:18:44', '2016-10-28 04:18:44'),
(609, 3, 2006, 134, '347225848526', 0, '2016-10-28 04:18:44', '2016-10-28 04:18:44'),
(610, 3, 2006, 129, '3453424232', 0, '2016-10-28 04:19:16', '2016-10-28 04:19:16'),
(611, 3, 2006, 115, '548413023816', 0, '2016-10-28 04:19:16', '2016-10-28 04:19:16'),
(612, 3, 2006, 117, '356664889090', 0, '2016-10-28 04:19:16', '2016-10-28 04:19:16'),
(613, 3, 2006, 124, '338715676758', 0, '2016-10-28 04:19:16', '2016-10-28 04:19:16'),
(614, 3, 2006, 127, '8510171768', 0, '2016-10-28 04:19:16', '2016-10-28 04:19:16'),
(615, 3, 2006, 128, '347225848526', 0, '2016-10-28 04:19:16', '2016-10-28 04:19:16'),
(616, 3, 2006, 131, '3453424232', 0, '2016-10-28 04:19:16', '2016-10-28 04:19:16'),
(617, 3, 2006, 132, '343772424294', 0, '2016-10-28 04:19:16', '2016-10-28 04:19:16'),
(618, 3, 2006, 134, '343772424294', 0, '2016-10-28 04:19:16', '2016-10-28 04:19:16'),
(619, 3, 2005, 113, '136954915012', 0, '2016-10-28 04:20:28', '2016-10-28 04:20:28'),
(620, 3, 2005, 116, '42293126252', 0, '2016-10-28 04:20:28', '2016-10-28 04:20:28'),
(621, 3, 2005, 118, '817814635', 0, '2016-10-28 04:20:28', '2016-10-28 04:20:28');
INSERT INTO `income_statement` (`id`, `company_id`, `year`, `param_id`, `value`, `del`, `created_date`, `updated_date`) VALUES
(622, 3, 2005, 119, '4662128725', 0, '2016-10-28 04:20:28', '2016-10-28 04:20:28'),
(623, 3, 2005, 120, '4325836010', 0, '2016-10-28 04:20:28', '2016-10-28 04:20:28'),
(624, 3, 2005, 122, '5992723424', 0, '2016-10-28 04:20:28', '2016-10-28 04:20:28'),
(625, 3, 2005, 123, '11179390902', 0, '2016-10-28 04:20:28', '2016-10-28 04:20:28'),
(626, 3, 2005, 125, '4688588912', 0, '2016-10-28 04:20:28', '2016-10-28 04:20:28'),
(627, 3, 2005, 126, '9809447177', 0, '2016-10-28 04:20:28', '2016-10-28 04:20:28'),
(628, 3, 2005, 115, '136954915012', 0, '2016-10-28 04:20:28', '2016-10-28 04:20:28'),
(629, 3, 2005, 117, '94661788760', 0, '2016-10-28 04:20:28', '2016-10-28 04:20:28'),
(630, 3, 2005, 124, '73645360344', 0, '2016-10-28 04:20:28', '2016-10-28 04:20:28'),
(631, 3, 2005, 127, '-5120858265', 0, '2016-10-28 04:20:28', '2016-10-28 04:20:28'),
(632, 3, 2005, 128, '68524502079', 0, '2016-10-28 04:20:28', '2016-10-28 04:20:28'),
(633, 3, 2005, 131, '0', 0, '2016-10-28 04:20:28', '2016-10-28 04:20:28'),
(634, 3, 2005, 132, '68524502079', 0, '2016-10-28 04:20:28', '2016-10-28 04:20:28'),
(635, 3, 2005, 134, '68524502079', 0, '2016-10-28 04:20:28', '2016-10-28 04:20:28'),
(636, 1, 2015, 113, '5326248342689', 0, '2016-11-16 08:44:58', '2016-11-16 08:44:58'),
(637, 1, 2015, 115, '5326248342689', 0, '2016-11-16 08:44:58', '2016-11-16 08:44:58'),
(638, 1, 2015, 117, '663860362002', 0, '2016-11-16 08:44:58', '2016-11-16 08:44:58'),
(639, 1, 2015, 124, '1160169123749', 0, '2016-11-16 08:44:58', '2016-11-16 08:44:58'),
(640, 1, 2015, 127, '-2460162928', 0, '2016-11-16 08:44:58', '2016-11-16 08:44:58'),
(641, 1, 2015, 128, '1157708960821', 0, '2016-11-16 08:44:58', '2016-11-16 08:44:58'),
(642, 1, 2015, 131, '255835074990', 0, '2016-11-16 08:44:58', '2016-11-16 08:44:58'),
(643, 1, 2015, 132, '901873885831', 0, '2016-11-16 08:44:58', '2016-11-16 08:44:58'),
(644, 1, 2015, 134, '902186066807', 0, '2016-11-16 08:44:58', '2016-11-16 08:44:58'),
(645, 1, 2015, 113, '5326248342689', 0, '2016-11-16 08:53:23', '2016-11-16 08:53:23'),
(646, 1, 2015, 115, '5326248342689', 0, '2016-11-16 08:53:23', '2016-11-16 08:53:23'),
(647, 1, 2015, 117, '663860362002', 0, '2016-11-16 08:53:23', '2016-11-16 08:53:23'),
(648, 1, 2015, 124, '1160169123749', 0, '2016-11-16 08:53:23', '2016-11-16 08:53:23'),
(649, 1, 2015, 127, '-2460162928', 0, '2016-11-16 08:53:23', '2016-11-16 08:53:23'),
(650, 1, 2015, 128, '1157708960821', 0, '2016-11-16 08:53:23', '2016-11-16 08:53:23'),
(651, 1, 2015, 131, '255835074990', 0, '2016-11-16 08:53:23', '2016-11-16 08:53:23'),
(652, 1, 2015, 132, '901873885831', 0, '2016-11-16 08:53:23', '2016-11-16 08:53:23'),
(653, 1, 2015, 134, '902186066807', 0, '2016-11-16 08:53:23', '2016-11-16 08:53:23'),
(654, 1, 2015, 113, '5326248342689', 0, '2016-11-16 09:09:24', '2016-11-16 09:09:24'),
(655, 1, 2015, 115, '5326248342689', 0, '2016-11-16 09:09:24', '2016-11-16 09:09:24'),
(656, 1, 2015, 117, '663860362002', 0, '2016-11-16 09:09:24', '2016-11-16 09:09:24'),
(657, 1, 2015, 124, '1160169123749', 0, '2016-11-16 09:09:24', '2016-11-16 09:09:24'),
(658, 1, 2015, 127, '-2460162928', 0, '2016-11-16 09:09:24', '2016-11-16 09:09:24'),
(659, 1, 2015, 128, '1157708960821', 0, '2016-11-16 09:09:24', '2016-11-16 09:09:24'),
(660, 1, 2015, 131, '255835074990', 0, '2016-11-16 09:09:24', '2016-11-16 09:09:24'),
(661, 1, 2015, 132, '901873885831', 0, '2016-11-16 09:09:24', '2016-11-16 09:09:24'),
(662, 1, 2015, 134, '902186066807', 0, '2016-11-16 09:09:24', '2016-11-16 09:09:24'),
(663, 1, 2015, 113, '5326248342689', 0, '2016-11-16 09:22:44', '2016-11-16 09:22:44'),
(664, 1, 2015, 115, '5326248342689', 0, '2016-11-16 09:22:44', '2016-11-16 09:22:44'),
(665, 1, 2015, 117, '663860362002', 0, '2016-11-16 09:22:44', '2016-11-16 09:22:44'),
(666, 1, 2015, 124, '1160169123749', 0, '2016-11-16 09:22:44', '2016-11-16 09:22:44'),
(667, 1, 2015, 127, '-2460162928', 0, '2016-11-16 09:22:44', '2016-11-16 09:22:44'),
(668, 1, 2015, 128, '1157708960821', 0, '2016-11-16 09:22:44', '2016-11-16 09:22:44'),
(669, 1, 2015, 131, '255835074990', 0, '2016-11-16 09:22:44', '2016-11-16 09:22:44'),
(670, 1, 2015, 132, '901873885831', 0, '2016-11-16 09:22:44', '2016-11-16 09:22:44'),
(671, 1, 2015, 134, '902186066807', 0, '2016-11-16 09:22:44', '2016-11-16 09:22:44'),
(672, 3, 2015, 113, '34054968884836', 0, '2016-11-17 02:24:25', '2016-11-17 02:24:25'),
(673, 3, 2015, 115, '34047966313102', 0, '2016-11-17 02:24:25', '2016-11-17 02:24:25'),
(674, 3, 2015, 117, '11709032751611', 0, '2016-11-17 02:24:25', '2016-11-17 02:24:25'),
(675, 3, 2015, 124, '3517106839606', 0, '2016-11-17 02:24:25', '2016-11-17 02:24:25'),
(676, 3, 2015, 127, '-665005874205', 0, '2016-11-17 02:24:25', '2016-11-17 02:24:25'),
(677, 3, 2015, 128, '2852100965401', 0, '2016-11-17 02:24:25', '2016-11-17 02:24:25'),
(678, 3, 2015, 131, '1350625521950', 0, '2016-11-17 02:24:25', '2016-11-17 02:24:25'),
(679, 3, 2015, 132, '1501475443451', 0, '2016-11-17 02:24:25', '2016-11-17 02:24:25'),
(680, 3, 2015, 134, '1215774826080', 0, '2016-11-17 02:24:25', '2016-11-17 02:24:25'),
(681, 1, 2014, 113, '2063903723114', 0, '2016-11-22 08:42:36', '2016-11-22 08:42:36'),
(682, 1, 2014, 115, '2063589993114', 0, '2016-11-22 08:42:36', '2016-11-22 08:42:36'),
(683, 1, 2014, 117, '257851700199', 0, '2016-11-22 08:42:36', '2016-11-22 08:42:36'),
(684, 1, 2014, 124, '468003891931', 0, '2016-11-22 08:42:36', '2016-11-22 08:42:36'),
(685, 1, 2014, 127, '-13979687224', 0, '2016-11-22 08:42:36', '2016-11-22 08:42:36'),
(686, 1, 2014, 128, '454024204707', 0, '2016-11-22 08:42:36', '2016-11-22 08:42:36'),
(687, 1, 2014, 131, '98171462133', 0, '2016-11-22 08:42:36', '2016-11-22 08:42:36'),
(688, 1, 2014, 132, '355852742574', 0, '2016-11-22 08:42:36', '2016-11-22 08:42:36'),
(689, 1, 2014, 134, '355853647444', 0, '2016-11-22 08:42:36', '2016-11-22 08:42:36'),
(690, 1, 2015, 113, '5326248342689', 0, '2016-11-25 08:53:16', '2016-11-25 08:53:16'),
(691, 1, 2015, 115, '5326248342689', 0, '2016-11-25 08:53:16', '2016-11-25 08:53:16'),
(692, 1, 2015, 117, '663860362002', 0, '2016-11-25 08:53:16', '2016-11-25 08:53:16'),
(693, 1, 2015, 124, '1160169123749', 0, '2016-11-25 08:53:16', '2016-11-25 08:53:16'),
(694, 1, 2015, 127, '-2460162928', 0, '2016-11-25 08:53:16', '2016-11-25 08:53:16'),
(695, 1, 2015, 128, '1157708960821', 0, '2016-11-25 08:53:16', '2016-11-25 08:53:16'),
(696, 1, 2015, 131, '255835074990', 0, '2016-11-25 08:53:16', '2016-11-25 08:53:16'),
(697, 1, 2015, 132, '901873885831', 0, '2016-11-25 08:53:16', '2016-11-25 08:53:16'),
(698, 1, 2015, 134, '902186066807', 0, '2016-11-25 08:53:16', '2016-11-25 08:53:16'),
(699, 1, 2015, 113, '5326248342689', 0, '2016-11-25 09:05:15', '2016-11-25 09:05:15'),
(700, 1, 2015, 115, '5326248342689', 0, '2016-11-25 09:05:15', '2016-11-25 09:05:15'),
(701, 1, 2015, 117, '663860362002', 0, '2016-11-25 09:05:15', '2016-11-25 09:05:15'),
(702, 1, 2015, 124, '1160169123749', 0, '2016-11-25 09:05:15', '2016-11-25 09:05:15'),
(703, 1, 2015, 127, '-2460162928', 0, '2016-11-25 09:05:15', '2016-11-25 09:05:15'),
(704, 1, 2015, 128, '1157708960821', 0, '2016-11-25 09:05:15', '2016-11-25 09:05:15'),
(705, 1, 2015, 131, '255835074990', 0, '2016-11-25 09:05:15', '2016-11-25 09:05:15'),
(706, 1, 2015, 132, '901873885831', 0, '2016-11-25 09:05:15', '2016-11-25 09:05:15'),
(707, 1, 2015, 134, '902186066807', 0, '2016-11-25 09:05:15', '2016-11-25 09:05:15'),
(708, 1, 2015, 113, '5326248342689', 0, '2016-12-12 07:04:56', '2016-12-12 07:04:56'),
(709, 1, 2015, 115, '5326248342689', 0, '2016-12-12 07:04:56', '2016-12-12 07:04:56'),
(710, 1, 2015, 117, '663860362002', 0, '2016-12-12 07:04:56', '2016-12-12 07:04:56'),
(711, 1, 2015, 124, '1160169123749', 0, '2016-12-12 07:04:56', '2016-12-12 07:04:56'),
(712, 1, 2015, 127, '-2460162928', 0, '2016-12-12 07:04:56', '2016-12-12 07:04:56'),
(713, 1, 2015, 128, '1157708960821', 0, '2016-12-12 07:04:56', '2016-12-12 07:04:56'),
(714, 1, 2015, 131, '255835074990', 0, '2016-12-12 07:04:56', '2016-12-12 07:04:56'),
(715, 1, 2015, 132, '901873885831', 0, '2016-12-12 07:04:56', '2016-12-12 07:04:56'),
(716, 1, 2015, 134, '902186066807', 0, '2016-12-12 07:04:56', '2016-12-12 07:04:56'),
(717, 1, 2015, 113, '5326248342689', 0, '2016-12-12 07:31:36', '2016-12-12 07:31:36'),
(718, 1, 2015, 115, '5326248342689', 0, '2016-12-12 07:31:36', '2016-12-12 07:31:36'),
(719, 1, 2015, 117, '663860362002', 0, '2016-12-12 07:31:36', '2016-12-12 07:31:36'),
(720, 1, 2015, 124, '1160169123749', 0, '2016-12-12 07:31:36', '2016-12-12 07:31:36'),
(721, 1, 2015, 127, '-2460162928', 0, '2016-12-12 07:31:36', '2016-12-12 07:31:36'),
(722, 1, 2015, 128, '1157708960821', 0, '2016-12-12 07:31:36', '2016-12-12 07:31:36'),
(723, 1, 2015, 131, '255835074990', 0, '2016-12-12 07:31:36', '2016-12-12 07:31:36'),
(724, 1, 2015, 132, '901873885831', 0, '2016-12-12 07:31:36', '2016-12-12 07:31:36'),
(725, 1, 2015, 134, '902186066807', 0, '2016-12-12 07:31:36', '2016-12-12 07:31:36'),
(726, 1, 2015, 113, '5326248342689', 0, '2016-12-12 07:34:31', '2016-12-12 07:34:31'),
(727, 1, 2015, 115, '5326248342689', 0, '2016-12-12 07:34:31', '2016-12-12 07:34:31'),
(728, 1, 2015, 117, '663860362002', 0, '2016-12-12 07:34:31', '2016-12-12 07:34:31'),
(729, 1, 2015, 124, '1160169123749', 0, '2016-12-12 07:34:31', '2016-12-12 07:34:31'),
(730, 1, 2015, 127, '-2460162928', 0, '2016-12-12 07:34:31', '2016-12-12 07:34:31'),
(731, 1, 2015, 128, '1157708960821', 0, '2016-12-12 07:34:31', '2016-12-12 07:34:31'),
(732, 1, 2015, 131, '255835074990', 0, '2016-12-12 07:34:31', '2016-12-12 07:34:31'),
(733, 1, 2015, 132, '901873885831', 0, '2016-12-12 07:34:31', '2016-12-12 07:34:31'),
(734, 1, 2015, 134, '902186066807', 0, '2016-12-12 07:34:31', '2016-12-12 07:34:31'),
(735, 1, 2015, 113, '5326248342689', 0, '2016-12-12 07:34:47', '2016-12-12 07:34:47'),
(736, 1, 2015, 115, '5326248342689', 0, '2016-12-12 07:34:47', '2016-12-12 07:34:47'),
(737, 1, 2015, 117, '663860362002', 0, '2016-12-12 07:34:47', '2016-12-12 07:34:47'),
(738, 1, 2015, 124, '1160169123749', 0, '2016-12-12 07:34:47', '2016-12-12 07:34:47'),
(739, 1, 2015, 127, '-2460162928', 0, '2016-12-12 07:34:47', '2016-12-12 07:34:47'),
(740, 1, 2015, 128, '1157708960821', 0, '2016-12-12 07:34:47', '2016-12-12 07:34:47'),
(741, 1, 2015, 131, '255835074990', 0, '2016-12-12 07:34:47', '2016-12-12 07:34:47'),
(742, 1, 2015, 132, '901873885831', 0, '2016-12-12 07:34:47', '2016-12-12 07:34:47'),
(743, 1, 2015, 134, '902186066807', 0, '2016-12-12 07:34:47', '2016-12-12 07:34:47'),
(744, 1, 2015, 113, '5326248342689', 0, '2016-12-12 08:54:22', '2016-12-12 08:54:22'),
(745, 1, 2015, 115, '5326248342689', 0, '2016-12-12 08:54:22', '2016-12-12 08:54:22'),
(746, 1, 2015, 117, '663860362002', 0, '2016-12-12 08:54:22', '2016-12-12 08:54:22'),
(747, 1, 2015, 124, '1160169123749', 0, '2016-12-12 08:54:22', '2016-12-12 08:54:22'),
(748, 1, 2015, 127, '-2460162928', 0, '2016-12-12 08:54:22', '2016-12-12 08:54:22'),
(749, 1, 2015, 128, '1157708960821', 0, '2016-12-12 08:54:22', '2016-12-12 08:54:22'),
(750, 1, 2015, 131, '255835074990', 0, '2016-12-12 08:54:22', '2016-12-12 08:54:22'),
(751, 1, 2015, 132, '901873885831', 0, '2016-12-12 08:54:22', '2016-12-12 08:54:22'),
(752, 1, 2015, 134, '902186066807', 0, '2016-12-12 08:54:22', '2016-12-12 08:54:22'),
(753, 1, 2015, 113, '5326248342689', 0, '2016-12-12 09:18:45', '2016-12-12 09:18:45'),
(754, 1, 2015, 115, '5326248342689', 0, '2016-12-12 09:18:45', '2016-12-12 09:18:45'),
(755, 1, 2015, 117, '663860362002', 0, '2016-12-12 09:18:45', '2016-12-12 09:18:45'),
(756, 1, 2015, 124, '1160169123749', 0, '2016-12-12 09:18:45', '2016-12-12 09:18:45'),
(757, 1, 2015, 127, '-2460162928', 0, '2016-12-12 09:18:45', '2016-12-12 09:18:45'),
(758, 1, 2015, 128, '1157708960821', 0, '2016-12-12 09:18:45', '2016-12-12 09:18:45'),
(759, 1, 2015, 131, '255835074990', 0, '2016-12-12 09:18:45', '2016-12-12 09:18:45'),
(760, 1, 2015, 132, '901873885831', 0, '2016-12-12 09:18:45', '2016-12-12 09:18:45'),
(761, 1, 2015, 134, '902186066807', 0, '2016-12-12 09:18:45', '2016-12-12 09:18:45'),
(762, 1, 2015, 113, '5326248342689', 0, '2016-12-13 03:36:39', '2016-12-13 03:36:39'),
(763, 1, 2015, 115, '5326248342689', 0, '2016-12-13 03:36:39', '2016-12-13 03:36:39'),
(764, 1, 2015, 117, '663860362002', 0, '2016-12-13 03:36:39', '2016-12-13 03:36:39'),
(765, 1, 2015, 124, '1160169123749', 0, '2016-12-13 03:36:39', '2016-12-13 03:36:39'),
(766, 1, 2015, 127, '-2460162928', 0, '2016-12-13 03:36:39', '2016-12-13 03:36:39'),
(767, 1, 2015, 128, '1157708960821', 0, '2016-12-13 03:36:39', '2016-12-13 03:36:39'),
(768, 1, 2015, 131, '255835074990', 0, '2016-12-13 03:36:39', '2016-12-13 03:36:39'),
(769, 1, 2015, 132, '901873885831', 0, '2016-12-13 03:36:39', '2016-12-13 03:36:39'),
(770, 1, 2015, 134, '902186066807', 0, '2016-12-13 03:36:39', '2016-12-13 03:36:39'),
(771, 1, 2015, 113, '5326248342689', 0, '2016-12-13 03:55:24', '2016-12-13 03:55:24'),
(772, 1, 2015, 115, '5326248342689', 0, '2016-12-13 03:55:24', '2016-12-13 03:55:24'),
(773, 1, 2015, 117, '663860362002', 0, '2016-12-13 03:55:24', '2016-12-13 03:55:24'),
(774, 1, 2015, 124, '1160169123749', 0, '2016-12-13 03:55:24', '2016-12-13 03:55:24'),
(775, 1, 2015, 127, '-2460162928', 0, '2016-12-13 03:55:24', '2016-12-13 03:55:24'),
(776, 1, 2015, 128, '1157708960821', 0, '2016-12-13 03:55:24', '2016-12-13 03:55:24'),
(777, 1, 2015, 131, '255835074990', 0, '2016-12-13 03:55:24', '2016-12-13 03:55:24'),
(778, 1, 2015, 132, '901873885831', 0, '2016-12-13 03:55:24', '2016-12-13 03:55:24'),
(779, 1, 2015, 134, '902186066807', 0, '2016-12-13 03:55:24', '2016-12-13 03:55:24'),
(780, 1, 2015, 113, '5326248342689', 0, '2016-12-13 03:58:53', '2016-12-13 03:58:53'),
(781, 1, 2015, 115, '5326248342689', 0, '2016-12-13 03:58:53', '2016-12-13 03:58:53'),
(782, 1, 2015, 117, '663860362002', 0, '2016-12-13 03:58:53', '2016-12-13 03:58:53'),
(783, 1, 2015, 124, '1160169123749', 0, '2016-12-13 03:58:53', '2016-12-13 03:58:53'),
(784, 1, 2015, 127, '-2460162928', 0, '2016-12-13 03:58:53', '2016-12-13 03:58:53'),
(785, 1, 2015, 128, '1157708960821', 0, '2016-12-13 03:58:53', '2016-12-13 03:58:53'),
(786, 1, 2015, 131, '255835074990', 0, '2016-12-13 03:58:53', '2016-12-13 03:58:53'),
(787, 1, 2015, 132, '901873885831', 0, '2016-12-13 03:58:53', '2016-12-13 03:58:53'),
(788, 1, 2015, 134, '902186066807', 0, '2016-12-13 03:58:53', '2016-12-13 03:58:53'),
(789, 1, 2014, 113, '2063903723114', 0, '2016-12-13 04:07:17', '2016-12-13 04:07:17'),
(790, 1, 2014, 115, '2063589993114', 0, '2016-12-13 04:07:17', '2016-12-13 04:07:17'),
(791, 1, 2014, 117, '257851700199', 0, '2016-12-13 04:07:17', '2016-12-13 04:07:17'),
(792, 1, 2014, 124, '468003891931', 0, '2016-12-13 04:07:17', '2016-12-13 04:07:17'),
(793, 1, 2014, 127, '-13979687224', 0, '2016-12-13 04:07:17', '2016-12-13 04:07:17'),
(794, 1, 2014, 128, '454024204707', 0, '2016-12-13 04:07:17', '2016-12-13 04:07:17'),
(795, 1, 2014, 131, '98171462133', 0, '2016-12-13 04:07:17', '2016-12-13 04:07:17'),
(796, 1, 2014, 132, '355852742574', 0, '2016-12-13 04:07:17', '2016-12-13 04:07:17'),
(797, 1, 2014, 134, '355853647444', 0, '2016-12-13 04:07:17', '2016-12-13 04:07:17'),
(798, 1, 2013, 113, '1744112880028', 0, '2016-12-13 04:07:44', '2016-12-13 04:07:44'),
(799, 1, 2013, 115, '1744012977028', 0, '2016-12-13 04:07:44', '2016-12-13 04:07:44'),
(800, 1, 2013, 117, '145839484446', 0, '2016-12-13 04:07:44', '2016-12-13 04:07:44'),
(801, 1, 2013, 124, '137796833511', 0, '2016-12-13 04:07:44', '2016-12-13 04:07:44'),
(802, 1, 2013, 127, '-747165139', 0, '2016-12-13 04:07:44', '2016-12-13 04:07:44'),
(803, 1, 2013, 128, '137049668372', 0, '2016-12-13 04:07:44', '2016-12-13 04:07:44'),
(804, 1, 2013, 131, '37879632337', 0, '2016-12-13 04:07:44', '2016-12-13 04:07:44'),
(805, 1, 2013, 132, '99170036035', 0, '2016-12-13 04:07:44', '2016-12-13 04:07:44'),
(806, 1, 2013, 134, '99117019896', 0, '2016-12-13 04:07:44', '2016-12-13 04:07:44'),
(807, 1, 2012, 113, '1561913964027', 0, '2016-12-13 04:08:07', '2016-12-13 04:08:07'),
(808, 1, 2012, 115, '1554196520027', 0, '2016-12-13 04:08:07', '2016-12-13 04:08:07'),
(809, 1, 2012, 117, '42953770083', 0, '2016-12-13 04:08:07', '2016-12-13 04:08:07'),
(810, 1, 2012, 124, '38450964649', 0, '2016-12-13 04:08:07', '2016-12-13 04:08:07'),
(811, 1, 2012, 127, '174661075', 0, '2016-12-13 04:08:07', '2016-12-13 04:08:07'),
(812, 1, 2012, 128, '38625625724', 0, '2016-12-13 04:08:07', '2016-12-13 04:08:07'),
(813, 1, 2012, 131, '2313183726', 0, '2016-12-13 04:08:07', '2016-12-13 04:08:07'),
(814, 1, 2012, 132, '36312441998', 0, '2016-12-13 04:08:07', '2016-12-13 04:08:07'),
(815, 1, 2012, 134, '36333913591', 0, '2016-12-13 04:08:07', '2016-12-13 04:08:07'),
(816, 1, 2011, 113, '136201198700', 0, '2016-12-13 04:08:20', '2016-12-13 04:08:20'),
(817, 1, 2011, 115, '136201198700', 0, '2016-12-13 04:08:20', '2016-12-13 04:08:20'),
(818, 1, 2011, 117, '10269637081', 0, '2016-12-13 04:08:20', '2016-12-13 04:08:20'),
(819, 1, 2011, 124, '17801974529', 0, '2016-12-13 04:08:20', '2016-12-13 04:08:20'),
(820, 1, 2011, 127, '-16609903', 0, '2016-12-13 04:08:20', '2016-12-13 04:08:20'),
(821, 1, 2011, 128, '17785364626', 0, '2016-12-13 04:08:20', '2016-12-13 04:08:20'),
(822, 1, 2011, 131, '5213806216', 0, '2016-12-13 04:08:20', '2016-12-13 04:08:20'),
(823, 1, 2011, 132, '12571558410', 0, '2016-12-13 04:08:20', '2016-12-13 04:08:20'),
(824, 1, 2011, 134, '12437362481', 0, '2016-12-13 04:08:20', '2016-12-13 04:08:20'),
(825, 1, 2010, 113, '57646612535', 0, '2016-12-13 04:08:27', '2016-12-13 04:08:27'),
(826, 1, 2010, 115, '32217129500', 0, '2016-12-13 04:08:27', '2016-12-13 04:08:27'),
(827, 1, 2010, 117, '15153248998', 0, '2016-12-13 04:08:27', '2016-12-13 04:08:27'),
(828, 1, 2010, 124, '10583795337', 0, '2016-12-13 04:08:27', '2016-12-13 04:08:27'),
(829, 1, 2010, 127, '-1269473481', 0, '2016-12-13 04:08:27', '2016-12-13 04:08:27'),
(830, 1, 2010, 128, '9314321856', 0, '2016-12-13 04:08:27', '2016-12-13 04:08:27'),
(831, 1, 2010, 131, '2730206339', 0, '2016-12-13 04:08:27', '2016-12-13 04:08:27'),
(832, 1, 2010, 132, '6584115517', 0, '2016-12-13 04:08:27', '2016-12-13 04:08:27'),
(833, 1, 2010, 134, '6820842496', 0, '2016-12-13 04:08:27', '2016-12-13 04:08:27'),
(834, 1, 2009, 113, '181818182', 0, '2016-12-13 04:08:47', '2016-12-13 04:08:47'),
(835, 1, 2009, 115, '181818182', 0, '2016-12-13 04:08:47', '2016-12-13 04:08:47'),
(836, 1, 2009, 117, '181818182', 0, '2016-12-13 04:08:47', '2016-12-13 04:08:47'),
(837, 1, 2009, 124, '942968697', 0, '2016-12-13 04:08:47', '2016-12-13 04:08:47'),
(838, 1, 2009, 127, '0', 0, '2016-12-13 04:08:47', '2016-12-13 04:08:47'),
(839, 1, 2009, 128, '942968697', 0, '2016-12-13 04:08:47', '2016-12-13 04:08:47'),
(840, 1, 2009, 131, '165019522', 0, '2016-12-13 04:08:47', '2016-12-13 04:08:47'),
(841, 1, 2009, 132, '777949175', 0, '2016-12-13 04:08:47', '2016-12-13 04:08:47'),
(842, 1, 2009, 134, '777949175', 0, '2016-12-13 04:08:47', '2016-12-13 04:08:47');

-- --------------------------------------------------------

--
-- Table structure for table `indicators`
--

CREATE TABLE `indicators` (
  `id` int(11) NOT NULL,
  `company_id` int(11) NOT NULL,
  `year` smallint(6) NOT NULL,
  `param_id` int(11) NOT NULL,
  `value` varchar(255) NOT NULL,
  `del` tinyint(4) NOT NULL DEFAULT '0',
  `created_date` datetime NOT NULL,
  `updated_date` datetime NOT NULL
) ENGINE=MyISAM DEFAULT CHARSET=latin1;

--
-- Dumping data for table `indicators`
--

INSERT INTO `indicators` (`id`, `company_id`, `year`, `param_id`, `value`, `del`, `created_date`, `updated_date`) VALUES
(1167, 1, 2015, 209, '23.05', 0, '2016-11-16 08:44:37', '2016-12-13 03:58:53'),
(1168, 1, 2015, 211, '11.85', 0, '2016-11-16 08:44:37', '2016-12-13 03:58:53'),
(1169, 1, 2015, 212, '14.47', 0, '2016-11-16 08:46:55', '2016-12-13 03:58:53'),
(1170, 1, 2015, 201, '36.51', 0, '2016-11-16 08:59:18', '2016-12-13 03:58:41'),
(1171, 1, 2015, 198, '1.6821', 0, '2016-11-16 09:07:01', '2016-12-13 03:58:41'),
(1172, 1, 2015, 199, '1.9428', 0, '2016-11-16 09:07:01', '2016-12-13 03:58:41'),
(1173, 1, 2015, 200, '57.51', 0, '2016-11-16 09:07:01', '2016-12-13 03:58:41'),
(1174, 1, 2015, 207, '12.46', 0, '2016-11-16 09:09:24', '2016-12-13 03:58:53'),
(1175, 1, 2015, 208, '22.53', 0, '2016-11-16 09:09:24', '2016-12-13 03:58:53'),
(1176, 1, 2015, 214, '16.93', 0, '2016-11-16 09:09:24', '2016-12-13 03:58:53'),
(1177, 3, 2015, 198, '0.6117', 0, '2016-11-17 02:24:12', '2016-11-17 02:24:12'),
(1178, 3, 2015, 199, '1.0439', 0, '2016-11-17 02:24:12', '2016-11-17 02:24:12'),
(1179, 3, 2015, 200, '287.19', 0, '2016-11-17 02:24:12', '2016-11-17 02:24:12'),
(1180, 3, 2015, 201, '74.17', 0, '2016-11-17 02:24:12', '2016-11-17 02:24:12'),
(1181, 3, 2015, 209, '21.93', 0, '2016-11-17 02:24:12', '2016-11-17 02:24:25'),
(1182, 3, 2015, 211, '0.83', 0, '2016-11-17 02:24:12', '2016-11-17 02:24:25'),
(1183, 3, 2015, 212, '3.23', 0, '2016-11-17 02:24:12', '2016-11-17 02:24:25'),
(1184, 3, 2015, 207, '34.38', 0, '2016-11-17 02:24:25', '2016-11-17 02:24:25'),
(1185, 3, 2015, 208, '15.43', 0, '2016-11-17 02:24:25', '2016-11-17 02:24:25'),
(1186, 3, 2015, 214, '3.57', 0, '2016-11-17 02:24:25', '2016-11-17 02:24:25'),
(1187, 1, 2014, 198, '6.0175', 0, '2016-11-22 08:42:30', '2016-12-13 04:07:12'),
(1188, 1, 2014, 199, '6.0909', 0, '2016-11-22 08:42:30', '2016-12-13 04:07:12'),
(1189, 1, 2014, 200, '37.99', 0, '2016-11-22 08:42:30', '2016-12-13 04:07:12'),
(1190, 1, 2014, 201, '27.53', 0, '2016-11-22 08:42:30', '2016-12-13 04:07:12'),
(1191, 1, 2014, 209, '24.94', 0, '2016-11-22 08:42:30', '2016-12-13 04:07:18'),
(1192, 1, 2014, 211, '9.48', 0, '2016-11-22 08:42:30', '2016-12-13 04:07:18'),
(1193, 1, 2014, 212, '9.08', 0, '2016-11-22 08:42:30', '2016-12-13 04:07:18'),
(1194, 1, 2014, 207, '12.49', 0, '2016-11-22 08:42:36', '2016-12-13 04:07:18'),
(1195, 1, 2014, 208, '24.22', 0, '2016-11-22 08:42:36', '2016-12-13 04:07:18'),
(1196, 1, 2014, 214, '17.24', 0, '2016-11-22 08:42:36', '2016-12-13 04:07:18'),
(1197, 1, 2015, 213, '16.93', 0, '2016-11-25 09:05:16', '2016-12-13 03:58:53'),
(1198, 1, 2015, 218, '0.0686', 0, '2016-12-12 06:25:34', '2016-12-13 03:58:41'),
(1199, 1, 2015, 203, '0.69', 0, '2016-12-12 07:03:04', '2016-12-13 03:58:53'),
(1200, 1, 2015, 204, '14.05', 0, '2016-12-12 07:03:04', '2016-12-13 03:58:53'),
(1201, 1, 2015, 205, '2.19', 0, '2016-12-12 07:03:04', '2016-12-13 03:58:53'),
(1202, 1, 2015, 219, '28.23', 0, '2016-12-12 07:04:56', '2016-12-13 03:58:53'),
(1203, 1, 2015, 216, '11564.18', 0, '2016-12-12 07:28:12', '2016-12-13 03:58:41'),
(1204, 1, 2015, 196, '1951.89', 0, '2016-12-12 07:31:37', '2016-12-13 03:58:53'),
(1205, 1, 2014, 203, '0.54', 0, '2016-12-13 04:07:12', '2016-12-13 04:07:18'),
(1206, 1, 2014, 204, '26.67', 0, '2016-12-13 04:07:12', '2016-12-13 04:07:18'),
(1207, 1, 2014, 205, '2.55', 0, '2016-12-13 04:07:12', '2016-12-13 04:07:18'),
(1208, 1, 2014, 216, '12106.73', 0, '2016-12-13 04:07:12', '2016-12-13 04:07:12'),
(1209, 1, 2014, 218, '0.9567', 0, '2016-12-13 04:07:12', '2016-12-13 04:07:12'),
(1210, 1, 2014, 196, '1980.82', 0, '2016-12-13 04:07:18', '2016-12-13 04:07:18'),
(1211, 1, 2014, 213, '17.24', 0, '2016-12-13 04:07:18', '2016-12-13 04:07:18'),
(1212, 1, 2014, 219, '10.88', 0, '2016-12-13 04:07:18', '2016-12-13 04:07:18'),
(1213, 1, 2013, 198, '1.2628', 0, '2016-12-13 04:07:40', '2016-12-13 04:07:40'),
(1214, 1, 2013, 199, '1.3927', 0, '2016-12-13 04:07:40', '2016-12-13 04:07:40'),
(1215, 1, 2013, 200, '66.17', 0, '2016-12-13 04:07:40', '2016-12-13 04:07:40'),
(1216, 1, 2013, 201, '39.82', 0, '2016-12-13 04:07:40', '2016-12-13 04:07:40'),
(1217, 1, 2013, 203, '0.82', 0, '2016-12-13 04:07:40', '2016-12-13 04:07:45'),
(1218, 1, 2013, 204, '33.89', 0, '2016-12-13 04:07:40', '2016-12-13 04:07:45'),
(1219, 1, 2013, 205, '3.30', 0, '2016-12-13 04:07:40', '2016-12-13 04:07:45'),
(1220, 1, 2013, 209, '9.51', 0, '2016-12-13 04:07:40', '2016-12-13 04:07:45'),
(1221, 1, 2013, 211, '4.69', 0, '2016-12-13 04:07:40', '2016-12-13 04:07:45'),
(1222, 1, 2013, 212, '7.83', 0, '2016-12-13 04:07:40', '2016-12-13 04:07:45'),
(1223, 1, 2013, 216, '15194.73', 0, '2016-12-13 04:07:40', '2016-12-13 04:07:40'),
(1224, 1, 2013, 218, '0.0182', 0, '2016-12-13 04:07:40', '2016-12-13 04:07:40'),
(1225, 1, 2013, 196, '1284.23', 0, '2016-12-13 04:07:45', '2016-12-13 04:07:45'),
(1226, 1, 2013, 207, '8.36', 0, '2016-12-13 04:07:45', '2016-12-13 04:07:45'),
(1227, 1, 2013, 208, '8.95', 0, '2016-12-13 04:07:45', '2016-12-13 04:07:45'),
(1228, 1, 2013, 213, '5.68', 0, '2016-12-13 04:07:45', '2016-12-13 04:07:45'),
(1229, 1, 2013, 214, '5.68', 0, '2016-12-13 04:07:45', '2016-12-13 04:07:45'),
(1230, 1, 2013, 219, '8.16', 0, '2016-12-13 04:07:45', '2016-12-13 04:07:45'),
(1231, 1, 2012, 198, '1.7493', 0, '2016-12-13 04:07:57', '2016-12-13 04:07:57'),
(1232, 1, 2012, 199, '1.7523', 0, '2016-12-13 04:07:57', '2016-12-13 04:07:57'),
(1233, 1, 2012, 200, '76.21', 0, '2016-12-13 04:07:57', '2016-12-13 04:07:57'),
(1234, 1, 2012, 201, '43.24', 0, '2016-12-13 04:07:57', '2016-12-13 04:07:57'),
(1235, 1, 2012, 203, '1.20', 0, '2016-12-13 04:07:57', '2016-12-13 04:08:08'),
(1236, 1, 2012, 204, '709.82', 0, '2016-12-13 04:07:57', '2016-12-13 04:08:08'),
(1237, 1, 2012, 205, '5.07', 0, '2016-12-13 04:07:57', '2016-12-13 04:08:08'),
(1238, 1, 2012, 209, '3.87', 0, '2016-12-13 04:07:57', '2016-12-13 04:08:08'),
(1239, 1, 2012, 211, '2.82', 0, '2016-12-13 04:07:57', '2016-12-13 04:08:08'),
(1240, 1, 2012, 212, '3.01', 0, '2016-12-13 04:07:57', '2016-12-13 04:08:08'),
(1241, 1, 2012, 216, '14633.74', 0, '2016-12-13 04:07:57', '2016-12-13 04:07:57'),
(1242, 1, 2012, 218, '0.0090', 0, '2016-12-13 04:07:57', '2016-12-13 04:07:57'),
(1243, 1, 2012, 196, '728.34', 0, '2016-12-13 04:08:08', '2016-12-13 04:08:08'),
(1244, 1, 2012, 207, '2.75', 0, '2016-12-13 04:08:08', '2016-12-13 04:08:08'),
(1245, 1, 2012, 208, '3.26', 0, '2016-12-13 04:08:08', '2016-12-13 04:08:08'),
(1246, 1, 2012, 213, '2.33', 0, '2016-12-13 04:08:08', '2016-12-13 04:08:08'),
(1247, 1, 2012, 214, '2.32', 0, '2016-12-13 04:08:08', '2016-12-13 04:08:08'),
(1248, 1, 2012, 219, '4.13', 0, '2016-12-13 04:08:08', '2016-12-13 04:08:08'),
(1249, 1, 2011, 198, '1.0061', 0, '2016-12-13 04:08:15', '2016-12-13 04:08:15'),
(1250, 1, 2011, 199, '1.0152', 0, '2016-12-13 04:08:15', '2016-12-13 04:08:15'),
(1251, 1, 2011, 200, '100.28', 0, '2016-12-13 04:08:15', '2016-12-13 04:08:15'),
(1252, 1, 2011, 201, '50.07', 0, '2016-12-13 04:08:15', '2016-12-13 04:08:15'),
(1253, 1, 2011, 203, '0.39', 0, '2016-12-13 04:08:15', '2016-12-13 04:08:20'),
(1254, 1, 2011, 204, '104.96', 0, '2016-12-13 04:08:15', '2016-12-13 04:08:20'),
(1255, 1, 2011, 205, '3.01', 0, '2016-12-13 04:08:15', '2016-12-13 04:08:20'),
(1256, 1, 2011, 209, '25.08', 0, '2016-12-13 04:08:15', '2016-12-13 04:08:20'),
(1257, 1, 2011, 211, '3.62', 0, '2016-12-13 04:08:15', '2016-12-13 04:08:20'),
(1258, 1, 2011, 212, '5.52', 0, '2016-12-13 04:08:15', '2016-12-13 04:08:20'),
(1259, 1, 2011, 216, '13252.31', 0, '2016-12-13 04:08:15', '2016-12-13 04:08:15'),
(1260, 1, 2011, 218, '0.0028', 0, '2016-12-13 04:08:15', '2016-12-13 04:08:15'),
(1261, 1, 2011, 196, '1064.14', 0, '2016-12-13 04:08:20', '2016-12-13 04:08:20'),
(1262, 1, 2011, 207, '7.54', 0, '2016-12-13 04:08:20', '2016-12-13 04:08:20'),
(1263, 1, 2011, 208, '23.24', 0, '2016-12-13 04:08:20', '2016-12-13 04:08:20'),
(1264, 1, 2011, 213, '9.13', 0, '2016-12-13 04:08:20', '2016-12-13 04:08:20'),
(1265, 1, 2011, 214, '9.13', 0, '2016-12-13 04:08:20', '2016-12-13 04:08:20'),
(1266, 1, 2011, 219, '2.28', 0, '2016-12-13 04:08:20', '2016-12-13 04:08:20'),
(1267, 1, 2010, 196, '741.85', 0, '2016-12-13 04:08:27', '2016-12-13 04:08:27'),
(1268, 1, 2010, 203, '0.25', 0, '2016-12-13 04:08:27', '2016-12-13 04:08:34'),
(1269, 1, 2010, 204, '96.82', 0, '2016-12-13 04:08:27', '2016-12-13 04:08:34'),
(1270, 1, 2010, 205, '4.37', 0, '2016-12-13 04:08:27', '2016-12-13 04:08:34'),
(1271, 1, 2010, 207, '26.28', 0, '2016-12-13 04:08:27', '2016-12-13 04:08:27'),
(1272, 1, 2010, 208, '16.37', 0, '2016-12-13 04:08:27', '2016-12-13 04:08:27'),
(1273, 1, 2010, 209, '16.37', 0, '2016-12-13 04:08:27', '2016-12-13 04:08:34'),
(1274, 1, 2010, 211, '2.89', 0, '2016-12-13 04:08:27', '2016-12-13 04:08:34'),
(1275, 1, 2010, 212, '3.09', 0, '2016-12-13 04:08:27', '2016-12-13 04:08:34'),
(1276, 1, 2010, 213, '21.17', 0, '2016-12-13 04:08:27', '2016-12-13 04:08:27'),
(1277, 1, 2010, 214, '11.83', 0, '2016-12-13 04:08:27', '2016-12-13 04:08:27'),
(1278, 1, 2010, 219, '75.96', 0, '2016-12-13 04:08:27', '2016-12-13 04:08:27'),
(1279, 1, 2010, 198, '11.4628', 0, '2016-12-13 04:08:34', '2016-12-13 04:08:34'),
(1280, 1, 2010, 199, '11.4857', 0, '2016-12-13 04:08:34', '2016-12-13 04:08:34'),
(1281, 1, 2010, 200, '6.98', 0, '2016-12-13 04:08:34', '2016-12-13 04:08:34'),
(1282, 1, 2010, 201, '6.52', 0, '2016-12-13 04:08:34', '2016-12-13 04:08:34'),
(1283, 1, 2010, 216, '22044.35', 0, '2016-12-13 04:08:34', '2016-12-13 04:08:34'),
(1284, 1, 2010, 218, '0.2830', 0, '2016-12-13 04:08:34', '2016-12-13 04:08:34');

-- --------------------------------------------------------

--
-- Table structure for table `params`
--

CREATE TABLE `params` (
  `id` int(11) NOT NULL,
  `title` varchar(256) CHARACTER SET utf8 NOT NULL,
  `description` varchar(255) CHARACTER SET utf8 DEFAULT NULL,
  `type` int(3) NOT NULL COMMENT '1-balance sheet; 2-income statement;3-statement of cash flow',
  `parent_id` int(11) NOT NULL,
  `level` int(11) NOT NULL,
  `created_date` datetime NOT NULL DEFAULT CURRENT_TIMESTAMP,
  `updated_date` datetime NOT NULL DEFAULT CURRENT_TIMESTAMP,
  `del` tinyint(1) NOT NULL DEFAULT '0'
) ENGINE=MyISAM DEFAULT CHARSET=latin1 COMMENT='name of all data type';

--
-- Dumping data for table `params`
--

INSERT INTO `params` (`id`, `title`, `description`, `type`, `parent_id`, `level`, `created_date`, `updated_date`, `del`) VALUES
(1, 'TI SN', '', 1, 0, 1, '2016-09-28 13:33:56', '2016-11-02 08:02:32', 0),
(2, 'NGUN VN', NULL, 1, 0, 1, '2016-09-28 13:35:02', '2016-09-28 13:35:02', 0),
(3, 'A. Ti sn lu ng v u t ngn hn', NULL, 1, 1, 2, '2016-09-28 13:35:21', '2016-09-28 13:35:21', 0),
(4, 'B. Ti sn c nh v u t di hn', NULL, 1, 1, 2, '2016-09-28 13:35:52', '2016-09-28 13:35:52', 0),
(5, 'I. Tin v cc khon tng ng tin', NULL, 1, 3, 3, '2016-09-28 13:36:11', '2016-09-28 13:36:11', 0),
(6, 'II. Cc khon u t ti chnh ngn hn', NULL, 1, 3, 3, '2016-09-28 13:37:08', '2016-09-28 13:37:08', 0),
(7, 'III. Cc khon phi thu ngn hn', NULL, 1, 3, 3, '2016-09-28 13:38:02', '2016-09-28 13:38:02', 0),
(8, 'IV. Tng hng tn kho', NULL, 1, 3, 3, '2016-09-28 13:39:13', '2016-09-28 13:39:13', 0),
(9, 'V. Ti sn ngn hn khc', NULL, 1, 3, 3, '2016-09-28 13:44:06', '2016-09-28 13:44:06', 0),
(10, 'V. Ti sn ngn hn khc', NULL, 1, 3, 3, '2016-09-28 13:44:09', '2016-09-28 13:57:00', 1),
(11, '1. Tin', NULL, 1, 5, 4, '2016-09-28 13:57:58', '2016-09-28 13:57:58', 0),
(12, '2. Cc khon tng ng tin', NULL, 1, 5, 4, '2016-09-28 13:58:14', '2016-09-28 13:58:14', 0),
(13, '1. Chng khon kinh doanh', NULL, 1, 6, 4, '2016-09-28 13:58:27', '2016-09-28 13:58:27', 0),
(14, '2. D phng gim gi chng khon kinh doanh', NULL, 1, 6, 4, '2016-09-28 13:58:35', '2016-09-28 13:58:35', 0),
(15, '3. u t nm gi n ngy o hn', NULL, 1, 6, 4, '2016-09-28 13:58:44', '2016-09-28 13:58:44', 0),
(16, '1. Phi thu ngn hn ca khch hng', NULL, 1, 7, 4, '2016-09-28 13:58:52', '2016-09-28 13:58:52', 0),
(17, '2. Tr trc cho ngi bn', NULL, 1, 7, 4, '2016-09-28 13:58:59', '2016-09-28 13:58:59', 0),
(18, '3. Phi thu ni b ngn hn', NULL, 1, 7, 4, '2016-09-28 13:59:06', '2016-09-28 13:59:06', 0),
(19, '4. Phi thu theo tin  hp ng xy dng', NULL, 1, 7, 4, '2016-09-28 13:59:51', '2016-09-28 13:59:51', 0),
(20, '5. Phi thu v cho vay ngn hn', NULL, 1, 7, 4, '2016-09-28 13:59:59', '2016-09-28 13:59:59', 0),
(21, '6. Phi thu ngn hn khc', NULL, 1, 7, 4, '2016-09-28 14:00:05', '2016-09-28 14:00:05', 0),
(22, '7. D phng phi thu ngn hn kh i', NULL, 1, 7, 4, '2016-09-28 14:00:12', '2016-09-28 14:00:12', 0),
(23, '1. Hng tn kho', NULL, 1, 8, 4, '2016-09-28 14:00:22', '2016-09-28 14:00:22', 0),
(24, '2. D phng gim gi hng tn kho', NULL, 1, 8, 4, '2016-09-28 14:00:29', '2016-09-28 14:00:29', 0),
(25, '1. Chi ph tr trc ngn hn', NULL, 1, 9, 4, '2016-09-28 14:00:36', '2016-09-28 14:06:06', 0),
(26, '2. Thu gi tr gia tng c khu tr', NULL, 1, 9, 4, '2016-09-28 14:06:12', '2016-09-28 14:06:12', 0),
(27, '3. Thu v cc khon phi thu Nh nc', NULL, 1, 9, 4, '2016-09-28 14:06:18', '2016-09-28 14:06:18', 0),
(28, '4. Giao dch mua bn li tri phiu chnh ph', NULL, 1, 9, 4, '2016-09-28 14:06:27', '2016-09-28 14:06:27', 0),
(29, '5. Ti sn ngn hn khc', NULL, 1, 9, 4, '2016-09-28 14:06:34', '2016-09-28 14:06:34', 0),
(30, 'I. Cc khon phi thu di hn', NULL, 1, 4, 3, '2016-09-28 14:06:46', '2016-09-28 14:06:46', 0),
(31, '1. Phi thu di hn ca khch hng', NULL, 1, 30, 4, '2016-09-28 14:06:55', '2016-09-28 14:06:55', 0),
(32, '2. Vn kinh doanh ti cc n v trc thuc', NULL, 1, 30, 4, '2016-09-28 14:07:02', '2016-09-28 14:07:02', 0),
(33, '3. Phi thu di hn ni b', NULL, 1, 30, 4, '2016-09-28 14:07:08', '2016-09-28 14:07:08', 0),
(34, '4. Phi thu v cho vay di hn', NULL, 1, 30, 4, '2016-09-28 14:07:12', '2016-09-28 14:07:12', 0),
(35, '5. Phi thu di hn khc', NULL, 1, 30, 4, '2016-09-28 14:07:23', '2016-09-28 14:07:23', 0),
(36, '6. D phng phi thu di hn kh i', NULL, 1, 30, 4, '2016-09-28 14:07:29', '2016-09-28 14:07:29', 0),
(37, 'II. Ti sn c nh', NULL, 1, 4, 3, '2016-09-28 14:07:48', '2016-09-28 14:07:48', 0),
(38, '1. Ti sn c nh hu hnh', NULL, 1, 37, 4, '2016-09-28 14:08:10', '2016-09-28 14:08:10', 0),
(39, '- Nguyn gi', NULL, 1, 38, 5, '2016-09-28 14:13:30', '2016-09-28 14:13:30', 0),
(40, '- Gi tr hao mn ly k', NULL, 1, 38, 5, '2016-09-28 14:57:21', '2016-09-28 14:57:21', 0),
(41, '2. Ti sn c nh thu ti chnh', NULL, 1, 37, 4, '2016-09-28 14:58:21', '2016-10-14 07:54:08', 0),
(42, '- Nguyn gi', NULL, 1, 41, 5, '2016-09-28 14:58:30', '2016-09-28 14:58:30', 0),
(43, '- Gi tr hao mn ly k', NULL, 1, 41, 5, '2016-09-28 14:58:36', '2016-09-28 14:58:36', 0),
(44, 'III. Bt ng sn u t', NULL, 1, 4, 3, '2016-09-28 14:58:54', '2016-09-28 14:58:54', 0),
(45, '- Nguyn gi', NULL, 1, 44, 4, '2016-09-28 14:59:03', '2016-09-28 14:59:03', 0),
(46, '- Gi tr hao mn ly k', NULL, 1, 44, 4, '2016-09-28 14:59:11', '2016-09-28 14:59:11', 0),
(47, 'IV. Ti sn d dang di hn', NULL, 1, 4, 3, '2016-09-28 14:59:33', '2016-09-28 14:59:33', 0),
(48, '1. Chi ph sn xut, kinh doanh d dang di hn', NULL, 1, 47, 4, '2016-09-28 14:59:47', '2016-09-28 14:59:47', 0),
(49, '2. Chi ph xy dng c bn d dang', NULL, 1, 47, 4, '2016-09-28 14:59:56', '2016-09-28 15:00:13', 0),
(50, 'V. Cc khon u t ti chnh di hn', NULL, 1, 4, 3, '2016-09-28 15:00:35', '2016-09-28 15:00:35', 0),
(51, '1. u t vo cng ty con', NULL, 1, 50, 4, '2016-09-28 15:00:47', '2016-09-28 15:00:47', 0),
(52, '2. u t vo cng ty lin kt, lin doanh', NULL, 1, 50, 4, '2016-09-28 15:00:54', '2016-09-28 15:00:54', 0),
(53, '3. u t khc vo cng c vn', NULL, 1, 50, 4, '2016-09-28 15:01:00', '2016-09-28 15:01:00', 0),
(54, '4. D phng gim gi u t ti chnh di hn', NULL, 1, 50, 4, '2016-09-28 15:01:08', '2016-09-28 15:01:08', 0),
(55, '5. u t nm gi n ngy o hn', NULL, 1, 50, 4, '2016-09-28 15:01:15', '2016-09-28 15:01:15', 0),
(56, 'VI. Tng ti sn di hn khc', NULL, 1, 4, 3, '2016-09-28 15:01:30', '2016-09-28 15:01:30', 0),
(57, '1. Chi ph tr trc di hn', NULL, 1, 56, 4, '2016-09-28 15:01:41', '2016-09-28 15:01:41', 0),
(58, '2. Ti sn Thu thu nhp hon li', NULL, 1, 56, 4, '2016-09-28 15:01:48', '2016-09-28 15:01:48', 0),
(59, '3. Ti sn di hn khc', NULL, 1, 56, 4, '2016-09-28 15:01:53', '2016-09-28 15:01:53', 0),
(60, 'VII. Li th thng mi', NULL, 1, 4, 3, '2016-09-28 15:02:03', '2016-09-28 15:02:03', 0),
(61, 'A. N phi tr', NULL, 1, 2, 2, '2016-09-28 15:02:20', '2016-09-28 15:02:20', 0),
(62, 'I. N ngn hn', NULL, 1, 61, 3, '2016-09-28 15:02:30', '2016-09-28 15:02:30', 0),
(63, '1. Vay v n thu ti chnh ngn hn', NULL, 1, 62, 4, '2016-09-28 15:02:40', '2016-09-28 15:02:40', 0),
(64, '2. Vay v n di hn n hn phi tr', NULL, 1, 62, 4, '2016-09-28 15:02:45', '2016-09-28 15:02:45', 0),
(65, '3. Phi tr ngi bn ngn hn', NULL, 1, 62, 4, '2016-09-28 15:02:50', '2016-09-28 15:02:50', 0),
(66, '4. Ngi mua tr tin trc', NULL, 1, 62, 4, '2016-09-28 15:02:56', '2016-09-28 15:02:56', 0),
(67, '5. Thu v cc khon phi np nh nc', NULL, 1, 62, 4, '2016-09-28 15:03:02', '2016-09-28 15:03:02', 0),
(68, '6. Phi tr ngi lao ng', NULL, 1, 62, 4, '2016-09-28 15:03:09', '2016-09-28 15:03:09', 0),
(69, '7. Chi ph phi tr ngn hn', NULL, 1, 62, 4, '2016-09-28 15:03:14', '2016-09-28 15:03:14', 0),
(70, '8. Phi tr ni b ngn hn', NULL, 1, 62, 4, '2016-09-28 15:03:20', '2016-09-28 15:03:20', 0),
(71, '9. Phi tr theo tin  k hoch hp ng xy dng', NULL, 1, 62, 4, '2016-09-28 15:03:27', '2016-09-28 15:03:27', 0),
(72, '10. Doanh thu cha thc hin ngn hn', NULL, 1, 62, 4, '2016-09-28 15:03:32', '2016-09-28 15:03:32', 0),
(73, '11. Phi tr ngn hn khc', NULL, 1, 62, 4, '2016-09-28 15:03:38', '2016-09-28 15:03:38', 0),
(74, '12. D phng phi tr ngn hn', NULL, 1, 62, 4, '2016-09-28 15:03:43', '2016-09-28 15:03:43', 0),
(75, '13. Qu khen thng phc li', NULL, 1, 62, 4, '2016-09-28 15:03:48', '2016-09-28 15:03:48', 0),
(76, '14. Qu bnh n gi', NULL, 1, 62, 4, '2016-09-28 15:03:54', '2016-09-28 15:03:54', 0),
(77, '15. Giao dch mua bn li tri phiu chnh ph', NULL, 1, 62, 4, '2016-09-28 15:03:59', '2016-09-28 15:03:59', 0),
(78, 'II. N di hn', NULL, 1, 61, 3, '2016-09-28 15:04:23', '2016-09-28 15:04:23', 0),
(79, '1. Phi tr ngi bn di hn', NULL, 1, 78, 4, '2016-09-28 15:04:32', '2016-09-28 15:04:32', 0),
(80, '2. Chi ph phi tr di hn', NULL, 1, 78, 4, '2016-09-28 15:04:37', '2016-09-28 15:04:37', 0),
(81, '3. Phi tr ni b v vn kinh doanh', NULL, 1, 78, 4, '2016-09-28 15:04:43', '2016-09-28 15:04:43', 0),
(82, '4. Phi tr ni b di hn', NULL, 1, 78, 4, '2016-09-28 15:04:50', '2016-09-28 15:04:50', 0),
(83, '5. Phi tr di hn khc', NULL, 1, 78, 4, '2016-09-28 15:04:55', '2016-09-28 15:04:55', 0),
(84, '6. Vay v n thu ti chnh di hn', NULL, 1, 78, 4, '2016-09-28 15:05:01', '2016-09-28 15:05:01', 0),
(85, '7. Tri phiu chuyn i', NULL, 1, 78, 4, '2016-09-28 15:05:06', '2016-09-28 15:05:06', 0),
(86, '8. Thu thu nhp hon li phi tr', NULL, 1, 78, 4, '2016-09-28 15:05:12', '2016-09-28 15:05:12', 0),
(87, '9. D phng tr cp mt vic lm', NULL, 1, 78, 4, '2016-09-28 15:05:17', '2016-09-28 15:05:17', 0),
(88, '10. D phng phi tr di hn', NULL, 1, 78, 4, '2016-09-28 15:05:22', '2016-09-28 15:05:22', 0),
(89, '11. Doanh thu cha thc hin di hn', NULL, 1, 78, 4, '2016-09-28 15:05:28', '2016-09-28 15:05:28', 0),
(90, '12. Qu pht trin khoa hc v cng ngh', NULL, 1, 78, 4, '2016-09-28 15:05:33', '2016-09-28 15:05:33', 0),
(91, 'B. Ngun vn ch s hu', NULL, 1, 2, 2, '2016-09-28 15:05:51', '2016-09-28 15:05:51', 0),
(92, 'I. Vn ch s hu', NULL, 1, 91, 3, '2016-09-28 15:05:59', '2016-09-28 15:05:59', 0),
(93, '1. Vn u t ca ch s hu', NULL, 1, 92, 4, '2016-09-28 15:06:06', '2016-09-28 15:06:06', 0),
(94, 'II. Ngun kinh ph v qu khc', NULL, 1, 91, 3, '2016-09-28 15:06:12', '2016-09-28 15:06:30', 0),
(95, '2. Thng d vn c phn', NULL, 1, 92, 4, '2016-09-28 15:06:37', '2016-09-28 15:06:37', 0),
(96, '3. Quyn chn chuyn i tri phiu', NULL, 1, 92, 4, '2016-09-28 15:06:43', '2016-09-28 15:06:43', 0),
(97, '4. Vn khc ca ch s hu', NULL, 1, 92, 4, '2016-09-28 15:06:51', '2016-09-28 15:06:51', 0),
(98, '5. C phiu qu', NULL, 1, 92, 4, '2016-09-28 15:06:59', '2016-09-28 15:06:59', 0),
(99, '6. Chnh lch nh gi li ti sn', NULL, 1, 92, 4, '2016-09-28 15:07:06', '2016-09-28 15:07:06', 0),
(100, '7. Chnh lch t gi hi oi', NULL, 1, 92, 4, '2016-09-28 15:07:11', '2016-09-28 15:07:22', 0),
(101, '8. Qu u t pht trin', NULL, 1, 92, 4, '2016-09-28 15:07:28', '2016-09-28 15:07:28', 0),
(102, '9. Qu d phng ti chnh', NULL, 1, 92, 4, '2016-09-28 15:07:33', '2016-09-28 15:07:33', 0),
(103, '10. Qu khc thuc vn ch s hu', NULL, 1, 92, 4, '2016-09-28 15:07:40', '2016-09-28 15:07:40', 0),
(104, '11. Li nhun sau thu cha phn phi', NULL, 1, 92, 4, '2016-09-28 15:07:48', '2016-09-28 15:07:48', 0),
(105, '- LNST cha phn phi ly k n cui k trc', NULL, 1, 104, 5, '2016-09-28 15:08:01', '2016-09-28 15:08:01', 0),
(106, '- LNST cha phn phi k ny', NULL, 1, 104, 5, '2016-09-28 15:08:11', '2016-09-28 15:08:11', 0),
(107, '12. Ngun vn u t xy dng c bn', NULL, 1, 92, 4, '2016-09-28 15:08:27', '2016-09-28 15:08:27', 0),
(108, '13. Qu h tr sp xp doanh nghip', NULL, 1, 92, 4, '2016-09-28 15:08:33', '2016-09-28 15:08:33', 0),
(109, '14. Li ch ca c ng khng kim sot', NULL, 1, 92, 4, '2016-09-28 15:08:40', '2016-09-28 15:08:40', 0),
(110, '1. Ngun kinh ph', NULL, 1, 94, 4, '2016-09-28 15:08:48', '2016-09-28 15:08:48', 0),
(111, '2. Ngun kinh ph  hnh thnh ti sn c nh', NULL, 1, 94, 4, '2016-09-28 15:08:56', '2016-09-28 15:08:56', 0),
(112, '3. Qu d phng tr cp mt vic lm', NULL, 1, 94, 4, '2016-09-28 15:09:01', '2016-09-28 15:09:01', 0),
(113, '1. Tng doanh thu hot ng kinh doanh', NULL, 2, 0, 1, '2016-09-28 15:19:48', '2016-09-28 15:19:48', 0),
(114, '2. Cc khon gim tr doanh thu', NULL, 2, 0, 1, '2016-09-28 15:19:55', '2016-09-28 15:19:55', 0),
(115, '3. Doanh thu thun (1)-(2)', NULL, 2, 0, 1, '2016-09-28 15:20:43', '2016-09-28 15:20:43', 0),
(116, '4. Gi vn hng bn', NULL, 2, 0, 1, '2016-09-28 15:20:48', '2016-09-28 15:20:48', 0),
(117, '5. Li nhun gp (3)-(4)', NULL, 2, 0, 1, '2016-09-28 15:20:56', '2016-09-28 15:20:56', 0),
(118, '6. Doanh thu hot ng ti chnh', NULL, 2, 0, 1, '2016-09-28 15:21:04', '2016-09-28 15:21:04', 0),
(119, '7. Chi ph ti chnh', NULL, 2, 0, 1, '2016-09-28 15:21:09', '2016-09-28 15:21:09', 0),
(120, '-Trong : Chi ph li vay', NULL, 2, 119, 2, '2016-09-28 15:21:15', '2016-09-28 15:21:15', 0),
(121, '8. Phn li nhun hoc l trong cng ty lin kt lin doanh', NULL, 2, 0, 1, '2016-09-28 15:21:22', '2016-09-28 15:21:22', 0),
(122, '9. Chi ph bn hng', NULL, 2, 0, 1, '2016-09-28 15:21:32', '2016-09-28 15:21:32', 0),
(123, '10. Chi ph qun l doanh nghip', NULL, 2, 0, 1, '2016-09-28 15:21:41', '2016-09-28 15:21:41', 0),
(124, '11. Li nhun thun t hot ng kinh doanh (5)+(6)-(7)+(8)-(9)-(10)', NULL, 2, 0, 1, '2016-09-28 15:22:17', '2016-09-28 15:22:17', 0),
(125, '12. Thu nhp khc', NULL, 2, 0, 1, '2016-09-28 15:22:23', '2016-09-28 15:22:23', 0),
(126, '13. Chi ph khc', NULL, 2, 0, 1, '2016-09-28 15:22:31', '2016-09-28 15:22:31', 0),
(127, '14. Li nhun khc (12)-(13)', NULL, 2, 0, 1, '2016-09-28 15:22:36', '2016-09-28 15:22:36', 0),
(128, '15. Tng li nhun k ton trc thu (11)+(14)', NULL, 2, 0, 1, '2016-09-28 15:25:00', '2016-09-28 15:25:00', 0),
(129, '16. Chi ph thu TNDN hin hnh', NULL, 2, 0, 1, '2016-09-28 15:25:14', '2016-09-28 15:25:14', 0),
(130, '17. Chi ph thu TNDN hon li', NULL, 2, 0, 1, '2016-09-28 15:25:19', '2016-09-28 15:25:19', 0),
(131, '18. Chi ph thu TNDN (16)+(17)', NULL, 2, 0, 1, '2016-09-28 15:25:28', '2016-09-28 15:25:28', 0),
(132, '19. Li nhun sau thu thu nhp doanh nghip (15)-(18)', NULL, 2, 0, 1, '2016-09-28 15:25:35', '2016-09-28 15:25:35', 0),
(133, '20. Li nhun sau thu ca c ng khng kim sot', NULL, 2, 0, 1, '2016-09-28 15:25:40', '2016-09-28 15:25:40', 0),
(134, '21. Li nhun sau thu ca c ng ca cng ty m (19)-(20)', NULL, 2, 0, 1, '2016-09-28 15:25:47', '2016-09-28 15:25:47', 0),
(135, 'I. Lu chuyn tin t hot ng kinh doanh', NULL, 3, 0, 1, '2016-09-28 15:26:56', '2016-09-28 15:26:56', 0),
(136, '1. Li nhun trc thu', NULL, 3, 135, 2, '2016-09-28 15:27:03', '2016-09-28 15:27:03', 0),
(137, '2. iu chnh cho cc khon', NULL, 3, 135, 2, '2016-09-28 15:27:10', '2016-09-28 15:27:10', 0),
(138, '- Khu hao TSC', NULL, 3, 137, 3, '2016-09-28 15:27:17', '2016-09-28 15:27:17', 0),
(139, '- Cc khon d phng', NULL, 3, 137, 3, '2016-09-28 15:27:22', '2016-09-28 15:27:22', 0),
(140, '- Li nhun thun t u t vo cng ty lin kt', NULL, 3, 137, 3, '2016-09-28 15:27:27', '2016-09-28 15:27:27', 0),
(141, '- Xa s ti sn c nh (thun)', NULL, 3, 137, 3, '2016-09-28 15:27:32', '2016-09-28 15:27:32', 0),
(142, '- Li, l chnh lch t gi hi oi cha thc hin', NULL, 3, 137, 3, '2016-09-28 15:27:39', '2016-09-28 15:27:39', 0),
(143, '- Li, l t thanh l TSC', NULL, 3, 137, 3, '2016-09-28 15:27:44', '2016-09-28 15:27:44', 0),
(144, '- Li, l t hot ng u t', NULL, 3, 137, 3, '2016-09-28 15:27:52', '2016-09-28 15:28:00', 0),
(145, '- Li tin gi', NULL, 3, 137, 3, '2016-09-28 15:28:08', '2016-09-28 15:28:08', 0),
(146, '- Thu nhp li', NULL, 3, 137, 3, '2016-09-28 15:28:13', '2016-09-28 15:28:13', 0),
(147, '- Chi ph li vay', NULL, 3, 137, 3, '2016-09-28 15:28:18', '2016-09-28 15:28:18', 0),
(148, '- Cc khon chi trc tip t li nhun', NULL, 3, 137, 3, '2016-09-28 15:28:24', '2016-09-28 15:28:24', 0),
(149, '3. Li nhun t hot ng kinh doanh trc thay i vn lu ng', NULL, 3, 135, 2, '2016-09-28 15:28:44', '2016-09-28 15:28:44', 0),
(150, '- Tng, gim cc khon phi thu', NULL, 3, 149, 3, '2016-09-28 15:28:56', '2016-09-28 15:28:56', 0),
(151, '- Tng, gim hng tn kho', NULL, 3, 149, 3, '2016-09-28 15:29:02', '2016-09-28 15:29:02', 0),
(152, '- Tng, gim cc khon phi tr (Khng k li vay phi tr, thu thu nhp doanh nghip phi np)', NULL, 3, 149, 3, '2016-09-28 15:29:08', '2016-09-28 15:29:08', 0),
(153, '- Tng gim chi ph tr trc', NULL, 3, 149, 3, '2016-09-28 15:29:15', '2016-09-28 15:29:15', 0),
(154, '- Tng gim ti sn ngn hn khc', NULL, 3, 149, 3, '2016-09-28 15:29:21', '2016-09-28 15:29:21', 0),
(155, '- Tin li vay phi tr', NULL, 3, 149, 3, '2016-09-28 15:29:28', '2016-09-28 15:29:28', 0),
(156, '- Thu thu nhp doanh nghip  np', NULL, 3, 149, 3, '2016-09-28 15:29:33', '2016-09-28 15:29:33', 0),
(157, '- Tin thu khc t hot ng kinh doanh', NULL, 3, 149, 3, '2016-09-28 15:29:40', '2016-09-28 15:29:40', 0),
(158, '- Tin chi khc t hot ng kinh doanh', NULL, 3, 149, 3, '2016-09-28 15:29:47', '2016-09-28 15:29:47', 0),
(159, 'II. Lu chuyn tin t hot ng u t', NULL, 3, 0, 1, '2016-09-28 15:30:02', '2016-09-28 15:30:02', 0),
(160, '1. Tin chi  mua sm, xy dng TSC v cc ti sn di hn khc', NULL, 3, 159, 2, '2016-09-28 15:30:19', '2016-09-28 15:30:19', 0),
(161, '2. Tin thu t thanh l, nhng bn TSC v cc ti sn di hn khc', NULL, 3, 160, 3, '2016-09-28 15:30:26', '2016-09-28 15:30:35', 1),
(162, '2. Tin thu t thanh l, nhng bn TSC v cc ti sn di hn khc', NULL, 3, 159, 2, '2016-09-28 15:30:42', '2016-09-28 15:30:42', 0),
(163, '3. Tin chi cho vay, mua cc cng c n ca n v khc', NULL, 3, 159, 2, '2016-09-28 15:30:47', '2016-09-28 15:30:47', 0),
(164, '4. Tin thu hi cho vay, bn li cc cng c n ca cc n v khc', NULL, 3, 159, 2, '2016-09-28 15:30:53', '2016-09-28 15:30:53', 0),
(165, '5. u t gp vn vo cng ty lin doanh lin kt', NULL, 3, 159, 2, '2016-09-28 15:30:59', '2016-09-28 15:30:59', 0),
(166, '6. Chi u t ngn hn', NULL, 3, 159, 2, '2016-09-28 15:31:04', '2016-09-28 15:31:04', 0),
(167, '7. Tin chi u t gp vn vo n v khc', NULL, 3, 159, 2, '2016-09-28 15:31:13', '2016-09-28 15:31:13', 0),
(168, '8. Tin thu hi u t gp vn vo n v khc', NULL, 3, 159, 2, '2016-09-28 15:31:22', '2016-09-28 15:31:22', 0),
(169, '9. Li tin gi  thu', NULL, 3, 159, 2, '2016-09-28 15:31:27', '2016-09-28 15:31:27', 0),
(170, '10. Tin thu li cho vay, c tc v li nhun c chia', NULL, 3, 159, 2, '2016-09-28 15:31:33', '2016-09-28 15:31:33', 0),
(171, '11. Tin chi mua li phn vn gp ca cc c ng thiu s', NULL, 3, 159, 2, '2016-09-28 15:31:40', '2016-09-28 15:31:40', 0),
(172, 'III. Lu chuyn tin t hot ng ti chnh', NULL, 3, 0, 1, '2016-09-28 15:31:54', '2016-09-28 15:31:54', 0),
(173, '1. Tin thu t pht hnh c phiu, nhn vn gp ca ch s hu', NULL, 3, 172, 2, '2016-09-28 15:32:03', '2016-09-28 15:32:03', 0),
(174, '2. Tin chi tr vn gp cho cc ch s hu, mua li c phiu ca doanh nghip  pht hnh', NULL, 3, 172, 2, '2016-09-28 15:32:09', '2016-09-28 15:32:09', 0),
(175, '3. Tin vay ngn hn, di hn nhn c', NULL, 3, 172, 2, '2016-09-28 15:32:15', '2016-09-28 15:32:15', 0),
(176, '4. Tin chi tr n gc vay', NULL, 3, 172, 2, '2016-09-28 15:32:21', '2016-09-28 15:32:21', 0),
(177, '5. Tin chi tr n thu ti chnh', NULL, 3, 172, 2, '2016-09-28 15:32:25', '2016-09-28 15:32:25', 0),
(178, '6. Tin chi khc t hot ng ti chnh', NULL, 3, 172, 2, '2016-09-28 15:32:30', '2016-09-28 15:32:30', 0),
(179, '7. Tin chi tr t c phn ha', NULL, 3, 172, 2, '2016-09-28 15:32:34', '2016-09-28 15:32:34', 0),
(180, '8. C tc, li nhun  tr cho ch s hu', NULL, 3, 172, 2, '2016-09-28 15:32:38', '2016-09-28 15:32:38', 0),
(181, '9. Vn gp ca cc c ng thiu s vo cc cng ty con', NULL, 3, 172, 2, '2016-09-28 15:32:45', '2016-09-28 15:32:45', 0),
(182, '10. Chi tiu qu phc li x hi', NULL, 3, 172, 2, '2016-09-28 15:32:49', '2016-09-28 15:32:49', 0),
(183, 'Lu chuyn tin thun t hot ng ti chnh', NULL, 3, 172, 2, '2016-09-28 15:32:53', '2016-09-28 15:33:05', 1),
(184, 'Lu chuyn tin thun trong k', NULL, 3, 0, 1, '2016-09-28 15:33:14', '2016-09-28 15:33:14', 0),
(185, 'Tin v tng ng tin u k', NULL, 3, 0, 1, '2016-09-28 15:33:23', '2016-09-28 15:33:23', 0),
(186, 'nh hng ca thay i t gi hi oi quy i ngoi t', NULL, 3, 0, 1, '2016-09-28 15:33:30', '2016-09-28 15:33:30', 0),
(187, 'Tin v tng ng tin cui k', NULL, 3, 0, 1, '2016-09-28 15:33:35', '2016-09-28 15:33:35', 0),
(188, '3. Ti sn c nh v hnh', NULL, 1, 37, 4, '2016-10-14 07:54:18', '2016-10-14 07:54:18', 0),
(189, '- Nguyn gi', NULL, 1, 188, 5, '2016-10-14 07:54:29', '2016-10-14 07:54:29', 0),
(190, '- Gi tr hao mn ly k', NULL, 1, 188, 5, '2016-10-14 07:54:37', '2016-10-14 07:54:37', 0),
(191, 'NH GI', NULL, 4, 0, 1, '2016-11-02 07:45:05', '2016-11-02 07:45:05', 0),
(192, 'Th gi vn', 'Gi tr vn ho th trng l tng gi tr ca mt cng ty tnh theo th gi. N c tnh bng cch nhn tng s c phiu lu hnh vi gi hin hnh ca c phiu.', 4, 191, 2, '2016-11-02 07:46:31', '2016-11-02 08:05:14', 0),
(193, 'P/E', 'P/E l t l gia gi th trng v li nhun rng trn mi c phn ca mt cng ty', 4, 191, 2, '2016-11-02 08:05:30', '2016-11-02 08:05:30', 0),
(194, 'P/S', 'H s gi trn doanh thu ca mi c phiu cho bit nh u t tr gi cao hn gp bao nhiu ln doanh thu ca mt c phiu.', 4, 191, 2, '2016-11-02 08:05:48', '2016-11-02 08:05:48', 0),
(195, 'P/B', 'H s gi th trng trn gi tr s sch c s dng  so snh gi th trng ca mt c phiu so vi gi tr s sch ca c phiu .', 4, 191, 2, '2016-11-02 08:06:35', '2016-11-02 08:06:35', 0),
(196, 'EPS', 'Li nhun trn mi c phiu', 4, 191, 2, '2016-11-02 08:06:44', '2016-11-02 08:06:44', 0),
(197, 'SC MNH TI CHNH', '', 4, 0, 1, '2016-11-02 08:06:59', '2016-11-02 08:06:59', 0),
(198, 'Thanh ton nhanh', 'H s kh nng thanh ton nhanh= (ti sn lu ng v u t ngn hn - hng tn kho):  n ngn hn', 4, 197, 2, '2016-11-02 08:07:16', '2016-12-12 03:46:04', 0),
(199, 'Thanh ton hin hnh', 'H s kh nng thanh ton hin hnh= ti sn lu ng v u t ngn hn : n ngn hn.', 4, 197, 2, '2016-11-02 08:07:28', '2016-12-12 03:46:17', 0),
(200, 'Tng n/Vn CSH (%)', 'H s tng n trn vn ch s hu', 4, 197, 2, '2016-11-02 08:07:41', '2016-11-16 09:20:53', 0),
(201, 'Tng n/Tng ti sn (%)', 'H s tng n trn tng ti sn', 4, 197, 2, '2016-11-02 08:07:51', '2016-11-16 09:21:00', 0),
(202, 'KH NNG HOT NG', '', 4, 0, 1, '2016-11-02 08:10:44', '2016-11-02 08:14:04', 0),
(203, 'Vng quay tng ti sn', 'H s vng quay tng ti sn =doanh thu thun : tng ti sn bnh qun', 4, 202, 2, '2016-11-02 08:10:56', '2016-12-12 03:46:45', 0),
(204, 'Vng quay hng tn kho', 'H s vng quay hng tn kho = gi vn hng bn : bnh qun hng tn kho', 4, 202, 2, '2016-11-02 08:11:06', '2016-12-12 03:47:02', 0),
(205, 'Vng quay cc khon phi thu', 'H s vng quay cc khon phi thu =  doanh thu : bnh qun cc khon phi thu', 4, 202, 2, '2016-11-02 08:11:17', '2016-12-12 03:47:24', 0),
(206, 'KH NNG SINH LI', '', 4, 0, 1, '2016-11-02 08:11:39', '2016-11-02 08:14:15', 0),
(207, 'T l li gp GOS (%)', 'H s bin li nhun gp = li nhun gp : doanh thu.', 4, 206, 2, '2016-11-02 08:12:05', '2016-12-13 03:53:00', 0),
(208, 'T l EBIT (%)', 'H s bin li nhun hot ng = li nhun trc thu v li vay : doanh thu', 4, 206, 2, '2016-11-02 08:12:15', '2016-12-12 03:48:03', 0),
(209, 'T l EBITDA (%)', 'T l EBITDA = (Li nhun trc thu + li vay + khu hao) : doanh thu', 4, 206, 2, '2016-11-02 08:12:27', '2016-12-12 03:48:27', 0),
(210, 'HIU QU QUN L', '', 4, 0, 1, '2016-11-02 08:12:51', '2016-11-02 08:14:27', 0),
(211, 'ROA (%)', 'ROA th hin tng quan gia mc sinh li ca mt cng ty so vi ti sn ca n. ROA = thu nhp rng : tng ti sn.', 4, 210, 2, '2016-11-02 08:12:57', '2016-12-12 03:49:06', 0),
(212, 'ROE (%)', 'ROE th hin tng quan gia mc sinh li ca mt cng ty so vi vn ch s hu ca n. ROE = thu nhp rng : vn ch s hu.', 4, 210, 2, '2016-11-02 08:13:08', '2016-12-12 03:49:20', 0),
(213, 'ROS (%)', 'H s li nhun trn doanh thu thun = Li nhun sau thu : Doanh thu thun', 4, 210, 2, '2016-11-02 08:13:19', '2016-11-25 07:40:45', 0),
(216, 'Book value (B)', 'Gi tr s sch/c phiu= (Vn ch s hu - TSVH) : s lng c phiu lu hnh', 4, 191, 2, '2016-11-25 07:42:51', '2016-11-25 07:42:51', 0),
(214, 'T l li rng (%)', 'T l li rng = li nhun sau thu : doanh thu.', 4, 206, 2, '2016-11-02 08:45:58', '2016-12-12 03:48:46', 0),
(215, 'test', '', 1, 112, 5, '2016-11-23 04:19:27', '2016-11-23 04:19:30', 1),
(217, 'T sut c tc', 'H s c tc c ng nhn c trn mnh gi ca c phiu', 4, 191, 2, '2016-11-25 08:11:30', '2016-11-25 08:11:30', 0),
(218, 'Thanh ton bng tin mt', 'c tnh bng = (Tin v cc khon tng ng tin) : n ngn hn', 4, 197, 2, '2016-11-25 08:19:06', '2016-11-25 08:19:06', 0),
(219, 'Kh nng thanh ton li vay', 'c tnh bng = Li trc thu v li vay : li vay', 4, 197, 2, '2016-11-25 08:22:46', '2016-11-25 08:22:46', 0);

-- --------------------------------------------------------

--
-- Table structure for table `sector`
--

CREATE TABLE `sector` (
  `id` int(11) NOT NULL,
  `name` varchar(265) CHARACTER SET utf8 NOT NULL,
  `del` tinyint(1) DEFAULT '0',
  `created_date` datetime NOT NULL DEFAULT CURRENT_TIMESTAMP,
  `updated_date` datetime NOT NULL DEFAULT CURRENT_TIMESTAMP
) ENGINE=MyISAM DEFAULT CHARSET=latin1;

--
-- Dumping data for table `sector`
--

INSERT INTO `sector` (`id`, `name`, `del`, `created_date`, `updated_date`) VALUES
(1, 'Du kh', 0, '2016-10-05 08:29:26', '2016-11-23 03:58:45'),
(2, 'Vt liu c bn', 0, '2016-10-05 08:33:04', '2016-10-05 08:33:04'),
(3, 'Cng nghip', 0, '2016-10-05 08:33:12', '2016-10-05 08:33:12'),
(4, 'Hng tiu dng', 0, '2016-10-05 08:33:21', '2016-10-05 08:33:21'),
(5, 'Y t', 0, '2016-10-05 08:33:32', '2016-10-05 08:33:32'),
(6, 'Dch v tiu dng', 0, '2016-10-05 08:33:42', '2016-10-05 08:33:42'),
(7, 'Vin thng', 0, '2016-10-05 08:33:49', '2016-10-05 08:33:49'),
(8, 'Cc dch v h tng', 0, '2016-10-05 08:33:59', '2016-10-05 08:33:59'),
(9, 'Ti chnh', 0, '2016-10-05 08:34:06', '2016-10-05 08:34:06'),
(10, 'Cng ngh', 0, '2016-10-05 08:34:13', '2016-10-05 08:34:13');

-- --------------------------------------------------------

--
-- Table structure for table `user`
--

CREATE TABLE `user` (
  `id` int(11) NOT NULL,
  `username` varchar(265) CHARACTER SET utf8 NOT NULL,
  `password` varchar(265) CHARACTER SET utf8 NOT NULL,
  `login_hash` varchar(265) CHARACTER SET utf8 NOT NULL,
  `name` varchar(100) CHARACTER SET utf8 NOT NULL,
  `del` tinyint(4) NOT NULL DEFAULT '0',
  `created_date` datetime NOT NULL,
  `updated_date` datetime NOT NULL
) ENGINE=MyISAM DEFAULT CHARSET=latin1;

--
-- Dumping data for table `user`
--

INSERT INTO `user` (`id`, `username`, `password`, `login_hash`, `name`, `del`, `created_date`, `updated_date`) VALUES
(1, 'tranphan2508@gmail.com', 'e10adc3949ba59abbe56e057f20f883e', 'e8b5746641d2dd5112c1c45649c09e70', 'Tran Phan', 0, '2016-11-23 00:00:00', '2016-12-14 02:34:18');

--
-- Indexes for dumped tables
--

--
-- Indexes for table `balance_sheet`
--
ALTER TABLE `balance_sheet`
  ADD PRIMARY KEY (`id`),
  ADD UNIQUE KEY `company_id` (`company_id`,`year`,`param_id`);

--
-- Indexes for table `capital`
--
ALTER TABLE `capital`
  ADD PRIMARY KEY (`id`);

--
-- Indexes for table `cashflow`
--
ALTER TABLE `cashflow`
  ADD PRIMARY KEY (`id`);

--
-- Indexes for table `company`
--
ALTER TABLE `company`
  ADD PRIMARY KEY (`id`);

--
-- Indexes for table `floor`
--
ALTER TABLE `floor`
  ADD PRIMARY KEY (`id`);

--
-- Indexes for table `income_statement`
--
ALTER TABLE `income_statement`
  ADD PRIMARY KEY (`id`);

--
-- Indexes for table `indicators`
--
ALTER TABLE `indicators`
  ADD PRIMARY KEY (`id`),
  ADD UNIQUE KEY `company_id` (`company_id`,`year`,`param_id`);

--
-- Indexes for table `params`
--
ALTER TABLE `params`
  ADD PRIMARY KEY (`id`);

--
-- Indexes for table `sector`
--
ALTER TABLE `sector`
  ADD PRIMARY KEY (`id`);

--
-- Indexes for table `user`
--
ALTER TABLE `user`
  ADD PRIMARY KEY (`id`);

--
-- AUTO_INCREMENT for dumped tables
--

--
-- AUTO_INCREMENT for table `balance_sheet`
--
ALTER TABLE `balance_sheet`
  MODIFY `id` int(11) NOT NULL AUTO_INCREMENT, AUTO_INCREMENT=1167;
--
-- AUTO_INCREMENT for table `capital`
--
ALTER TABLE `capital`
  MODIFY `id` int(11) NOT NULL AUTO_INCREMENT, AUTO_INCREMENT=14;
--
-- AUTO_INCREMENT for table `cashflow`
--
ALTER TABLE `cashflow`
  MODIFY `id` int(11) NOT NULL AUTO_INCREMENT, AUTO_INCREMENT=789;
--
-- AUTO_INCREMENT for table `company`
--
ALTER TABLE `company`
  MODIFY `id` int(11) NOT NULL AUTO_INCREMENT, AUTO_INCREMENT=5;
--
-- AUTO_INCREMENT for table `floor`
--
ALTER TABLE `floor`
  MODIFY `id` int(11) NOT NULL AUTO_INCREMENT, AUTO_INCREMENT=4;
--
-- AUTO_INCREMENT for table `income_statement`
--
ALTER TABLE `income_statement`
  MODIFY `id` int(11) NOT NULL AUTO_INCREMENT, AUTO_INCREMENT=843;
--
-- AUTO_INCREMENT for table `indicators`
--
ALTER TABLE `indicators`
  MODIFY `id` int(11) NOT NULL AUTO_INCREMENT, AUTO_INCREMENT=1285;
--
-- AUTO_INCREMENT for table `params`
--
ALTER TABLE `params`
  MODIFY `id` int(11) NOT NULL AUTO_INCREMENT, AUTO_INCREMENT=220;
--
-- AUTO_INCREMENT for table `sector`
--
ALTER TABLE `sector`
  MODIFY `id` int(11) NOT NULL AUTO_INCREMENT, AUTO_INCREMENT=11;
--
-- AUTO_INCREMENT for table `user`
--
ALTER TABLE `user`
  MODIFY `id` int(11) NOT NULL AUTO_INCREMENT, AUTO_INCREMENT=3;
/*!40101 SET CHARACTER_SET_CLIENT=@OLD_CHARACTER_SET_CLIENT */;
/*!40101 SET CHARACTER_SET_RESULTS=@OLD_CHARACTER_SET_RESULTS */;
/*!40101 SET COLLATION_CONNECTION=@OLD_COLLATION_CONNECTION */;
