-- phpMyAdmin SQL Dump
-- version 4.5.5.1
-- http://www.phpmyadmin.net
--
-- Host: 127.0.0.1
-- Generation Time: May 04, 2017 at 04:26 AM
-- Server version: 5.7.11
-- PHP Version: 5.6.19

SET SQL_MODE = "NO_AUTO_VALUE_ON_ZERO";
SET time_zone = "+00:00";


/*!40101 SET @OLD_CHARACTER_SET_CLIENT=@@CHARACTER_SET_CLIENT */;
/*!40101 SET @OLD_CHARACTER_SET_RESULTS=@@CHARACTER_SET_RESULTS */;
/*!40101 SET @OLD_COLLATION_CONNECTION=@@COLLATION_CONNECTION */;
/*!40101 SET NAMES utf8mb4 */;

--
-- Database: `stock_2`
--
CREATE DATABASE IF NOT EXISTS `stock_2` DEFAULT CHARACTER SET latin1 COLLATE latin1_swedish_ci;
USE `stock_2`;

-- --------------------------------------------------------

--
-- Table structure for table `balance_sheet`
--

DROP TABLE IF EXISTS `balance_sheet`;
CREATE TABLE `balance_sheet` (
  `id` int(11) NOT NULL,
  `company_id` int(11) NOT NULL,
  `year` smallint(6) NOT NULL,
  `col_id1` varchar(255) DEFAULT NULL,
  `col_id2` varchar(255) DEFAULT NULL,
  `col_id3` varchar(255) DEFAULT NULL,
  `col_id4` varchar(255) DEFAULT NULL,
  `col_id5` varchar(255) DEFAULT NULL,
  `col_id6` varchar(255) DEFAULT NULL,
  `col_id7` varchar(255) DEFAULT NULL,
  `col_id8` varchar(255) DEFAULT NULL,
  `col_id9` varchar(255) DEFAULT NULL,
  `col_id10` varchar(255) DEFAULT NULL,
  `col_id11` varchar(255) DEFAULT NULL,
  `col_id12` varchar(255) DEFAULT NULL,
  `col_id13` varchar(255) DEFAULT NULL,
  `col_id14` varchar(255) DEFAULT NULL,
  `col_id15` varchar(255) DEFAULT NULL,
  `col_id16` varchar(255) DEFAULT NULL,
  `col_id17` varchar(255) DEFAULT NULL,
  `col_id18` varchar(255) DEFAULT NULL,
  `col_id19` varchar(255) DEFAULT NULL,
  `col_id20` varchar(255) DEFAULT NULL,
  `col_id21` varchar(255) DEFAULT NULL,
  `col_id22` varchar(255) DEFAULT NULL,
  `col_id23` varchar(255) DEFAULT NULL,
  `col_id24` varchar(255) DEFAULT NULL,
  `col_id25` varchar(255) DEFAULT NULL,
  `col_id26` varchar(255) DEFAULT NULL,
  `col_id27` varchar(255) DEFAULT NULL,
  `col_id28` varchar(255) DEFAULT NULL,
  `col_id29` varchar(255) DEFAULT NULL,
  `col_id30` varchar(255) DEFAULT NULL,
  `col_id31` varchar(255) DEFAULT NULL,
  `col_id32` varchar(255) DEFAULT NULL,
  `col_id33` varchar(255) DEFAULT NULL,
  `col_id34` varchar(255) DEFAULT NULL,
  `col_id35` varchar(255) DEFAULT NULL,
  `col_id36` varchar(255) DEFAULT NULL,
  `col_id37` varchar(255) DEFAULT NULL,
  `col_id38` varchar(255) DEFAULT NULL,
  `col_id39` varchar(255) DEFAULT NULL,
  `col_id40` varchar(255) DEFAULT NULL,
  `col_id41` varchar(255) DEFAULT NULL,
  `col_id42` varchar(255) DEFAULT NULL,
  `col_id43` varchar(255) DEFAULT NULL,
  `col_id44` varchar(255) DEFAULT NULL,
  `col_id45` varchar(255) DEFAULT NULL,
  `col_id46` varchar(255) DEFAULT NULL,
  `col_id47` varchar(255) DEFAULT NULL,
  `col_id48` varchar(255) DEFAULT NULL,
  `col_id49` varchar(255) DEFAULT NULL,
  `col_id50` varchar(255) DEFAULT NULL,
  `col_id51` varchar(255) DEFAULT NULL,
  `col_id52` varchar(255) DEFAULT NULL,
  `col_id53` varchar(255) DEFAULT NULL,
  `col_id54` varchar(255) DEFAULT NULL,
  `col_id55` varchar(255) DEFAULT NULL,
  `col_id56` varchar(255) DEFAULT NULL,
  `col_id57` varchar(255) DEFAULT NULL,
  `col_id58` varchar(255) DEFAULT NULL,
  `col_id59` varchar(255) DEFAULT NULL,
  `col_id60` varchar(255) DEFAULT NULL,
  `col_id61` varchar(255) DEFAULT NULL,
  `col_id62` varchar(255) DEFAULT NULL,
  `col_id63` varchar(255) DEFAULT NULL,
  `col_id64` varchar(255) DEFAULT NULL,
  `col_id65` varchar(255) DEFAULT NULL,
  `col_id66` varchar(255) DEFAULT NULL,
  `col_id67` varchar(255) DEFAULT NULL,
  `col_id68` varchar(255) DEFAULT NULL,
  `col_id69` varchar(255) DEFAULT NULL,
  `col_id70` varchar(255) DEFAULT NULL,
  `col_id71` varchar(255) DEFAULT NULL,
  `col_id72` varchar(255) DEFAULT NULL,
  `col_id73` varchar(255) DEFAULT NULL,
  `col_id74` varchar(255) DEFAULT NULL,
  `col_id75` varchar(255) DEFAULT NULL,
  `col_id76` varchar(255) DEFAULT NULL,
  `col_id77` varchar(255) DEFAULT NULL,
  `col_id78` varchar(255) DEFAULT NULL,
  `col_id79` varchar(255) DEFAULT NULL,
  `col_id80` varchar(255) DEFAULT NULL,
  `col_id81` varchar(255) DEFAULT NULL,
  `col_id82` varchar(255) DEFAULT NULL,
  `col_id83` varchar(255) DEFAULT NULL,
  `col_id84` varchar(255) DEFAULT NULL,
  `col_id85` varchar(255) DEFAULT NULL,
  `col_id86` varchar(255) DEFAULT NULL,
  `col_id87` varchar(255) DEFAULT NULL,
  `col_id88` varchar(255) DEFAULT NULL,
  `col_id89` varchar(255) DEFAULT NULL,
  `col_id90` varchar(255) DEFAULT NULL,
  `col_id91` varchar(255) DEFAULT NULL,
  `col_id92` varchar(255) DEFAULT NULL,
  `col_id93` varchar(255) DEFAULT NULL,
  `col_id94` varchar(255) DEFAULT NULL,
  `col_id95` varchar(255) DEFAULT NULL,
  `col_id96` varchar(255) DEFAULT NULL,
  `col_id97` varchar(255) DEFAULT NULL,
  `col_id98` varchar(255) DEFAULT NULL,
  `col_id99` varchar(255) DEFAULT NULL,
  `col_id100` varchar(255) DEFAULT NULL,
  `col_id101` varchar(255) DEFAULT NULL,
  `col_id102` varchar(255) DEFAULT NULL,
  `col_id103` varchar(255) DEFAULT NULL,
  `col_id104` varchar(255) DEFAULT NULL,
  `col_id105` varchar(255) DEFAULT NULL,
  `col_id106` varchar(255) DEFAULT NULL,
  `col_id107` varchar(255) DEFAULT NULL,
  `col_id108` varchar(255) DEFAULT NULL,
  `col_id109` varchar(255) DEFAULT NULL,
  `col_id110` varchar(255) DEFAULT NULL,
  `col_id111` varchar(255) DEFAULT NULL,
  `col_id112` varchar(255) DEFAULT NULL,
  `col_id113` varchar(255) DEFAULT NULL,
  `col_id114` varchar(255) DEFAULT NULL,
  `col_id115` varchar(255) DEFAULT NULL,
  `del` tinyint(4) NOT NULL DEFAULT '0',
  `created_date` datetime NOT NULL,
  `updated_date` datetime NOT NULL
) ENGINE=MyISAM DEFAULT CHARSET=latin1;

--
-- Dumping data for table `balance_sheet`
--

INSERT INTO `balance_sheet` (`id`, `company_id`, `year`, `col_id1`, `col_id2`, `col_id3`, `col_id4`, `col_id5`, `col_id6`, `col_id7`, `col_id8`, `col_id9`, `col_id10`, `col_id11`, `col_id12`, `col_id13`, `col_id14`, `col_id15`, `col_id16`, `col_id17`, `col_id18`, `col_id19`, `col_id20`, `col_id21`, `col_id22`, `col_id23`, `col_id24`, `col_id25`, `col_id26`, `col_id27`, `col_id28`, `col_id29`, `col_id30`, `col_id31`, `col_id32`, `col_id33`, `col_id34`, `col_id35`, `col_id36`, `col_id37`, `col_id38`, `col_id39`, `col_id40`, `col_id41`, `col_id42`, `col_id43`, `col_id44`, `col_id45`, `col_id46`, `col_id47`, `col_id48`, `col_id49`, `col_id50`, `col_id51`, `col_id52`, `col_id53`, `col_id54`, `col_id55`, `col_id56`, `col_id57`, `col_id58`, `col_id59`, `col_id60`, `col_id61`, `col_id62`, `col_id63`, `col_id64`, `col_id65`, `col_id66`, `col_id67`, `col_id68`, `col_id69`, `col_id70`, `col_id71`, `col_id72`, `col_id73`, `col_id74`, `col_id75`, `col_id76`, `col_id77`, `col_id78`, `col_id79`, `col_id80`, `col_id81`, `col_id82`, `col_id83`, `col_id84`, `col_id85`, `col_id86`, `col_id87`, `col_id88`, `col_id89`, `col_id90`, `col_id91`, `col_id92`, `col_id93`, `col_id94`, `col_id95`, `col_id96`, `col_id97`, `col_id98`, `col_id99`, `col_id100`, `col_id101`, `col_id102`, `col_id103`, `col_id104`, `col_id105`, `col_id106`, `col_id107`, `col_id108`, `col_id109`, `col_id110`, `col_id111`, `col_id112`, `col_id113`, `col_id114`, `col_id115`, `del`, `created_date`, `updated_date`) VALUES
(1, 2, 2016, '4', NULL, '4', NULL, '4', NULL, NULL, NULL, NULL, '1', '3', '0', NULL, NULL, NULL, NULL, NULL, NULL, NULL, NULL, NULL, NULL, NULL, NULL, NULL, NULL, NULL, NULL, NULL, NULL, NULL, NULL, NULL, NULL, NULL, NULL, NULL, NULL, NULL, NULL, NULL, NULL, NULL, NULL, NULL, NULL, NULL, NULL, NULL, NULL, NULL, NULL, NULL, NULL, NULL, NULL, NULL, NULL, NULL, NULL, NULL, NULL, NULL, NULL, NULL, NULL, NULL, NULL, NULL, NULL, NULL, NULL, NULL, NULL, NULL, NULL, NULL, NULL, NULL, NULL, NULL, NULL, NULL, NULL, NULL, NULL, NULL, NULL, NULL, NULL, NULL, NULL, NULL, NULL, NULL, NULL, NULL, NULL, NULL, NULL, NULL, NULL, NULL, NULL, NULL, NULL, NULL, NULL, NULL, NULL, NULL, NULL, NULL, NULL, NULL, 0, '2017-02-21 06:31:55', '2017-02-21 08:14:54'),
(2, 2, 2009, '3790457925899', '3790457925899', '2874446860526', '916011065373', '106943400984', NULL, '1953579329651', '653971238187', '159952891704', '106943400984', NULL, NULL, NULL, NULL, '1514564963418', '359958256358', NULL, NULL, NULL, '83323400444', '-4267290569', '653971238187', NULL, '375693002', '96747880013', '2594171671', NULL, '60235147018', NULL, NULL, NULL, NULL, NULL, NULL, NULL, '568547649121', '488731460711', '611378006093', '-122646545382', NULL, NULL, NULL, NULL, NULL, NULL, '22563974272', NULL, '22563974272', '300766537809', NULL, '300766537809', NULL, NULL, NULL, '24132904171', '24048904171', NULL, '84000000', NULL, '2013999152757', '1924975771992', '1545357006812', NULL, '197815578762', '16153849695', '34806273214', '7254302965', '5307617321', NULL, NULL, NULL, '119681670275', NULL, '-1400527052', NULL, NULL, '89023380765', NULL, NULL, NULL, NULL, NULL, '84870361161', NULL, '1341912538', '2811107066', NULL, NULL, NULL, '1776458773142', '1776458773142', '599999930000', NULL, '706724070000', NULL, NULL, NULL, NULL, '29984766900', '35920754779', '36707290563', NULL, '304135514998', NULL, '304135514998', NULL, NULL, '62986445902', NULL, NULL, NULL, '79816188410', '83355271109', '-3539082699', NULL, 0, '2017-02-21 08:19:02', '2017-02-22 07:28:44'),
(3, 2, 2010, '5388128920387', '5388128920387', '3923085968027', '1465042952360', '206930674738', '50530040000', '2238050844506', '1251130452944', '176443955839', '162530674738', '44400000000', '50530040000', NULL, NULL, '1567597222879', '539262247383', NULL, NULL, NULL, '146595848788', '-15404474544', '1254132611600', '-3002158656', '2385038313', '93837493067', '3323118126', NULL, '76898306333', NULL, NULL, NULL, NULL, NULL, NULL, NULL, '1052317177354', '899978358777', '1260456806556', '-360478447779', '0', '0', '0', NULL, NULL, NULL, '53143690450', NULL, '53143690450', '335161204584', NULL, '245331204584', NULL, '-12410000000', NULL, '24420879972', '17856826462', '5980053510', '584000000', NULL, '3170462865474', '3084033575411', '2171551068003', NULL, '470962057118', '154548631515', '27154554598', '34430248350', '22764801996', NULL, NULL, NULL, '192278006820', NULL, '10344207011', NULL, NULL, '86429290063', NULL, NULL, NULL, NULL, NULL, '63112909195', NULL, '10006001082', '13310379786', NULL, NULL, NULL, '2217666054913', '2217666054913', '659980730000', NULL, '706724070000', NULL, NULL, '-29640652453', NULL, NULL, '52363643070', '53428590703', NULL, '376494059903', NULL, '376494059903', NULL, NULL, '398315613690', NULL, NULL, NULL, '152338818577', '159461625157', '-7122806580', '102240000000', 0, '2017-02-22 07:41:04', '2017-02-22 07:41:04'),
(4, 2, 2011, '6295113560653', '6295113560653', '4860126917754', '1434986642899', '303637987038', NULL, '2795353564990', '1504516745503', '256618620223', '262809987038', '40828000000', NULL, NULL, NULL, '2251180047609', '495692204753', NULL, NULL, NULL, '155056513842', '-106575201214', '1504516745503', NULL, '2393179468', '114500188867', '123166008', NULL, '139602085880', NULL, NULL, NULL, NULL, NULL, NULL, NULL, '943379442214', '802232669608', '1249741308280', '-447508638672', NULL, NULL, NULL, NULL, NULL, NULL, '73260812997', NULL, '73260812997', '395724655725', NULL, '300126092360', NULL, '-39331836635', NULL, '22621731963', '13887434437', '7150297526', '1584000000', NULL, '3780516681399', '3718774384862', '2329166844110', NULL, '1130269398234', '24233558931', '52689308592', '44644502708', '41357377442', NULL, NULL, NULL, '83803712421', '12609682424', NULL, NULL, NULL, '61742296537', NULL, NULL, NULL, NULL, NULL, '36255963361', NULL, '2839213002', '22647120174', NULL, NULL, NULL, '2514596879254', '2514596879254', '659980730000', NULL, '706724070000', NULL, NULL, '-30325837000', NULL, NULL, '60800844448', '58293665344', '-1017985453', '635987826735', NULL, '635987826735', NULL, NULL, '424153565180', NULL, NULL, NULL, '141146772606', '150494625157', '-9347852551', '134930400000', 0, '2017-02-22 07:50:43', '2017-02-22 07:50:43'),
(5, 1, 2009, '18950872578', '18950872578', '18864871699', '86000879', '114871699', NULL, '9250000000', NULL, '9500000000', '114871699', '0', NULL, NULL, NULL, NULL, '9250000000', NULL, NULL, NULL, NULL, NULL, NULL, NULL, NULL, NULL, NULL, NULL, '9500000000', NULL, NULL, NULL, NULL, NULL, NULL, NULL, NULL, NULL, NULL, NULL, NULL, NULL, NULL, NULL, NULL, NULL, NULL, NULL, NULL, NULL, NULL, NULL, NULL, NULL, NULL, '86000879', '86000879', NULL, NULL, NULL, '172923403', '172923403', NULL, NULL, NULL, NULL, '172923403', NULL, NULL, NULL, NULL, NULL, NULL, NULL, NULL, NULL, NULL, NULL, NULL, NULL, NULL, NULL, NULL, NULL, NULL, NULL, NULL, NULL, NULL, NULL, '18777949175', '18777949175', '18000000000', NULL, NULL, NULL, NULL, NULL, NULL, NULL, NULL, NULL, '777949175', NULL, NULL, NULL, NULL, NULL, NULL, NULL, NULL, NULL, NULL, NULL, NULL, NULL, 0, '2017-03-03 01:53:06', '2017-03-03 01:53:45'),
(6, 1, 2010, '235834564686', '235834564686', '176777992400', '59056572286', '4355914330', '148018000000', '17096302315', '352468928', '6955306827', '4355914330', NULL, '148020480000', '-2480000', NULL, '10559713982', '154455000', NULL, NULL, '6382133333', NULL, NULL, '352468928', NULL, '663059437', '1331724553', NULL, NULL, '4960522837', '3580649191', '0', NULL, NULL, NULL, '3580649191', NULL, '12818189265', '12818189265', '14340588058', '-1522398793', NULL, NULL, NULL, NULL, NULL, NULL, '5946527443', NULL, '5946527443', '0', NULL, '0', NULL, NULL, NULL, '1726030340', '1522532828', NULL, '203497512', '34985176047', '15391061860', '15391061860', '908886510', NULL, '1437634100', '49818974', '2820163645', '1890806729', '7415300', NULL, '8203941684', NULL, NULL, NULL, '72394918', NULL, NULL, NULL, NULL, NULL, NULL, NULL, NULL, NULL, NULL, NULL, NULL, NULL, NULL, NULL, '220443502826', '220443502826', '170000000000', NULL, '42000000000', NULL, NULL, NULL, NULL, NULL, '77794918', NULL, '38897459', '7404304376', NULL, '7404304376', NULL, NULL, '922506073', NULL, NULL, NULL, NULL, NULL, NULL, NULL, 0, '2017-03-03 02:43:32', '2017-03-03 04:13:47'),
(7, 1, 2011, '451229332246', '451229332246', '227524152230', '223705180016', '634156486', '139940002000', '73395737619', '2047117570', '11507138555', '634156486', NULL, '139940002000', NULL, NULL, '63876304736', '4768942490', NULL, NULL, NULL, '4750490393', NULL, '2047117570', NULL, '534705795', '2089864495', NULL, NULL, '8882568265', NULL, NULL, NULL, NULL, NULL, NULL, NULL, '25565125308', '25565125308', '29599676959', '-4034551651', NULL, NULL, NULL, NULL, NULL, NULL, '2459411567', NULL, '2459411567', '159272831926', NULL, '159272831926', NULL, NULL, NULL, '3613848684', '3410351172', NULL, '203497512', '32793962531', '225939971481', '224102765706', '135142000000', NULL, '64896414145', '538544304', '5587691715', '1016080604', '145442908', NULL, NULL, NULL, '16309150180', NULL, '467441850', NULL, NULL, '1837205775', NULL, NULL, NULL, NULL, NULL, '1508000000', NULL, NULL, '329205775', NULL, NULL, NULL, '225289360765', '225289360765', '170000000000', NULL, '42000000000', NULL, '1243883693', NULL, NULL, NULL, '4339235151', '1280353399', '368103234', '2143780626', NULL, '2143780626', NULL, NULL, '3914004662', NULL, NULL, NULL, NULL, NULL, NULL, NULL, 0, '2017-03-03 06:28:11', '2017-03-03 06:28:11'),
(8, 1, 2012, '2123652575393', '2123652575393', '1277127194181', '846525381212', '6591266338', '708892490000', '542689472810', '2210936480', '16743028553', '6591266338', NULL, '709992490000', '-1100000000', NULL, '455616927368', '86809156324', NULL, NULL, NULL, '263389118', NULL, '2210936480', NULL, '736370718', '1566661353', NULL, NULL, '14439996482', NULL, NULL, NULL, NULL, NULL, NULL, NULL, '92944289048', '17202110115', '22776149234', '-5574039119', NULL, NULL, NULL, '373757641233', '373757641233', NULL, '213124623580', NULL, '213124623580', '147725898358', NULL, '147725898358', NULL, NULL, NULL, '14131407429', '4065939284', '9657528145', '407940000', '4841521564', '918477618064', '728814326388', '191940297825', NULL, '456725114278', '437405085', '49263933636', '1504561068', '583780000', NULL, NULL, NULL, NULL, '27720000371', '639234125', NULL, NULL, '189663291676', NULL, NULL, NULL, NULL, '530000000', '103568787330', NULL, NULL, NULL, NULL, '85564504346', NULL, '1205174957329', '1205174957329', '771800000000', NULL, '413745800523', NULL, NULL, NULL, NULL, NULL, '4028264228', '658411551', '368103234', '8525091946', NULL, '8525091946', NULL, NULL, '6049285847', NULL, NULL, NULL, '75742178933', '75742178933', NULL, NULL, 0, '2017-03-03 06:31:15', '2017-03-03 06:31:15'),
(9, 1, 2013, '2100861485631', '2100861485631', '987621072711', '1113240412920', '12942080454', '349962677900', '513881999512', '92083462034', '18750852811', '12442080454', '500000000', '349962677900', NULL, NULL, '428964496957', '57537900404', NULL, NULL, NULL, '27525805863', '-146203712', '92083462034', NULL, '7030439837', '2368780798', '1067363', NULL, '9350564813', NULL, NULL, NULL, NULL, NULL, NULL, NULL, '219006283919', '127455828529', '142118229222', '-14662400693', NULL, NULL, NULL, '373757641233', '373757641233', NULL, '50065579980', NULL, '50065579980', '447554476184', NULL, '442054476184', '5500000000', NULL, NULL, '18529677965', '7176787603', '10944950362', '407940000', '4326753639', '836581182276', '709131626536', '115392186085', NULL, '381435356623', '5727781772', '80318000885', '2173325173', '57312569538', NULL, NULL, NULL, '65681939980', NULL, '1090466480', NULL, NULL, '127449555740', NULL, NULL, NULL, NULL, '960000000', '58319933322', NULL, NULL, NULL, NULL, '68169622418', NULL, '1264280303355', '1264280303355', '771800000000', NULL, '413961378437', NULL, NULL, NULL, NULL, NULL, '6415289973', '1510920746', '709106912', '63779569670', NULL, '63779569670', NULL, NULL, '6104037617', NULL, NULL, NULL, '91550455390', '91550455390', NULL, NULL, 0, '2017-03-03 06:34:30', '2017-03-03 06:34:30'),
(10, 1, 2014, '5403551975381', '5403551975381', '3589787525097', '1813764450284', '563859148199', '1745545987900', '1104475344300', '43286057749', '132620986949', '286359148199', '277500000000', '1745545987900', NULL, NULL, '444823019406', '634954186866', NULL, NULL, NULL, '25143035102', '-444897074', '43286057749', NULL, '4543760204', '23333787879', NULL, NULL, '104743438866', NULL, NULL, NULL, NULL, NULL, NULL, NULL, '139485729672', '36117338739', '49584162574', '-13466823835', NULL, NULL, NULL, '373757641233', '373757641233', NULL, '465925446431', NULL, '465925446431', '611178280296', NULL, '460192426230', '150985854066', NULL, NULL, '13028940604', '12468449109', '137916295', '422575200', '210388412048', '1487847367158', '589363577237', '6816750000', NULL, '215249390832', '585022170', '138106629670', '3033949179', '32834860621', '15397800', NULL, NULL, '192173090585', NULL, '548486380', NULL, NULL, '898483789921', NULL, NULL, NULL, NULL, '2726000000', '847399100000', NULL, NULL, NULL, NULL, '48358689921', NULL, '3915704608223', '3915704608223', '3148938820000', NULL, '413711378437', NULL, NULL, NULL, NULL, NULL, '6415289973', '1510920746', '709106912', '343299749950', NULL, '343299749950', NULL, NULL, '1119342205', NULL, NULL, NULL, '103368390933', '105868390933', '-2500000000', NULL, 0, '2017-03-03 06:37:53', '2017-04-04 02:50:43'),
(11, 1, 2015, '9814813244921', '9814813244921', '4622220420090', '5192592824831', '163218530205', NULL, '3671494351441', '620122747252', '167384791192', '28775760205', '134442770000', NULL, NULL, NULL, '1168176613008', '894641452058', NULL, NULL, NULL, '1609223283449', '-546997074', '620122747252', NULL, '32070169390', '134370552777', '944069025', NULL, NULL, '67066760000', NULL, NULL, NULL, NULL, '67066760000', NULL, '2587505290887', '2483924187954', '2528706399042', '-44782211088', NULL, NULL, NULL, '646156895995', '653793041233', '-7636145238', '1086227521015', NULL, '1086227521015', '585375618910', NULL, '208675618910', '376700000000', NULL, NULL, '31193035754', '30428020631', '765015123', NULL, '189067702270', '3583702128820', '2379130264634', '259730500711', NULL, '780096277608', '179150192090', '352630294690', '14996297706', '371156763998', NULL, NULL, '996000000', '420312538651', NULL, '61399180', NULL, NULL, '1204571864186', NULL, NULL, NULL, NULL, '2666000000', '1142477056887', NULL, '5510042597', NULL, NULL, '53918764702', NULL, '6231111116101', '6231111116101', '5298715330000', NULL, '23967378437', NULL, NULL, NULL, NULL, NULL, '7344810719', NULL, '118623112', '899157812604', '-3028254203', '902186066807', NULL, NULL, '1807161229', NULL, NULL, NULL, '103581102933', '106081102933', '-2500000000', NULL, 0, '2017-03-03 06:58:32', '2017-04-04 02:49:11'),
(12, 6, 2007, '353873330779', '353873330779', '292645486835', '61227843944', '3653530353', '490000000', '125477417430', '148078151027', '14946388025', '3653530353', NULL, '490000000', NULL, NULL, '118466119250', '2086880883', NULL, NULL, NULL, '6426805296', '-1502387999', '148078151027', NULL, '37800000', '54214024', '5436000', NULL, '14848938001', NULL, NULL, NULL, NULL, NULL, NULL, NULL, '11221948346', '8566756556', '12574315895', '-4007559339', '0', '0', '0', NULL, NULL, NULL, '1916223820', NULL, '1916223820', '25682614545', NULL, '2864365545', NULL, NULL, NULL, '2713115380', '2713115380', NULL, NULL, '19693941853', '280961983824', '280691555369', '67803707687', '0', '169373119662', '21193412897', '7549955134', '277166255', '56200000', '3077292962', NULL, NULL, NULL, '11138129330', '222571442', NULL, NULL, '270428455', NULL, NULL, NULL, NULL, '2450000', '230000000', NULL, NULL, '37978455', NULL, NULL, NULL, '72911346955', '72911346955', '51609380000', '0', '869550000', NULL, NULL, NULL, NULL, NULL, '2511450000', '351600000', NULL, '17557129568', NULL, '17557129568', NULL, NULL, '12237387', '0', NULL, NULL, '2655191790', '2753659383', '-98467593', '22818249000', 0, '2017-04-04 03:31:39', '2017-04-04 03:37:10'),
(13, 6, 2008, '438972300676', '438972300676', '377769691420', '61202609256', '36950509855', '370000000', '116475032998', '202881347085', '21092801482', '28150509855', '8800000000', '370000000', NULL, NULL, '66824283644', '23915710897', NULL, NULL, NULL, '26051540563', '-316502106', '202881347085', NULL, '34810599', '2166489003', '5436000', NULL, '18886065880', NULL, NULL, NULL, NULL, NULL, NULL, NULL, '22254574393', '19482158196', '27345351321', '-7863193125', NULL, NULL, NULL, NULL, NULL, NULL, '1658532694', NULL, '1658532694', '17848984640', '150000000', '2924380955', NULL, '-8148675315', NULL, '1563208301', '1563208301', NULL, NULL, '17877309228', '315728664161', '311206293904', '37690692917', '0', '199480111302', '52066914662', '2568819362', '2166000000', '166938181', NULL, NULL, NULL, '2318684682', '14449624141', '298508657', NULL, NULL, '4522370257', NULL, NULL, NULL, NULL, '704706868', '230000000', NULL, NULL, '98416959', '3489246430', NULL, NULL, '123243636515', '123243636515', '90324800000', NULL, '10500000000', NULL, NULL, NULL, NULL, NULL, '2511450000', '351600000', NULL, '19855095565', NULL, '19855095565', NULL, NULL, '-299309050', NULL, NULL, NULL, '2772416197', '2987901383', '-215485186', '22923279000', 0, '2017-04-04 06:19:09', '2017-04-10 06:38:43'),
(14, 6, 2009, '689300028661', '689300028661', '549583796590', '139716232071', '37960063573', '37265250000', '354119606647', '81622220335', '38616656035', '11960063573', '26000000000', '37265250000', NULL, NULL, '298652668045', '24773269906', NULL, NULL, NULL, '34398347832', '-3704679136', '81622220335', NULL, '4123207189', '906464200', '952024', NULL, '33586032622', NULL, NULL, NULL, NULL, NULL, NULL, NULL, '23528893273', '13529533179', '27402011678', '-13872478499', NULL, NULL, NULL, NULL, NULL, NULL, '46485639757', NULL, '46485639757', '53009897827', NULL, '9941537427', NULL, '-12742908600', NULL, '1591047714', '1255812581', '335235133', NULL, '15100753500', '495337703348', '474532040686', '49886928006', NULL, '303818523856', '14322192861', '9995534550', '8465976727', '200019729', NULL, NULL, NULL, '78976384688', '8721355462', '145124807', NULL, NULL, '20805662662', NULL, NULL, NULL, NULL, '473422306', '4616387000', NULL, NULL, '355900143', '15359953213', NULL, NULL, '193962325313', '193962325313', '122700000000', NULL, '10500000000', NULL, NULL, NULL, NULL, '-792970428', '2511450000', '351600000', NULL, '58665437278', NULL, '58665437278', NULL, NULL, '26808463', NULL, NULL, NULL, '9999360094', '10373892559', '-374532465', '55811269000', 0, '2017-04-04 07:15:51', '2017-04-04 07:15:51'),
(15, 6, 2010, '1149990963584', '1149990963584', '932812715179', '217178248405', '177530977614', '16314852743', '600974468179', '107189810334', '30802606309', '33091629222', '144439348392', '16314852743', NULL, NULL, '479823159510', '58524871528', NULL, NULL, NULL, '64691432587', '-2064995446', '107189810334', NULL, '531811227', '1515116289', NULL, NULL, '28755678793', NULL, NULL, NULL, NULL, NULL, NULL, NULL, '30092024598', '19328729808', '25882892262', '-6554162454', NULL, NULL, NULL, NULL, NULL, NULL, '63313648264', NULL, '63313648264', '102335507501', NULL, '7527360001', NULL, '-13283071500', NULL, '8493479542', '1851769752', '6641709790', NULL, '12943588500', '599109072506', '573595757160', '52507853400', '0', '443865723862', '24046736541', '22389638814', '8587680506', '785426277', NULL, NULL, NULL, '10983886650', '9998112404', '430698706', NULL, NULL, '25513315346', NULL, NULL, NULL, NULL, '915816306', '2988400000', NULL, NULL, '646347985', '12688688603', '74062452', '8200000000', '550881891078', '550881891078', '293000000000', NULL, '117856900000', NULL, '1000000000', NULL, NULL, '780548600', '7011450000', '1751600000', NULL, '129400413916', NULL, '129400413916', NULL, NULL, '80978562', NULL, NULL, NULL, '10763294790', '11735377406', '-972082616', '108091219000', 0, '2017-04-04 07:42:27', '2017-04-04 07:42:27'),
(16, 6, 2011, '1140594273908', '1140594273908', '898771638376', '241822635532', '418681115349', '22778638845', '350930142141', '63547922967', '42833819074', '19831115349', '398850000000', '22778638845', NULL, NULL, '200891829041', '62812939835', NULL, NULL, NULL, '90354475839', '-3129102574', '63547922967', NULL, '444072217', '4989732995', '25880646', NULL, '37374133216', NULL, NULL, NULL, NULL, NULL, NULL, NULL, '43681872514', '33595080512', '47931579873', '-14336499361', NULL, NULL, NULL, NULL, NULL, NULL, '70641202349', NULL, '70641202349', '110365661726', NULL, '40162804526', NULL, '-11128650887', NULL, '6347570443', '4835230341', '1512340102', NULL, '10786328500', '548899082927', '527044302515', '54577296818', NULL, '395896287527', '6666987787', '21799742739', '9400338004', '604568140', '0', NULL, NULL, '23450380076', '12789334874', '1859366550', NULL, NULL, '21854780412', NULL, NULL, NULL, NULL, NULL, NULL, NULL, NULL, '985031631', '11816366586', '853382195', '8200000000', '591695190981', '591695190981', '293000000000', NULL, '117832900000', NULL, NULL, NULL, NULL, '692781963', '14384145194', '7017195346', '1000000000', '157697900088', NULL, '157697900088', NULL, NULL, '70268390', NULL, NULL, NULL, '10086792002', '11735377406', '-1648585404', '81331508087', 0, '2017-04-04 08:03:23', '2017-04-04 08:06:48'),
(17, 6, 2016, '1160470410896', '1160470410896', '837739419817', '322730991079', '102917130476', '4751543907', '607098095849', '119697125564', '3275524021', '51964130476', '50953000000', '4414215740', '-2962671833', '3300000000', '528648616598', '33515767145', NULL, NULL, '29875000000', '40737277003', '-25678564897', '119943012890', '-245887326', '574208876', '2701315145', NULL, NULL, NULL, '57734973962', '57632688962', NULL, NULL, NULL, '102285000', NULL, '127727451253', '123528970915', '216691978550', '-93163007635', NULL, NULL, NULL, NULL, NULL, NULL, '6204557842', NULL, '6204557842', '128045550748', NULL, '6260740000', '125691049500', '-3906238752', NULL, '3018457274', '1383893584', '1634563690', NULL, NULL, '374383071286', '282569175776', '76748388917', NULL, '133171828774', '19807398197', '13286570146', '19694335534', '6169536781', NULL, NULL, '289408000', '3403332921', '2982328639', '7016047867', NULL, NULL, '91813895510', NULL, NULL, NULL, NULL, NULL, '65049335834', NULL, NULL, NULL, '26764559676', NULL, NULL, '786087339610', '786087339610', '465973750000', NULL, '88697010000', NULL, NULL, '-1353000000', NULL, NULL, '35775255576', NULL, '5200000000', '180012576856', '85273429875', '94739146981', NULL, NULL, '11781747178', NULL, NULL, NULL, '4198480338', '13448574227', '-9250093889', NULL, 0, '2017-04-05 02:50:15', '2017-04-05 06:26:18'),
(18, 6, 2012, '940090107629', '940090107629', '629361325212', '310728782417', '190601931601', '8420000000', '327327630896', '78869367707', '24142395008', '41706376601', '148895555000', '8420000000', NULL, NULL, '251825184344', '37636241710', NULL, NULL, NULL, '60998931204', '-23132726362', '78869367707', NULL, '341492527', '3546002670', NULL, NULL, '20254899811', NULL, NULL, NULL, NULL, NULL, NULL, NULL, '111647042494', '100489529714', '124105013619', '-23615483905', NULL, NULL, NULL, NULL, NULL, NULL, '32905803497', NULL, '32905803497', '149193397613', NULL, '39872083616', NULL, '-10915701243', NULL, '8353470313', '6987922554', '1365547759', NULL, '8629068500', '265389490062', '251034927980', '1682745000', NULL, '193840222356', '4886537325', '6068248199', '7062846574', '1582310667', NULL, NULL, NULL, '17727978201', '14463718484', '3720321174', NULL, NULL, '14354562082', NULL, NULL, NULL, NULL, NULL, NULL, NULL, NULL, NULL, '6008238973', '705079074', '7641244035', '674700617567', '674700617567', '366249090000', NULL, '117832900000', NULL, NULL, NULL, NULL, NULL, '16784145194', '10517195346', '3000000000', '160258790699', NULL, '160258790699', NULL, NULL, '58496328', NULL, NULL, NULL, '11157512780', '13515555064', '-2358042284', '120237015240', 0, '2017-04-05 03:10:16', '2017-04-05 03:14:57'),
(19, 6, 2013, '964684541717', '964684541717', '621323992415', '343360549302', '102113629277', '5339996983', '406998395008', '80573365759', '26298605388', '17113629277', '85000000000', '8302715740', '-2962718757', NULL, '343909784079', '28642279423', NULL, NULL, NULL, '59698996664', '-25252665158', '80573365759', NULL, '442445478', '5363828017', NULL, NULL, '20492331893', '94860000', NULL, NULL, NULL, NULL, '94860000', NULL, '134066892957', '123906083353', '160678682723', '-36772599370', NULL, NULL, NULL, NULL, NULL, NULL, '34930541368', NULL, '34930541368', '150061250359', NULL, '20981626801', NULL, '-11063162579', NULL, '17735196118', '15898423070', '1836773048', NULL, '6471808500', '317217809660', '307291270921', '81591738221', NULL, '179353594169', '5473419596', '8156787884', '937961366', '1823038890', NULL, NULL, NULL, '17661561164', '8338331154', '3954838477', NULL, NULL, '9926538739', NULL, NULL, NULL, NULL, NULL, NULL, NULL, NULL, NULL, '4522565776', '2809823993', '2594148970', '647466732057', '647466732057', '373399090000', NULL, '117832900000', NULL, NULL, NULL, NULL, NULL, '19084145194', '14017195346', '5200000000', '117883619225', NULL, '117883619225', NULL, NULL, '49782292', NULL, NULL, NULL, '10160809604', '13392380384', '-3231570780', '140142786137', 0, '2017-04-05 03:26:21', '2017-04-05 03:27:57'),
(20, 6, 2014, '1088202747788', '1088202747788', '700222849925', '387979897863', '54385152551', '8271543907', '513415625662', '113006519776', '11144008029', '43232892565', '11152259986', '4414215740', '-2962671833', '6820000000', '397427735291', '47372446601', NULL, NULL, '11000000000', '60662829310', '-3047385540', '113006519776', NULL, '666394101', '10477613928', NULL, NULL, '0', '936210000', NULL, NULL, NULL, NULL, '936210000', NULL, '174150070221', '163124460128', '206068607800', '-42944147672', NULL, NULL, NULL, NULL, NULL, NULL, '47220055917', NULL, '47220055917', '138574259059', NULL, '13249150784', NULL, '-19078873726', NULL, '20627522666', '18400692016', '2226830650', '0', '6471780000', '388713047048', '350778115840', '74094827699', '0', '181699236511', '31025834445', '12434591049', '9541979248', '2543855785', NULL, NULL, '5002024920', '28899742028', '2830487978', '2705536177', NULL, NULL, '37934931208', NULL, NULL, NULL, NULL, NULL, '33290524217', NULL, NULL, NULL, '4644406991', '0', NULL, '699489700740', '699489700740', '379399090000', NULL, '118432900000', NULL, '0', '-71500000', NULL, NULL, '36101340540', NULL, '5200000000', '142832618776', '78733308823', '64099309953', NULL, NULL, '17595251424', NULL, NULL, NULL, '11025610093', '21937393457', '-10911783364', '144403982001', 0, '2017-04-05 03:34:23', '2017-04-17 07:05:19'),
(21, 6, 2015, '1140555336303', '1140555338303', '723760536538', '416794799765', '70756440806', '7201543907', '476735061218', '165495812019', '3571678588', '26981440806', '43775000000', '4414215740', '-2962671833', '5750000000', '404907020042', '35727380860', NULL, NULL, '6000000000', '33957192647', '-3856532331', '167235568126', '-1739756107', '630769939', '2940908649', NULL, NULL, '0', '95182713962', '94241688962', NULL, NULL, NULL, '941025000', NULL, '156318883644', '150750333490', '218738562166', '-67988228676', NULL, NULL, NULL, NULL, NULL, NULL, '19098886815', NULL, '19098886815', '127325206977', NULL, NULL, '130687547379', '-3362340402', NULL, '14554588367', '13017776324', '1536812043', NULL, '4314520000', '417683166475', '295331195859', '86801726421', NULL, '141070622856', '7415154086', '16151121272', '17271074364', '1421608611', NULL, NULL, '284419200', '19188213379', '2906473766', '2820781904', NULL, NULL, '122351970616', NULL, NULL, NULL, NULL, NULL, '114012260006', NULL, NULL, NULL, '8339710610', NULL, NULL, '722872171828', '722872171828', '415719980000', NULL, '88712010000', NULL, NULL, '-1281500000', NULL, NULL, '33775255576', '0', '5200000000', '161900498675', '88712527976', '73187970699', NULL, NULL, '18845927577', NULL, NULL, NULL, '5568550154', '22623770879', '-17055220725', '0', 0, '2017-04-05 03:41:46', '2017-04-17 05:54:16');

-- --------------------------------------------------------

--
-- Table structure for table `capital`
--

DROP TABLE IF EXISTS `capital`;
CREATE TABLE `capital` (
  `id` int(11) NOT NULL,
  `company_id` int(11) NOT NULL,
  `type` tinyint(4) DEFAULT '0',
  `reason` varchar(285) CHARACTER SET utf8 DEFAULT NULL,
  `quantity` int(11) NOT NULL,
  `price` int(11) DEFAULT NULL,
  `share_outstanding` int(11) NOT NULL,
  `other_share` int(11) NOT NULL,
  `list_date` datetime NOT NULL,
  `updated_date` datetime NOT NULL,
  `del` tinyint(4) NOT NULL DEFAULT '0'
) ENGINE=MyISAM DEFAULT CHARSET=latin1;

--
-- Dumping data for table `capital`
--

INSERT INTO `capital` (`id`, `company_id`, `type`, `reason`, `quantity`, `price`, `share_outstanding`, `other_share`, `list_date`, `updated_date`, `del`) VALUES
(1, 1, 0, 'Niêm yết cổ phiếu', 1800000, 10000, 1800000, 0, '2009-12-09 00:00:00', '2016-11-23 02:21:48', 0),
(2, 1, 0, 'Phát hành cổ phiểu riêng lẻ', 700000, 10000, 2500000, 0, '2010-01-14 00:00:00', '2016-11-22 08:11:40', 0),
(3, 1, 0, 'Phát hành cổ phiếu riêng lẻ và phát hành cho cổ đông hiện hữu', 7500000, 10000, 10000000, 0, '2010-02-08 00:00:00', '2016-11-22 08:11:33', 0),
(4, 1, 0, 'Phát hành cổ phiếu riêng lẻ và phát hành cho cổ đông hiện hữu', 7000000, 10000, 17000000, 0, '2011-10-05 00:00:00', '2016-11-22 07:43:31', 0),
(5, 1, 0, 'Phát hành riêng lẻ', 60180000, 10000, 77180000, 0, '2012-06-15 00:00:00', '2016-11-22 07:43:09', 0),
(6, 1, 0, 'Phát hành cho cổ đông hiện hữu tỷ lệ 1:1', 77180000, 10000, 154360000, 0, '2014-04-29 00:00:00', '2016-11-22 07:52:11', 0),
(7, 1, 0, 'Phát hành cổ phiếu trả cổ tức tỷ lệ 4%', 6173882, 0, 160533882, 0, '2014-09-03 00:00:00', '2016-11-22 08:13:20', 0),
(8, 1, 0, 'Phát hành cổ phiếu cho cổ đông hiện hữu', 154360000, 10000, 314893882, 0, '2014-09-09 00:00:00', '2016-11-22 08:09:25', 0),
(9, 1, 0, 'Phát hành cổ phiếu riêng lẻ cho các nhà đầu tư', 60000000, 10200, 374893882, 0, '2015-01-13 00:00:00', '2016-12-12 09:13:46', 0),
(10, 1, 0, 'Chuyển đổi trái phiếu chuyển đổi thành cổ phiếu', 80000000, 0, 454893882, 0, '2015-05-27 00:00:00', '2016-11-22 08:23:42', 0),
(11, 1, 0, 'Phát hành cổ phiếu để tăng vốn cổ phần từ nguồn vốn chủ sỡ hữu', 74977651, 10000, 529871533, 0, '2015-06-14 00:00:00', '2016-11-22 08:29:09', 0),
(12, 1, 0, 'Phát hành cổ phiếu cho cổ đông hiện hữu tỷ lệ 59:20', 108167204, 10000, 638038737, 0, '2016-09-08 00:00:00', '2016-11-22 08:32:46', 0),
(85, 2, 1, 'Mua cổ phiếu quỹ', 1186530, 10000, 64811543, 1186530, '2010-10-14 00:00:00', '2017-02-20 08:59:37', 0),
(14, 5, 0, 'Phát hành cổ phiếu ra công chúng', 5472920, 100000, 5472920, 0, '2005-12-01 00:00:00', '2016-12-15 05:57:43', 0),
(15, 5, 0, 'Phát hành cổ phiếu ra công chúng', 55337310, 10000, 60810230, 0, '2006-12-01 00:00:00', '2016-12-15 05:59:18', 0),
(16, 5, 0, 'Phát hành cổ phiếu cho công chúng', 30405114, 10000, 91215344, 0, '2007-06-12 00:00:00', '2016-12-15 06:37:54', 0),
(17, 5, 0, 'Niêm yết bổ sung', 684115, 10000, 91899459, 0, '2007-08-12 00:00:00', '2016-12-15 06:56:31', 0),
(18, 5, 0, 'Phát hành cổ phiếu cho ngươi lao động có thành tích đóng góp năm 2007', 1292887, 10000, 93627866, 17600, '2008-06-11 00:00:00', '2016-12-20 03:57:31', 0),
(19, 5, 0, 'Phát hành cổ phiếu thưởng cho cổ đông hiện hữu tỷ lệ 2:1', 47001458, 10000, 140978924, 183150, '2008-12-22 00:00:00', '2016-12-20 04:24:07', 0),
(20, 5, 0, 'Phát hành cổ phiếu cho CBNV', 220125, 10000, 140443464, 17600, '2009-06-25 00:00:00', '2016-12-20 03:57:38', 0),
(21, 5, 0, 'Phát hành cho CBNV có thành tích đóng góp 2008', 2641253, 10000, 143648817, 183150, '2009-08-12 00:00:00', '2016-12-20 06:32:00', 0),
(22, 5, 0, 'Trả cổ tức năm 2009', 47547223, 10000, 191098635, 280555, '2010-07-01 00:00:00', '2016-12-20 06:58:03', 0),
(23, 5, 1, 'Mua lại CPQ', 320, 10000, 193379837, 100680, '2011-05-16 00:00:00', '2016-12-20 07:35:08', 0),
(24, 5, 1, 'Mua lại CPQ', 20539, 10000, 193380157, 100360, '2011-05-01 00:00:00', '2016-12-20 07:34:46', 0),
(25, 5, 1, 'Cổ phiếu quỹ', 17600, 10000, 91881859, 17600, '2007-11-30 00:00:00', '2016-12-20 03:54:33', 0),
(26, 5, 0, 'Cổ phiếu hạn chế chuyển nhượng', 453120, 10000, 92334979, 17600, '2007-12-03 00:00:00', '2016-12-20 03:54:38', 0),
(27, 5, 0, 'Cổ phiếu ưu đãi cho nhân viên', 515150, 10000, 94143016, 17600, '2008-06-12 00:00:00', '2016-12-20 04:20:05', 0),
(28, 5, 1, 'Cổ phiếu quỹ', 165550, 10000, 93977466, 183150, '2008-07-12 00:00:00', '2016-12-20 04:23:41', 0),
(29, 5, 1, 'Cổ phiếu quỹ', 97405, 10000, 143551412, 280555, '2009-08-13 00:00:00', '2016-12-20 06:32:03', 0),
(30, 5, 0, 'Cổ phiếu ưu đãi cho nhân viên', 564100, 10000, 141007564, 183150, '2009-06-26 00:00:00', '2016-12-20 06:31:55', 0),
(31, 5, 0, 'Phát hành cho CBCNV có thành tích 2009', 1037832, 10000, 192136467, 280555, '2010-08-05 00:00:00', '2016-12-20 07:24:56', 0),
(32, 5, 0, 'Phát hành ưu đãi cho nhân viên loại 2 năm 2008', 291435, 10000, 192427902, 280555, '2010-08-11 00:00:00', '2016-12-20 07:25:02', 0),
(33, 5, 0, 'Cổ phần ưu đãi nhân viên năm 2007, cổ phần phát sinh từ cổ phần ưu đãi NV loại 2 năm 2008', 772060, 10000, 193199962, 280555, '2010-09-08 00:00:00', '2016-12-20 07:25:05', 0),
(34, 5, 1, 'Bán cổ phiếu quỹ', -211340, 10000, 193411302, 69215, '2010-09-09 00:00:00', '2016-12-20 07:25:19', 0),
(35, 5, 1, 'Mua lại CPUDNV khi CBNV nghỉ việc', 780, 10000, 193410522, 69995, '2011-01-16 00:00:00', '2016-12-20 07:28:54', 0),
(36, 5, 1, 'Công ty mua lại CPUĐNV khi CBNV nghỉ việc', 3020, 10000, 193407502, 73015, '2011-02-16 00:00:00', '2016-12-20 07:28:45', 0),
(37, 5, 1, 'Công ty mua lại CPUĐNV khi CBNV nghỉ việc', 560, 10000, 193406942, 73575, '2011-03-01 00:00:00', '2016-12-20 07:29:30', 0),
(38, 5, 1, 'Công ty mua lại CPUĐNV khi CBNV nghỉ việc', 5073, 10000, 193401869, 78648, '2011-03-16 00:00:00', '2016-12-20 07:30:02', 0),
(39, 5, 1, 'Mua lại do CBNV nghỉ việc', 1173, 10000, 193400696, 79821, '2011-04-16 00:00:00', '2016-12-20 07:34:16', 0),
(40, 5, 1, 'Mua lại CPQ', 1840, 10000, 193377997, 102520, '2011-06-01 00:00:00', '2016-12-20 07:35:30', 0),
(41, 5, 1, 'Phân bổ CPQ', -100000, 10000, 193477997, 2520, '2011-06-03 00:00:00', '2016-12-20 07:36:04', 0),
(42, 5, 0, 'Cổ phiếu ưu đãi cho Nhân viên', 397950, 10000, 216057421, 25255, '2011-11-08 00:00:00', '2016-12-20 07:49:41', 0),
(43, 5, 0, 'Phát hành cổ phiếu cho các cổ đông CTCP Hệ thống thông tin FPR, CTCP phần mềm FPT, CTCP thương mại FPT', 19830549, 10000, 213300334, 10732, '2011-09-29 00:00:00', '2016-12-20 07:42:30', 0),
(44, 5, 1, 'Mua lại CPQ', 370, 10000, 193477627, 2890, '2011-07-16 00:00:00', '2016-12-20 07:41:57', 0),
(45, 5, 1, 'Mua lại CPQ', 4757, 10000, 193472870, 7647, '2011-08-16 00:00:00', '2016-12-20 07:42:00', 0),
(46, 5, 1, 'Mua lại CPQ', 3085, 10000, 193469785, 10732, '2011-09-16 00:00:00', '2016-12-20 07:42:25', 0),
(47, 5, 0, 'Phát hành cổ phiếu cho CBNV', 2373660, 10000, 215673994, 10732, '2011-10-10 00:00:00', '2016-12-20 07:49:28', 0),
(48, 5, 1, 'Mua lại CPQ', 14523, 10000, 215659471, 25255, '2011-10-16 00:00:00', '2016-12-20 07:49:39', 0),
(49, 5, 1, 'Mua lại CPQ', 7404, 10000, 216050017, 32659, '2011-11-16 00:00:00', '2016-12-20 07:49:43', 0),
(50, 5, 1, 'Mua lại CPQ', 18685, 10000, 216031332, 51344, '2011-12-16 00:00:00', '2016-12-20 07:49:45', 0),
(51, 5, 1, 'Mua lại CPQ', 476, 10000, 216030856, 51820, '2012-03-01 00:00:00', '2016-12-20 08:03:03', 0),
(52, 5, 1, 'Mua lại CPQ', 3979, 10000, 216026877, 55799, '2012-03-16 00:00:00', '2016-12-20 08:03:31', 0),
(53, 5, 1, 'Mua lại CPQ', 1234, 10000, 216025643, 57033, '2012-04-16 00:00:00', '2016-12-20 08:04:21', 0),
(54, 5, 0, 'Trả cổ tức 2011', 53981160, 10000, 269999214, 64622, '2012-07-11 00:00:00', '2016-12-20 08:09:29', 0),
(55, 5, 1, 'Phân bổ CPQ', -240, 10000, 216025883, 56793, '2012-06-07 00:00:00', '2016-12-20 08:09:00', 0),
(56, 5, 1, 'Mua lại CBNV', 7829, 10000, 216018054, 64622, '2012-06-16 00:00:00', '2016-12-20 08:15:33', 0),
(57, 5, 0, 'Phát hành cổ phiếu theo chương trình lựa chọn cho CBNV có thành tích 2011', 3762899, 10000, 273758865, 67870, '2012-07-26 00:00:00', '2016-12-20 08:11:43', 0),
(58, 5, 1, 'Mua lại CBNV', 3248, 10000, 269995966, 67870, '2012-07-16 00:00:00', '2016-12-20 08:15:29', 0),
(59, 5, 1, 'Mua lại CBNV', 4715, 10000, 273754150, 72585, '2012-08-16 00:00:00', '2016-12-20 08:15:25', 0),
(60, 5, 0, 'Niêm yết cổ phiếu phát hành cho CBNV bị hạn chế chuyển nhượng', 22098, 10000, 273774198, 74635, '2012-10-03 00:00:00', '2016-12-20 08:21:13', 0),
(61, 5, 1, 'Mua lại CBNV', 2050, 10000, 273752100, 74635, '2012-09-16 00:00:00', '2016-12-20 08:15:52', 0),
(62, 5, 1, 'Mua lại CBNV', 1391, 10000, 273772807, 76026, '2012-10-16 00:00:00', '2016-12-20 08:21:15', 0),
(63, 5, 1, 'mua lại CBNV', 2968, 10000, 273769839, 78994, '2012-11-16 00:00:00', '2016-12-20 08:21:17', 0),
(64, 5, 1, 'Mua lại CBNV', 440, 10000, 273769399, 79434, '2012-12-16 00:00:00', '2016-12-20 08:21:18', 0),
(65, 5, 1, 'Mua lại CBNV', 772, 10000, 273768627, 80206, '2013-01-16 00:00:00', '2016-12-21 06:16:15', 0),
(66, 5, 1, 'Mua lại CBNV', 517, 10000, 273768110, 80723, '2013-02-16 00:00:00', '2016-12-21 06:16:48', 0),
(67, 5, 1, 'Mua lại CBNV', 136, 10000, 273767507, 81326, '2013-04-16 00:00:00', '2016-12-21 06:19:17', 0),
(68, 5, 1, 'Mua lại CBNV', 467, 10000, 273767643, 81190, '2013-03-01 00:00:00', '2016-12-21 06:19:13', 0),
(69, 5, 1, 'Mua lại CBNV', 350, 10000, 273767157, 81676, '2013-05-31 00:00:00', '2016-12-21 06:26:34', 0),
(70, 5, 1, 'Mua lại CBNV', 700, 10000, 275119379, 82376, '2013-06-16 00:00:00', '2016-12-21 06:33:28', 0),
(71, 5, 0, 'Phát hành cổ phiếu ESOP', 1352922, 10000, 275120079, 81676, '2013-06-06 00:00:00', '2016-12-21 06:33:25', 0),
(72, 5, 0, 'Trả cổ tức cho cổ đông hiện hữu năm 2013', 68774845, 10000, 343894224, 82376, '2014-06-27 00:00:00', '2016-12-21 06:36:05', 0),
(73, 5, 0, 'Phát hành cổ phiếu ESOP ngày giao dich 23-04-2018', 1719317, 10000, 345613541, 82376, '2015-04-20 00:00:00', '2016-12-21 06:38:15', 0),
(74, 5, 0, 'Trả cổ tức 2015 tỷ lệ 15%', 51835723, 10000, 397449264, 82376, '2015-07-13 00:00:00', '2016-12-21 06:54:12', 0),
(75, 5, 0, 'Phát hành ESOP', 1986829, 10000, 399436093, 82376, '2016-04-29 00:00:00', '2016-12-21 06:56:56', 0),
(76, 5, 0, 'Trả cổ tức 2015 tỷ lệ 15%', 59908215, 10000, 459344308, 82376, '2016-07-07 00:00:00', '2016-12-21 06:57:50', 0),
(81, 2, 0, 'Cổ phiếu hiện hành', 59385600, 10000, 59385600, 0, '2008-12-31 00:00:00', '2017-02-20 08:45:26', 0),
(82, 2, 0, 'Niêm yết', 614393, 10000, 59999993, 0, '2009-09-15 00:00:00', '2017-02-20 08:45:50', 0),
(83, 2, 0, 'Trả cổ tức tỷ lệ 10:1', 5998080, 10000, 65998073, 0, '2010-08-25 00:00:00', '2017-02-20 08:46:21', 0),
(86, 2, 1, 'Mua cổ phiếu quỹ', 73790, 10000, 64737753, 1260320, '2011-11-01 00:00:00', '2017-02-20 08:59:39', 0),
(87, 6, 0, 'Phát hành cổ phiếu', 5160938, 10000, 5160938, 0, '2007-01-01 00:00:00', '2017-04-04 06:08:11', 0),
(88, 6, 0, 'Phát hành cổ phiếu', 3871542, 10000, 9032480, 0, '2008-12-01 00:00:00', '2017-04-04 06:09:18', 0),
(89, 6, 0, 'Phát hành cổ phiếu', 3237520, 10000, 12270000, 0, '2009-09-01 00:00:00', '2017-04-04 07:11:38', 0),
(90, 6, 0, 'Phát hành cổ phiếu', 9855000, 10000, 22125000, 0, '2010-10-05 00:00:00', '2017-04-04 07:37:22', 0),
(91, 6, 0, 'Phát hành cổ phiếu', 7175000, 10000, 29300000, 0, '2010-12-31 00:00:00', '2017-04-04 07:38:23', 0),
(92, 6, 0, 'Trả cổ tức', 7324909, 10000, 36624909, 0, '2012-05-28 00:00:00', '2017-04-05 04:20:05', 0),
(93, 6, 0, 'Phát hành ESOP bị hạn chế chuyển nhượng 2 năm', 715000, 10000, 37339909, 0, '2013-11-16 00:00:00', '2017-04-05 04:23:24', 0),
(94, 6, 0, 'Phát hảnh ESOP hạn chế chuyển nhượng 2 năm', 600000, 10000, 37939909, 0, '2014-02-13 00:00:00', '2017-04-05 04:27:54', 0),
(95, 6, 1, 'Thu hồi ESOP của người thôi việc làm cổ phiếu quỹ', 6500, 10000, 37933409, 6500, '2014-03-21 00:00:00', '2017-04-05 04:28:54', 0),
(96, 6, 1, 'Thu hổi cổ phiếu ESOP do thôi việc làm quỹ', 30000, 10000, 37903409, 36500, '2015-05-21 00:00:00', '2017-04-05 05:45:37', 0),
(97, 6, 1, 'Thu hồi cổ phiếu ESCOP thôi việc làm cổ phiếu quỹ', 80000, 10000, 37823409, 116500, '2015-07-01 00:00:00', '2017-04-05 05:50:06', 0),
(98, 6, 0, 'Huy động vốn tỷ lệ 100:8', 3032089, 10000, 40855498, 116500, '2015-08-04 00:00:00', '2017-04-05 05:51:39', 0),
(99, 6, 0, 'Phát hành ESOP', 600000, 10000, 41455498, 116500, '2015-12-30 00:00:00', '2017-04-05 05:58:42', 0),
(100, 6, 0, 'Phát hành ESOP', 800000, 10000, 42255498, 116500, '2016-04-12 00:00:00', '2017-04-05 06:05:14', 0),
(101, 6, 0, 'Trả cổ tức 10:1', 4225377, 10000, 46480875, 116500, '2016-08-12 00:00:00', '2017-04-05 06:05:18', 0),
(102, 6, 1, 'Thu hồi ESOP của người nghỉ việc làm cổ phiếu quỹ', 6500, 10000, 46474375, 123000, '2017-01-25 00:00:00', '2017-04-05 06:07:19', 0),
(103, 6, 0, 'Phát hành ESOP', 1000000, 10000, 47474375, 123000, '2017-03-22 00:00:00', '2017-04-05 06:08:46', 0);

-- --------------------------------------------------------

--
-- Table structure for table `cashflow`
--

DROP TABLE IF EXISTS `cashflow`;
CREATE TABLE `cashflow` (
  `id` int(11) NOT NULL,
  `company_id` int(11) NOT NULL,
  `year` smallint(6) NOT NULL,
  `col_id1` varchar(255) DEFAULT NULL,
  `col_id2` varchar(255) DEFAULT NULL,
  `col_id3` varchar(255) DEFAULT NULL,
  `col_id4` varchar(255) DEFAULT NULL,
  `col_id5` varchar(255) DEFAULT NULL,
  `col_id6` varchar(255) DEFAULT NULL,
  `col_id7` varchar(255) DEFAULT NULL,
  `col_id8` varchar(255) DEFAULT NULL,
  `col_id9` varchar(255) DEFAULT NULL,
  `col_id10` varchar(255) DEFAULT NULL,
  `col_id11` varchar(255) DEFAULT NULL,
  `col_id12` varchar(255) DEFAULT NULL,
  `col_id13` varchar(255) DEFAULT NULL,
  `col_id14` varchar(255) DEFAULT NULL,
  `col_id15` varchar(255) DEFAULT NULL,
  `col_id16` varchar(255) DEFAULT NULL,
  `col_id17` varchar(255) DEFAULT NULL,
  `col_id18` varchar(255) DEFAULT NULL,
  `col_id19` varchar(255) DEFAULT NULL,
  `col_id20` varchar(255) DEFAULT NULL,
  `col_id21` varchar(255) DEFAULT NULL,
  `col_id22` varchar(255) DEFAULT NULL,
  `col_id23` varchar(255) DEFAULT NULL,
  `col_id24` varchar(255) DEFAULT NULL,
  `col_id25` varchar(255) DEFAULT NULL,
  `col_id26` varchar(255) DEFAULT NULL,
  `col_id27` varchar(255) DEFAULT NULL,
  `col_id28` varchar(255) DEFAULT NULL,
  `col_id29` varchar(255) DEFAULT NULL,
  `col_id30` varchar(255) DEFAULT NULL,
  `col_id31` varchar(255) DEFAULT NULL,
  `col_id32` varchar(255) DEFAULT NULL,
  `col_id33` varchar(255) DEFAULT NULL,
  `col_id34` varchar(255) DEFAULT NULL,
  `col_id35` varchar(255) DEFAULT NULL,
  `col_id36` varchar(255) DEFAULT NULL,
  `col_id37` varchar(255) DEFAULT NULL,
  `col_id38` varchar(255) DEFAULT NULL,
  `col_id39` varchar(255) DEFAULT NULL,
  `col_id40` varchar(255) DEFAULT NULL,
  `col_id41` varchar(255) DEFAULT NULL,
  `col_id42` varchar(255) DEFAULT NULL,
  `col_id43` varchar(255) DEFAULT NULL,
  `col_id44` varchar(255) DEFAULT NULL,
  `col_id45` varchar(255) DEFAULT NULL,
  `col_id46` varchar(255) DEFAULT NULL,
  `col_id47` varchar(255) DEFAULT NULL,
  `col_id48` varchar(255) DEFAULT NULL,
  `col_id49` varchar(255) DEFAULT NULL,
  `col_id50` varchar(255) DEFAULT NULL,
  `col_id51` varchar(255) DEFAULT NULL,
  `del` tinyint(4) NOT NULL DEFAULT '0',
  `created_date` datetime NOT NULL,
  `updated_date` datetime NOT NULL
) ENGINE=MyISAM DEFAULT CHARSET=latin1;

--
-- Dumping data for table `cashflow`
--

INSERT INTO `cashflow` (`id`, `company_id`, `year`, `col_id1`, `col_id2`, `col_id3`, `col_id4`, `col_id5`, `col_id6`, `col_id7`, `col_id8`, `col_id9`, `col_id10`, `col_id11`, `col_id12`, `col_id13`, `col_id14`, `col_id15`, `col_id16`, `col_id17`, `col_id18`, `col_id19`, `col_id20`, `col_id21`, `col_id22`, `col_id23`, `col_id24`, `col_id25`, `col_id26`, `col_id27`, `col_id28`, `col_id29`, `col_id30`, `col_id31`, `col_id32`, `col_id33`, `col_id34`, `col_id35`, `col_id36`, `col_id37`, `col_id38`, `col_id39`, `col_id40`, `col_id41`, `col_id42`, `col_id43`, `col_id44`, `col_id45`, `col_id46`, `col_id47`, `col_id48`, `col_id49`, `col_id50`, `col_id51`, `del`, `created_date`, `updated_date`) VALUES
(1, 2, 2009, '-401923669423', '334743738035', '19294091176', '46971403702', '-250592667227', NULL, NULL, NULL, '146944435866', NULL, NULL, NULL, '75970918835', NULL, '354037829211', '-540114428816', '-220792083722', '137116207269', '-17854217113', NULL, '-79309471760', '-2050464746', '5558490840', '-38515530586', '-140505181202', '-191845505311', '166000000', NULL, NULL, NULL, NULL, '-60073190000', '107205237324', NULL, '4042276785', NULL, '570957892063', '6144000000', NULL, '5083755326641', '-4403901050982', NULL, NULL, NULL, '-115040383596', NULL, NULL, '28529041438', '79989441966', '-1575082420', '106943400984', 0, '2017-02-22 03:18:59', '2017-02-22 03:23:43'),
(2, 2, 2010, '335841267629', '277000249970', '147441351934', '99571303475', '33948615351', NULL, NULL, '-34624186838', '-145050543560', NULL, NULL, NULL, '193596163506', NULL, '424441601904', '146080947590', '-334170670410', '334617513552', '8745555714', NULL, '-193545794197', '-25567649199', NULL, '-24760237325', '-329428397620', '-205748136288', '889113636', NULL, NULL, NULL, NULL, '-178150132502', '20400000000', NULL, '33180757534', NULL, '95209575216', '20935160000', '-30612881485', '6456372357806', '-6281022505273', NULL, NULL, NULL, '-70462555832', NULL, NULL, '101622445225', '106943400915', '-1635171402', '206930674738', 0, '2017-02-22 07:47:06', '2017-02-22 07:47:06'),
(3, 2, 2011, '94216931447', '508186890694', '375267425410', '103730196835', '115090404649', NULL, NULL, '-19786864615', '-90650707573', NULL, NULL, NULL, '266884396114', NULL, '883454316104', '-656592266017', '-250384133903', '473031173498', '3961250870', NULL, '-264477387087', '-15388045142', '323395051396', '-402783028272', '39761530129', '-45433427812', '47795234436', NULL, '50530040000', NULL, NULL, '-34690400000', NULL, NULL, '21560083505', NULL, '-36926345081', NULL, '-1703170000', '7402383615328', '-7273183666479', NULL, NULL, NULL, '-164423123930', NULL, NULL, '97052116495', '206930674738', '-344804195', '303637987038', 0, '2017-02-22 07:54:10', '2017-02-22 07:54:10'),
(4, 1, 2009, '-18820128301', '942968697', '-935000000', NULL, NULL, NULL, NULL, NULL, '-935000000', NULL, NULL, NULL, NULL, NULL, '7968697', '-18650000000', NULL, '-92096119', '-86000879', NULL, NULL, NULL, NULL, NULL, '935000000', NULL, NULL, NULL, NULL, NULL, NULL, NULL, NULL, NULL, '935000000', NULL, '18000000000', '18000000000', NULL, NULL, NULL, NULL, NULL, NULL, NULL, NULL, NULL, '114871699', NULL, NULL, '114871699', 0, '2017-03-03 02:38:22', '2017-03-03 02:38:22'),
(5, 1, 2010, '15964825397', '9314321856', '-3916339881', '621012049', '2480000', NULL, NULL, '-4664074985', NULL, NULL, NULL, NULL, '124243055', NULL, '5397981975', '4630959296', '-33093427', '1922613584', '4172497084', NULL, '-124243055', '-246490060', '250000000', '-5400000', '-203541369110', '-9818606670', NULL, '-148020480000', NULL, NULL, NULL, '-46864674094', NULL, NULL, '1162391654', NULL, '191817586344', '194000000000', NULL, '908886510', '-3091300166', NULL, NULL, NULL, NULL, NULL, NULL, '4241042631', '114871699', NULL, '4355914330', 0, '2017-03-03 06:02:08', '2017-03-03 06:05:59'),
(6, 1, 2011, '24682569804', '17785364626', '2509672858', '2512152858', '-2480000', NULL, NULL, NULL, NULL, NULL, NULL, NULL, NULL, NULL, '20295037484', '-51684947814', '-1694648642', '69057928646', '-1912322910', NULL, '-1788000000', '-7882319999', '3638765738', '-3346922699', '-164145441138', '-15259088901', NULL, NULL, '8080478000', NULL, NULL, '-159253802685', NULL, NULL, '2286972448', NULL, '135741113490', NULL, NULL, '135741113490', NULL, NULL, NULL, NULL, NULL, NULL, NULL, '-3721757844', '4355914330', NULL, '634156486', 0, '2017-03-03 07:05:28', '2017-03-03 07:05:28'),
(7, 1, 2012, '207876019593', '38625625724', '-7959114823', '9608590770', '1100000000', NULL, NULL, NULL, NULL, '-30983386558', NULL, NULL, '12315680965', NULL, '30666510901', '-469695921024', '-163818910', '683683175181', '201664923', NULL, '-30250823485', '-6975695352', '410927359', NULL, '-404616289843', '-212883063932', '880000000', '-1033153617133', '788865000000', NULL, NULL, '-269606474360', '280360000000', NULL, '40921865582', NULL, '202697380102', '275700000000', NULL, '694934751423', '-756066211321', NULL, NULL, NULL, '-11871160000', NULL, NULL, '5957109852', '634156486', NULL, '6591266338', 0, '2017-03-03 07:07:36', '2017-03-03 07:07:36'),
(8, 1, 2013, '245838134944', '137049668372', '-23644880107', '9714983536', '-953796288', NULL, NULL, '95449147', NULL, '-51623526858', NULL, NULL, '19122010356', NULL, '113404788265', '294922455190', '-89872525554', '-29358502073', '-9404917438', NULL, '-21889550695', '-10672540512', '2562989199', '-3854061438', '-80900693138', '-50549518861', NULL, '-307504079687', '530612485020', NULL, NULL, '-297000000000', NULL, NULL, '43540420390', NULL, '-158586754498', '0', NULL, '219965266012', '-341762231760', NULL, NULL, NULL, '-36789788750', NULL, NULL, '6350687308', '6591266338', '126809', '12942080455', 0, '2017-03-03 07:09:52', '2017-03-03 07:09:52'),
(9, 1, 2014, '-464021744695', '454024204707', '-264924713997', '14891990185', '320693362', NULL, NULL, '-417255', NULL, '-326057573092', NULL, NULL, '45920592803', NULL, '189099490710', '-634858996081', '48797404285', '2571766361', '-2804981872', NULL, '-41609400074', '-20176907051', '5679241289', '-10719362262', '-1977919432009', '-441662704359', '120198578386', '-2197804320000', '912900000000', NULL, NULL, '-1097400000000', '706154065934', NULL, '19694948030', NULL, '2992857827193', '2315399340000', NULL, '942026340130', '-264567852937', NULL, NULL, NULL, NULL, NULL, NULL, '550916650489', '12942080455', '417255', '563859148199', 0, '2017-03-03 07:11:57', '2017-03-03 07:11:57'),
(10, 1, 2015, '253421093306', '1157708960821', '-610159506093', '27960503622', '102100000', NULL, NULL, '865799', NULL, '-680738877187', NULL, NULL, '42515901673', NULL, '547549454728', '-895786766462', '-576836689503', '1294178137374', '-45485980709', NULL, '-42515901673', '-23788618249', '14352000', '-3906894200', '-2614052553099', '-3557142737577', NULL, '-1931516631660', '2251669034032', NULL, NULL, '-278482604000', '270265934066', NULL, '631154452040', NULL, '1959991707598', '612000000000', NULL, '1369491232865', '-21499525267', NULL, NULL, NULL, NULL, NULL, NULL, '-400639752195', '563859148199', '-865799', '163218530205', 0, '2017-03-03 07:15:07', '2017-03-03 07:15:07'),
(11, 6, 2007, '-35935921130', '26596456391', '7234155405', '2110578778', '1502387999', NULL, NULL, '50320697', '14877501', NULL, NULL, NULL, '3555990430', NULL, '33830611796', '-106086049980', '-87444332410', '163092177818', '1075724221', '0', '-3555990430', '-583202254', '16171862634', '-52436722525', '-18506545465', '-5530018180', NULL, '-1055500000', NULL, '0', NULL, '-12205000000', NULL, NULL, '283972715', NULL, '56415726637', '6489130000', NULL, '124302788634', '-70251191697', NULL, NULL, NULL, '-4125000300', NULL, NULL, '1973260042', '1680270311', NULL, '3653530353', 0, '2017-04-04 03:42:03', '2017-04-04 03:42:03'),
(12, 6, 2008, '60445661870', '38723721622', '21529500803', '6825152838', '7979160555', NULL, NULL, '6807482691', '0', '-3063723840', NULL, NULL, '2981428559', NULL, '60253222425', '6852972827', '-54803196058', '67243809770', '1152896480', NULL, '-2981428559', '-3426234721', '688201777', '-14534582071', '-13708054407', '-7623770582', NULL, '-94800000000', '86000000000', NULL, NULL, '-607616980', '510000000', NULL, '2813333155', NULL, '-13503419870', '48705870000', NULL, '78672542283', '-108785557053', NULL, NULL, NULL, '-32096275100', NULL, NULL, '33234187593', '3653530353', '62791909', '36950509855', 0, '2017-04-04 07:06:20', '2017-04-04 07:06:20'),
(13, 6, 2009, '101948181839', '95113056481', '11552350488', '7632199934', '-7982410315', NULL, NULL, '12275047121', NULL, '-3991740590', NULL, NULL, '3619254338', NULL, '106665406969', '-288411931607', '121259126750', '171881278078', '-3473605150', NULL, '-3619254338', '-1845500324', '9650415027', '-10157753566', '-120837858823', '-29621399372', NULL, '-198841562585', '106567541355', NULL, NULL, '-8056977638', '6070000000', NULL, '3044539417', NULL, '19957398989', '32375200000', NULL, '124760892506', '-108178270417', NULL, NULL, NULL, '-29000423100', NULL, NULL, '1067722005', '36950509855', '-58168287', '37960063573', 0, '2017-04-04 07:20:55', '2017-04-04 07:21:38'),
(14, 6, 2010, '-31867028280', '184689030825', '16854391612', '4693378362', '-1099520790', NULL, NULL, '15390844752', NULL, '-7829301302', NULL, NULL, '5698990590', NULL, '201543422437', '-248004962305', '-25567589999', '86022434617', '2995438791', NULL, '-5651415027', '-7286346425', '181371507120', '-217289517489', '-26474438352', '-24168642082', '178353760', '-82061602743', '103012000000', NULL, NULL, '-52354950000', '75000000', NULL, '28845402713', NULL, '197723257699', '247871840000', NULL, '172398118714', '-171405180320', NULL, NULL, NULL, '-51141520695', NULL, NULL, '139381791067', '37960063573', '189122974', '177530977614', 0, '2017-04-04 07:47:48', '2017-04-04 07:47:48');

-- --------------------------------------------------------

--
-- Table structure for table `cashflow_direct`
--

DROP TABLE IF EXISTS `cashflow_direct`;
CREATE TABLE `cashflow_direct` (
  `id` int(11) NOT NULL,
  `company_id` int(11) NOT NULL,
  `year` smallint(6) NOT NULL,
  `col_id1` varchar(255) DEFAULT NULL,
  `col_id2` varchar(255) DEFAULT NULL,
  `col_id3` varchar(255) DEFAULT NULL,
  `col_id4` varchar(255) DEFAULT NULL,
  `col_id5` varchar(255) DEFAULT NULL,
  `col_id6` varchar(255) DEFAULT NULL,
  `col_id7` varchar(255) DEFAULT NULL,
  `col_id8` varchar(255) DEFAULT NULL,
  `col_id9` varchar(255) DEFAULT NULL,
  `col_id10` varchar(255) DEFAULT NULL,
  `col_id11` varchar(255) DEFAULT NULL,
  `col_id12` varchar(255) DEFAULT NULL,
  `col_id13` varchar(255) DEFAULT NULL,
  `col_id14` varchar(255) DEFAULT NULL,
  `col_id15` varchar(255) DEFAULT NULL,
  `col_id16` varchar(255) DEFAULT NULL,
  `col_id17` varchar(255) DEFAULT NULL,
  `col_id18` varchar(255) DEFAULT NULL,
  `col_id19` varchar(255) DEFAULT NULL,
  `col_id20` varchar(255) DEFAULT NULL,
  `col_id21` varchar(255) DEFAULT NULL,
  `col_id22` varchar(255) DEFAULT NULL,
  `col_id23` varchar(255) DEFAULT NULL,
  `col_id24` varchar(255) DEFAULT NULL,
  `col_id25` varchar(255) DEFAULT NULL,
  `col_id26` varchar(255) DEFAULT NULL,
  `col_id27` varchar(255) DEFAULT NULL,
  `col_id28` varchar(255) DEFAULT NULL,
  `col_id29` varchar(255) DEFAULT NULL,
  `col_id30` varchar(255) DEFAULT NULL,
  `col_id31` varchar(255) DEFAULT NULL,
  `col_id32` varchar(255) DEFAULT NULL,
  `col_id33` varchar(255) DEFAULT NULL,
  `col_id34` varchar(255) DEFAULT NULL,
  `col_id35` varchar(255) DEFAULT NULL,
  `col_id36` varchar(255) DEFAULT NULL,
  `col_id37` varchar(255) DEFAULT NULL,
  `col_id38` varchar(255) DEFAULT NULL,
  `col_id39` varchar(255) DEFAULT NULL,
  `col_id40` varchar(255) DEFAULT NULL,
  `col_id41` varchar(255) DEFAULT NULL,
  `col_id42` varchar(255) DEFAULT NULL,
  `col_id43` varchar(255) DEFAULT NULL,
  `col_id44` varchar(255) DEFAULT NULL,
  `col_id45` varchar(255) DEFAULT NULL,
  `col_id46` varchar(255) DEFAULT NULL,
  `col_id47` varchar(255) DEFAULT NULL,
  `col_id48` varchar(255) DEFAULT NULL,
  `col_id49` varchar(255) DEFAULT NULL,
  `del` tinyint(4) NOT NULL DEFAULT '0',
  `created_date` datetime NOT NULL,
  `updated_date` datetime NOT NULL
) ENGINE=MyISAM DEFAULT CHARSET=latin1;

--
-- Dumping data for table `cashflow_direct`
--

INSERT INTO `cashflow_direct` (`id`, `company_id`, `year`, `col_id1`, `col_id2`, `col_id3`, `col_id4`, `col_id5`, `col_id6`, `col_id7`, `col_id8`, `col_id9`, `col_id10`, `col_id11`, `col_id12`, `col_id13`, `col_id14`, `col_id15`, `col_id16`, `col_id17`, `col_id18`, `col_id19`, `col_id20`, `col_id21`, `col_id22`, `col_id23`, `col_id24`, `col_id25`, `col_id26`, `col_id27`, `col_id28`, `col_id29`, `col_id30`, `col_id31`, `col_id32`, `col_id33`, `col_id34`, `col_id35`, `col_id36`, `col_id37`, `col_id38`, `col_id39`, `col_id40`, `col_id41`, `col_id42`, `col_id43`, `col_id44`, `col_id45`, `col_id46`, `col_id47`, `col_id48`, `col_id49`, `del`, `created_date`, `updated_date`) VALUES
(1, 6, 2011, '328924727287', '886493799653', '-467723803548', '-48649467183', '-18774602269', '-4306317029', '-4038314170', '54823620407', '-87674790843', '-27459426555', '800000', '-20540000000', '14280000000', '-9917500000', '5756100000', '19105424286', NULL, NULL, NULL, NULL, NULL, NULL, NULL, NULL, NULL, NULL, NULL, NULL, NULL, NULL, '-69176503227', NULL, NULL, NULL, '157207333238', '-159967388560', NULL, NULL, '-66416447905', NULL, NULL, NULL, NULL, NULL, '240973621791', '177530977614', '176515944', NULL, '418681115349', 0, '2017-04-05 02:55:28', '2017-04-05 03:06:27'),
(2, 6, 2012, '-103309317505', '395169814576', '-469035830723', '-62928890026', '-41985485203', '-525915707', '-21810208739', '121511833284', '-65690120170', '-41605038220', '5560000', '-2300000000', '3420000000', '-29049179500', '558300000', '26984872517', NULL, NULL, NULL, NULL, NULL, NULL, NULL, NULL, NULL, NULL, NULL, NULL, NULL, NULL, '-82760654238', NULL, NULL, NULL, '26714743497', '-79609295315', NULL, NULL, '-29866102420', NULL, NULL, NULL, NULL, NULL, '-228055456946', '418681115349', '-23726802', NULL, '190601931601', 0, '2017-04-05 03:17:39', '2017-04-05 03:17:39'),
(3, 6, 2013, '-106414785037', '396234405431', '-406259516844', '-61847032742', '-5399546425', '-3282769877', '-3713064527', '9569863587', '-37116670065', '-44210589967', '1294717509', '-1750000000', '13510000000', '-32687464230', '10558376417', '47885413846', NULL, NULL, NULL, NULL, NULL, NULL, NULL, NULL, NULL, NULL, NULL, NULL, NULL, NULL, '22732467515', '7150000000', NULL, NULL, '107177127587', '-27249259566', NULL, NULL, '-64345400506', NULL, NULL, NULL, NULL, NULL, '-89081863947', '190601931601', '593561623', NULL, '102113629277', 0, '2017-04-05 03:30:28', '2017-04-05 03:30:28'),
(4, 6, 2014, '-12125689733', '295320604967', '-221087473669', '-62098934769', '-63882598740', '-6295127904', '-2948950727', '32728526701', '-47744334332', '-67487591191', '2476276273', '-21130000000', '7438500000', '-19552300000', '14234404136', '20138112042', NULL, NULL, NULL, NULL, NULL, NULL, NULL, NULL, NULL, NULL, NULL, NULL, NULL, NULL, '27959926866', '31817000000', '-71500000', NULL, '154439516646', '-128895509858', NULL, NULL, '-29329579922', NULL, NULL, NULL, NULL, NULL, '-48048361607', '102431720910', '1793248', NULL, '54385152551', 0, '2017-04-05 03:37:55', '2017-04-05 03:37:55'),
(5, 6, 2015, '-16807114942', '648984488559', '-540365746768', '-72029476988', '-33071964747', '-4094539049', '-9914308638', '55547018543', '-94934550601', '-42941975804', '92727273', '-6750000000', '12789871507', '-12045000000', '11240722783', '4541689494', NULL, NULL, NULL, NULL, NULL, NULL, NULL, NULL, NULL, NULL, NULL, NULL, NULL, NULL, '66234364418', '23901000000', '-1210000000', '0', '221663611807', '-134126683114', NULL, NULL, '-43993564275', NULL, NULL, NULL, NULL, NULL, '16355284729', '54385152551', '16003526', NULL, '70756440806', 0, '2017-04-05 04:03:50', '2017-04-05 04:03:50'),
(6, 6, 2016, '127937900373', '1320230942066', '-983878471377', '-82324736401', '-14675480385', '-10925310358', '-24327333140', '20313807586', '-111150998003', '-16117872952', '541868342', '-25230000000', '19513700000', NULL, '3900016491', '2716807734', NULL, NULL, NULL, NULL, NULL, NULL, NULL, NULL, NULL, NULL, NULL, NULL, NULL, NULL, '-81521448276', '7985000000', '-71500000', NULL, '522259718704', '-584249206340', NULL, NULL, '-27445460640', NULL, NULL, NULL, NULL, NULL, '31740971712', '70756440806', '419717958', NULL, '102917130476', 0, '2017-04-05 06:37:11', '2017-04-05 06:37:11');

-- --------------------------------------------------------

--
-- Table structure for table `company`
--

DROP TABLE IF EXISTS `company`;
CREATE TABLE `company` (
  `id` int(11) NOT NULL,
  `name` varchar(256) CHARACTER SET utf8 NOT NULL COMMENT 'Name of company',
  `code` varchar(10) CHARACTER SET utf8 NOT NULL COMMENT 'Stock code ',
  `sector_id` int(11) NOT NULL,
  `floor_id` int(11) NOT NULL,
  `description` text CHARACTER SET utf8 COMMENT 'History of company',
  `link` varchar(255) CHARACTER SET utf8 DEFAULT NULL,
  `public` int(1) DEFAULT '0',
  `del` tinyint(2) NOT NULL DEFAULT '0',
  `created_date` datetime NOT NULL DEFAULT CURRENT_TIMESTAMP,
  `updated_date` datetime NOT NULL DEFAULT CURRENT_TIMESTAMP
) ENGINE=MyISAM DEFAULT CHARSET=latin1;

--
-- Dumping data for table `company`
--

INSERT INTO `company` (`id`, `name`, `code`, `sector_id`, `floor_id`, `description`, `link`, `public`, `del`, `created_date`, `updated_date`) VALUES
(1, 'Công ty Cổ phần Tập đoàn FLC', 'FLC', 9, 1, 'Công ty Cổ phầnTập đoàn FLC là một công ty hoạt động trong lĩnh vực bất động sản mới gia nhập thị trường. Tuy nhiên, nhờ có đội ngũ quản lý có nhiều kinh nghiệm trong ngành, Công ty đang từng bước tạo lập uy tín và thương hiệu “FLC” trên thị trường. Số lượng khách hàng của Công ty ngày càng tăng không chỉ dựa vào mối quan hệ tốt sẵn có của các cán bộ quản lý mà còn dựa vào chính chất lượng sản phẩm dịch vụ mà FLC mang đến cho khách hàng. FLC định hướng trở thành một trong những tập đoàn kinh doanh tư vấn bất động sản hàng đầu tại Việt Nam.', 'http://flc.vn', 1, 0, '2016-10-06 06:19:31', '2016-11-24 07:54:39'),
(2, 'CTCP Hùng Vương', 'HVG', 4, 1, 'HVG là một trong những công ty chế biến cá tra được thành lập sớm tại Việt Nam với đội ngũ nhân sự nhiều kinh nghiệm và đã tạo dựng được thương hiệu được nhiều người tiêu dùng và đối tác biết đến, nhờ vào tính ổn định trong sản lượng và chất lượng của các sản phẩm, quy trình sản xuất khép kín, thương hiệu luôn được Công ty chú trọng quảng bá và trách nhiệm cao đối với xã hội và môi trường của Công ty. Đây là những yếu tố làm nên một HVG luôn duy trì mức tăng trưởng tốt trong suốt 11 năm hoat động của mình.', 'http://www.hungvuongpanga.com/', 1, 0, '2016-10-06 07:53:46', '2016-10-06 07:53:46'),
(3, 'Tập đoàn Vingroup - CTCP', 'VIC', 9, 1, 'Công ty Cổ phần Vincom (Vincom), tiền thân là Công ty Cổ phần (CP) Thương mại Tổng hợp Việt Nam, được chính thức thành lập vào ngày 3/5/2002. Trải qua hơn 8 năm xây dựng và phát triển,tới nay, Vincom đã trở thành một trong những doanh nghiệp hàng đầu Việt Nam trong lĩnh vực bất động sản. Hàng loạt những dự án bất động sản cao cấp mang thương hiệu Vincom đang được triển khai tiếp nối nhau tại nhiều thành phố lớn của cả nước. Những dự án này đều là tâm điểm của sự chú ý và được đánh giá cao bởi các nhà đầu tư. Trong tương lai, hàng loạt công trình tầm cỡ mang tên Vincom sẽ xuất hiện trên khắp đất nước Việt Nam, góp phần xây dựng hình ảnh Việt Nam hiện đại,năng động và phát triển.', 'http://www.vingroup.net', 1, 0, '2016-10-28 01:42:23', '2016-10-28 01:42:23'),
(4, '1', '1', 1, 1, '1', '1', 1, 1, '2016-11-24 04:13:56', '2016-11-24 04:14:08'),
(5, 'CTCP FPT', 'FPT', 10, 1, '- Công nghệ: gồm 3 mảng chính là Phát triển phần mềm, Tích hợp hệ thống và Dịch vụ CNTT\n- Viễn thông: gồm 2 mảng chính là Dịch vụ viễn thông và Nội dung số\n- Phân phối và bán lẻ các sản phẩm công nghệ: gồm 2 mảng chính là Phân phối các sản phẩm công nghệ và Bán lẻ các sản phẩm công nghệ\n- Giáo dục', 'http://www.fpt.com.vn', 1, 0, '2016-12-15 03:49:39', '2016-12-15 03:49:39'),
(6, 'CTCP Đầu tư Phát triển Công nghệ Điện tử - Viễn Thông', 'ELC', 10, 1, '1995\n· Ngày 15/12/1995, Công ty TNHH Đầu tư phát triển Công nghệ Điện tử Viễn thông (gọi tắt là Elcom Ltd) được thành lập theo quyết định số 2200/GPUB của UBND Thành phố Hà Nội. Trụ sở của công ty đặt tại 12A Lý Nam Đế, Ba Đình, Hà Nội.\n1998\n· Thành lập Trung tâm Đào tạo phát triển phần mềm (SDTC - Software Developing Training Center) trực thuộc ELCOM, đánh dấu sự góp mặt của ELCOM trong lĩnh vực nghiên cứu phát triển phần mềm.\n· Được bình chọn là Doanh nghiệp có sản phẩm phần mềm xuất sắc nhất năm 1998 do hãng ORACLE Việt Nam bình chọn và trao giải.\n· Đoạt Huy chương bạc Cuộc thi Sản phẩm Công nghiệp Điện tử - Tin học Việt Nam lần thứ nhất trong khuôn khổ Diễn đàn & Triển lãm Công nghiệp Điện tử - Tin học Việt Nam (VEIF \'98) cho sản phẩm "Hệ điều hành tác nghiệp ĐHTN 2000" và sản phẩm "Hệ trả lời điện thoại tự động ECSS".\n1999\n· Sản phẩm EYS khắc phục sự cố máy tính Y2K mang đến cho ELCOM tiếng vang đầu tiên trong cộng đồng doanh nghiệp CNTT.\n2000\n· Nhận Bằng khen của Bộ Khoa học Công nghệ và Môi trường cho các đóng góp trong hoạt động ngăn chặn sự cố máy tính năm 2000.\n2001\n· Sản phẩm CBC2000 của Elcom trở thành hệ thống phần mềm ứng dụng quy mô lớn nhất tại bưu điện các tỉnh thành và mang lại doanh số lớn nhất cho ELCOM tại thời điểm đó.\n· Tăng trưởng đột biến về doanh số với mức tăng trưởng đạt 42%.\n2002\n· Nghiên cứu, ứng dụng thành công chuẩn SMPP, EMS và cho ra đời Hệ thống dịch vụ giá trị gia tăng đầu tiên  trên nền SMS tại Việt nam - Hệ thống InterSMS.\n2003\n· ELCOM nghiên cứu và phát triển thành công Hệ thống Evision - Hệ thống truyền hình hội nghị IP đầu tiên do người Việt Nam phát triển. Đây chính là tiền đề cho sự phát triển lớn mạnh của nhiều dòng sản phẩm Hệ thống Hội nghị truyền hình sau này, mang lại nhiều tiếng vang và những giải thưởng uy tín cho Elcom như Vifotech, Sao Khuê...\n· Nghiên cứu ứng dụng thành công chuẩn báo hiệu SS7, ra đời các sản phẩm đầu tiên ứng dụng SS7 : SMSC 256KBHSM, Welcome SMS. Hệ thống SMSC đầu tiên của người Việt nam ra đời với dung lượng 256 KBHSM.\n· Công nghệ "Thiết bị xử lý nước thải dạng Compact" được trao tặng Huy chương Techmart 2003.\n2004\n· ELCOM chính thức chuyển đổi thành công ty cổ phần với tên giao dịch: Công ty cổ phần Đầu tư phát triển Công nghệ Điện tử - Viễn thông (ELCOM JSC.)\n· Thành lập các công ty con trực thuộc: ELCOM Ltd., ElcomTek,... và thành lập Chi nhánh ELCOM tại Thành phố Hồ Chí Minh.\n· Nghiên cứu và phát triển thành công sản phẩm eHotel - sản phẩm đầu tiên tại Việt Nam trong lĩnh vực truyền hình theo yêu cầu.\n· Năm thứ 3 liên tiếp nhận giải thưởng Doanh nghiệp trẻ tiêu biểu Thành phố Hà Nội 2004.\n· Được Bộ Khoa học và Công nghệ trao tặng giải thưởng Sáng tạo Khoa học - Công nghệ Việt Nam (VIFOTECH 2004)\n· Nhận giải thưởng Sao Vàng Đất Việt cho 2 sản phẩm: "Hệ thống đèn tín hiệu giao thông E37" và "Evision - Hệ thống Hội nghị truyền hình theo tiêu chuẩn và H232".\n2005\n· Được bình chọn là Doanh nghiệp phần mềm tiêu biểu Việt Nam có ứng dụng công nghệ xuất sắc và được trao tặng Giải thưởng Sao Khuê 2005.\n· Nhận giải thưởng Doanh nghiệp trẻ tiêu biểu Thành phố Hà Nội 2005 và giải thưởng Sao đỏ dành cho Doanh nghiệp trẻ tiêu biểu Việt Nam 2005.\n· Elcom vinh dự được nhận Bằng khen của Thủ tướng Chính phủ cho các thành tích trong sản xuất kinh doanh và đóng góp cho xã hội.\n2006\n· Thành lập Công ty cổ phần Vật liệu mới (Elcom Industry) hoạt động trên các lĩnh vực Chế tạo và sản xuất các sản phẩm từ nhựa Composite.\n2007\n· ELCOM đạt chứng nhận hệ thống quản lý chất lượng theo tiêu chuẩn ISO 9001:2000 do BVQI chứng nhận và được ANAB (Hoa kỳ) công nhận.\n· Chính thức tham gia vào lĩnh vực tích hợp hệ thống với việc trở thành đối tác của Cisco và Sun Microsystem.\n· Hệ thống dịch vụ truyền hình tương tác EOD của ELCOM được trao tặng Giải thưởng Sao Khuê 2007 trong lĩnh vực sản phẩm và dịch vụ giá trị gia tăng trên mobile/internet.\n· Tăng trưởng đột biến về doanh số với mức tăng trưởng 193,7% so với năm 2006.\n2008\n· Trung tâm nghiên cứu và đào tạo phần mềm (SDTC) chuyển đổi thành Công ty TNHH Giải pháp phần mềm ELCOM (ESOFT), đánh dấu bước ngoặt cho sự phát triển công nghệ phần mềm tại Elcom.\n· Lần thứ 3 ELCOM được trao tặng Giải thưởng Sao Khuê 2008 trong lĩnh vực sản phẩm và giải pháp chuyên ngành bưu chính, viễn thông với sản phẩm "Hệ thống Hộp thư thông minh Interbox".\n2009\n· Trở thành công ty đầu tiên tại Việt Nam nghiên cứu phát triển thành công hệ thống cung cấp dịch vụ trên mạng 3G với việc làm chủ các công nghệ 3G Video Gateway, 3G Video Conferencing, 3G Video on demand.\n· Ký kết hợp đồng cung cấp hệ thống SMSC lớn nhất Việt Nam cho Viettel.\n· Được công nhận là Nhà phân phối chính thức của Nokia Siemens Network.\n· Chính thức trở thành Công ty đại chúng và tổ chức thành công Đại hội cổ đông đầu tiên.\n2010\n· Ngày 13/10/2010, cổ phiếu ELC chính thức niêm yết trên sàn giao dịch chứng khoán TP.HCM, mở ra một thời kỳ mới của ELCOM với lượng cổ đông đại\nchúng hơn, thông tin minh bạch hơn và uy tín thương hiệu được nâng lên tầm cao mới.\n· ELCOM vinh dự nhận bằng khen của thủ tướng chính phủ tháng 12/2010.\n· ELCOM nằm trong Top 500 doanh nghiệp lớn nhất Việt Nam năm 2010 theo công bố của Công ty cổ phần báo cáo đánh giá Việt Nam.\n· ELCOM đứng thứ 70 trong bảng xếp hạng FAST500 – TOP 500 doanh nghiệp tăng trưởng nhất Việt Nam do báo VietNamNet và Công ty Vietnam Report công bố.\n· Giải thưởng CNTT - TT VN 2010 (Victa) cho doanh nghiệp phần mềm hoạt động hiệu quả nhất do Bộ thông tin và truyền thông trao tặng.\n2011\n· Elcom nằm trong Top 500 doanh nghiệp tư nhân lớn nhất Việt Nam 2011.\n\n· Elcom nhận giải thưởng Sao Khuê cho sản phẩm MCA\n\n· Tháng 8/2011 Elcom vinh dự nhận hai bằng khen liên tiếp do Ủy ban nhân dân TP Hà Nội trao tặng cho Doanh nghiệp có thành tích xuất sắc nhất trong hoạt động sản xuất kinh doanh năm 2010 và bằng khen cá nhân cho Tổng giám đốc Phan Chiến Thắng vì đã có thành tích trong phong trào thi đua khối các Doanh nghiệp trên địa bàn TP HN, đồng thời lần thứ 2 được nhận Bằng khen của TTCP cho cá nhân TGĐ Phan Chiến Thắng.\n\n2012\n· Elcom đạt thứ hạng 20 trong top 50 công ty kinh doanh hiệu quả nhất (trong thời     gian năm 2009 – 2011)\n\n· ELCOM Building chính thức được đưa vào sử dụng\n\n· Triển khai thành công Hệ thống Giám sát biển EyeSea 2012 do ELCOM nghiên cứu.\n\n· Thành lập Công ty Cổ phần công nghệ sinh học thế hệ mới BIOTECH\n\n· Elcom nằm trong top 1000 doanh nghiệp Việt Nam đóng thuế nhiều nhất năm 2012:\n\n· Năm 2012 ELCOM được trao danh hiệu Sao Khuê cho Sản phẩm EMO SGS cho nhóm các sản phẩm giải pháp viễn thông, di động và ứng dụng 3G tiêu biểu của Việt Nam.\n2013\n\n· Elcom chính thức ra mắt thiết bị giải trí truyền hình eBop - một sản phẩm đột phá dành cho giải trí gia đình.\n· ELCOM đã làm chủ hoàn toàn công nghệ giám sát vệ tinh VSAT và Inmasat – C. Một loại vệ tinh phục vụ cho an ninh quốc phòng\n· Ký kết Hợp đồng Cung cấp hệ thống quản lý và tính cước thời gian thực cho thuê bao trả sau, cùng với các hệ thống chăm sóc khách hàng cho mạng Viễn thông di động VNP… với tổng trị giá hơn 100 tỷ đồng.\n· Elcom liên tiếp nhận được các giải thưởng uy tín như: giải thưởng Sao Vàng Đất Việt do Hội doanh nghiệp trẻ Việt Nam trao tặng; nằm trong top 50 doanh nghiệp kinh doanh hiệu quả nhất Việt Nam giai đoạn 2010 – 2012; giải thưởng Sao Khuê cho sản phẩm eBop do hiệp hội phần mềm Việt Nam trao tăng; top 1.000 doanh nghiệp đóng thuế nhiều nhất do Viet Nam report trao tặng.\n2014\n\n· Elcom nằm trong top 30 doanh nghiệp công nghệ thông tin tiêu biểu năm 2014 do Hiệp hội phần mềm Vinasa trao tặng.\n\n2015\n\n· Khẳng định sự thành công trong thị trường Giao thông vận tải (VTS; WIM; Thu phí; ITS).\n\n· ELCOM nằm trong Top 40 doanh nghiệp CNTT hàng đầu VN; Bằng khen thủ tướng chính phủ;\n\n \n\n2016\n\n· ELCOM nằm trong top 50 doanh nghiệp CNTT hàng đầu Việt Nam năm 2016 hạng mục Phần mềm, Giải pháp & Dịch vụ CNTT \n\n· ELCOM nằm trong top 500 doanh nghiệp tư nhân lớn nhất Việt Nam (VNR500) năm 2016\n\n· ELCOM chính thức mở rộng triển khai cung cấp dịch vụ sang thị trường châu Mỹ\n\n· ELCOM hoàn thành triển khai dự án quan trọng đường trục truyền dẫn Bắc Nam cho đối tác chiến lược MobiFone', 'http://www.elcom.com.vn/', 1, 0, '2017-04-04 03:02:22', '2017-04-18 02:42:22');

-- --------------------------------------------------------

--
-- Table structure for table `customer`
--

DROP TABLE IF EXISTS `customer`;
CREATE TABLE `customer` (
  `id` int(11) NOT NULL,
  `username` varchar(265) CHARACTER SET utf8 NOT NULL,
  `password` varchar(265) CHARACTER SET utf8 NOT NULL,
  `login_hash` varchar(265) CHARACTER SET utf8 NOT NULL,
  `name` varchar(100) CHARACTER SET utf8 NOT NULL,
  `del` tinyint(4) NOT NULL DEFAULT '0',
  `created_date` datetime NOT NULL,
  `updated_date` datetime NOT NULL
) ENGINE=MyISAM DEFAULT CHARSET=latin1;

--
-- Dumping data for table `customer`
--

INSERT INTO `customer` (`id`, `username`, `password`, `login_hash`, `name`, `del`, `created_date`, `updated_date`) VALUES
(1, 'tranphan2508@gmail.com', 'e10adc3949ba59abbe56e057f20f883e', '4c8e1dbbbd75da45e486ce5ed51433bb', 'Tran Phan', 0, '2016-11-23 00:00:00', '2017-04-20 04:06:49');

-- --------------------------------------------------------

--
-- Table structure for table `floor`
--

DROP TABLE IF EXISTS `floor`;
CREATE TABLE `floor` (
  `id` int(11) NOT NULL,
  `name` text CHARACTER SET utf8 NOT NULL,
  `code` varchar(10) CHARACTER SET utf8 NOT NULL,
  `link` varchar(256) CHARACTER SET utf8 NOT NULL,
  `del` tinyint(4) NOT NULL DEFAULT '0',
  `created_date` datetime NOT NULL DEFAULT CURRENT_TIMESTAMP,
  `updated_date` datetime NOT NULL DEFAULT CURRENT_TIMESTAMP
) ENGINE=MyISAM DEFAULT CHARSET=latin1;

--
-- Dumping data for table `floor`
--

INSERT INTO `floor` (`id`, `name`, `code`, `link`, `del`, `created_date`, `updated_date`) VALUES
(1, 'Sở giao dịch chứng khoán Hồ Chí Minh', 'HSX', 'https://www.hsx.vn/', 0, '2016-09-29 09:29:40', '2016-11-23 04:03:45'),
(2, 'Sở Giao dịch Chứng khoán Hà Nội', 'HNX', 'http://www.hnx.vn/', 0, '2016-10-05 07:27:31', '2016-10-05 07:27:31'),
(3, 'UPCOM', 'UPCOM', 'http://www.hnx.vn/', 0, '2016-10-05 08:36:54', '2016-10-05 08:37:16');

-- --------------------------------------------------------

--
-- Table structure for table `income_statement`
--

DROP TABLE IF EXISTS `income_statement`;
CREATE TABLE `income_statement` (
  `id` int(11) NOT NULL,
  `company_id` int(11) NOT NULL,
  `year` smallint(6) NOT NULL,
  `col_id1` varchar(255) DEFAULT NULL,
  `col_id2` varchar(255) DEFAULT NULL,
  `col_id3` varchar(255) DEFAULT NULL,
  `col_id4` varchar(255) DEFAULT NULL,
  `col_id5` varchar(255) DEFAULT NULL,
  `col_id6` varchar(255) DEFAULT NULL,
  `col_id7` varchar(255) DEFAULT NULL,
  `col_id8` varchar(255) DEFAULT NULL,
  `col_id9` varchar(255) DEFAULT NULL,
  `col_id10` varchar(255) DEFAULT NULL,
  `col_id11` varchar(255) DEFAULT NULL,
  `col_id12` varchar(255) DEFAULT NULL,
  `col_id13` varchar(255) DEFAULT NULL,
  `col_id14` varchar(255) DEFAULT NULL,
  `col_id15` varchar(255) DEFAULT NULL,
  `col_id16` varchar(255) DEFAULT NULL,
  `col_id17` varchar(255) DEFAULT NULL,
  `col_id18` varchar(255) DEFAULT NULL,
  `col_id19` varchar(255) DEFAULT NULL,
  `col_id20` varchar(255) DEFAULT NULL,
  `col_id21` varchar(255) DEFAULT NULL,
  `col_id22` varchar(255) DEFAULT NULL,
  `del` tinyint(4) NOT NULL DEFAULT '0',
  `created_date` datetime NOT NULL,
  `updated_date` datetime NOT NULL
) ENGINE=MyISAM DEFAULT CHARSET=latin1;

--
-- Dumping data for table `income_statement`
--

INSERT INTO `income_statement` (`id`, `company_id`, `year`, `col_id1`, `col_id2`, `col_id3`, `col_id4`, `col_id5`, `col_id6`, `col_id7`, `col_id8`, `col_id9`, `col_id10`, `col_id11`, `col_id12`, `col_id13`, `col_id14`, `col_id15`, `col_id16`, `col_id17`, `col_id18`, `col_id19`, `col_id20`, `col_id21`, `col_id22`, `del`, `created_date`, `updated_date`) VALUES
(1, 2, 2016, '4', '2', '2', '1', '1', NULL, NULL, NULL, NULL, NULL, NULL, '1', NULL, NULL, '0', '1', NULL, NULL, NULL, '1', NULL, '1', 0, '2017-02-22 02:42:53', '2017-02-22 03:05:24'),
(2, 2, 2009, '3105193741440', '17910371463', '3087283369977', '2567863787279', '519419582698', '55873351919', '27182234408', '75970918835', '23931999641', '201381278987', '42269072736', '328392348127', '9309002251', '2957612343', '6351389908', '334743738035', '39203756564', '636117596', '39839874160', '294903863875', '1632590336', '293271273539', 0, '2017-02-22 02:46:26', '2017-02-22 03:07:00'),
(3, 2, 2010, '4481514419240', '49920013818', '4431594405422', '3822880964651', '608713440771', '311745819707', '246420607633', '193596163506', '14689511719', '346943884056', '66558439083', '275225841425', '7628177742', '5853769197', '1774408545', '277000249970', '22104639560', '3965240477', '26069880037', '250930369933', '32188616350', '218741753583', 0, '2017-02-22 07:42:34', '2017-02-22 07:43:57'),
(4, 2, 2011, '7845430906195', '51163285323', '7794267620872', '6577582659566', '1216684961306', '185017333095', '346690788656', '266884396114', '53556445650', '410977113162', '197693983361', '499896854872', '55309381784', '47019345962', '8290035822', '508186890694', '31514794404', '-8337032096', '23177762308', '485009128386', '67253171989', '417755956397', 0, '2017-02-22 07:51:44', '2017-02-22 07:51:44'),
(5, 1, 2009, '181818182', NULL, '181818182', NULL, '181818182', '935000000', NULL, NULL, NULL, NULL, '173849485', '942968697', NULL, NULL, '0', '942968697', '165019522', NULL, '165019522', '777949175', NULL, '777949175', 0, '2017-03-03 01:54:31', '2017-03-03 02:35:44'),
(6, 1, 2010, '57646612535', '25429483035', '32217129500', '17063880502', '15153248998', '6023708321', '652448254', '124243055', NULL, NULL, '9940713728', '10583795337', '293785700', '1563259181', '-1269473481', '9314321856', '2730206339', NULL, '2730206339', '6584115517', '-236726979', '6820842496', 0, '2017-03-03 02:44:32', '2017-03-03 02:44:32'),
(7, 1, 2011, '136201198700', NULL, '136201198700', '125931561619', '10269637081', '41572187682', '13870544616', '13870544616', '272831926', '810278120', '19631859424', '17801974529', '173987858', '190597761', '-16609903', '17785364626', '5213806216', NULL, '5213806216', '12571558410', '134195929', '12437362481', 0, '2017-03-03 06:59:40', '2017-03-03 06:59:40'),
(8, 1, 2012, '1561913964027', '7717444000', '1554196520027', '1511242749944', '42953770083', '102252735439', '81190674328', '12315680965', '2125898358', '1062898133', '26627866770', '38450964649', '11558319307', '11383658232', '174661075', '38625625724', '2313183726', NULL, '2313183726', '36312441998', '-21471593', '36333913591', 0, '2017-03-03 07:00:33', '2017-03-03 07:00:33'),
(9, 1, 2013, '1744112880028', '99903000', '1744012977028', '1598173492582', '145839484446', '60103386153', '27823380176', '19122010356', '-2671422174', '3580082624', '34071152114', '137796833511', '62368641', '809533780', '-747165139', '137049668372', '38003169992', '-123537655', '37879632337', '99170036035', '53016139', '99117019896', 0, '2017-03-03 07:01:22', '2017-03-03 07:01:22'),
(10, 1, 2014, '2063903723114', '313730000', '2063589993114', '1805738292915', '257851700199', '332198680586', '46686425316', '45920592803', '-14611878540', '4593249648', '56154935350', '468003891931', '8339150799', '22318838023', '-13979687224', '454024204707', '98309378429', '-137916296', '98171462133', '355852742574', '-904870', '355853647444', 0, '2017-03-03 07:02:20', '2017-03-03 07:02:20'),
(11, 1, 2015, '5326248342689', NULL, '5326248342689', '4662387980687', '663860362002', '682580149411', '44371564005', '42515901673', '19442114902', '20628786717', '140713151844', '1160169123749', '1909002402', '4369165330', '-2460162928', '1157708960821', '261442159496', '-5607084506', '255835074990', '901873885831', '-312180976', '902186066807', 0, '2017-03-03 07:03:19', '2017-03-03 07:03:19'),
(12, 6, 2007, '271291589379', '27311500', '271264277879', '207609208100', '63655069779', '472326850', '3846088517', '3555990430', '1889365545', '19266873485', '16341079671', '26562720501', '35429248', '1693358', '33735890', '26596456391', '3723393674', NULL, '3723393674', '22873062717', '-761075', '22873823792', 0, '2017-04-04 03:38:43', '2017-04-04 03:38:43'),
(13, 6, 2008, '322150753932', '25839000', '322124914932', '225667062991', '96457851941', '4327368566', '23351583955', '2981428559', '1774380955', '17215393782', '23038520571', '38954103154', '964851385', '823649781', '141201604', '39095304758', '1777790228', NULL, '1777790228', '37317514530', '-903485', '37318418015', 0, '2017-04-04 06:21:46', '2017-04-10 06:40:04'),
(14, 6, 2009, '706894775791', '14200000', '706880575791', '521343877758', '185536698033', '5357544990', '31854518758', '3619254338', '4371196879', '30930734096', '36423905529', '96056281519', '1518823269', '2462048307', '-943225038', '95113056481', '5275185590', '-335235133', '4939950457', '90173106024', '2432853', '90170673171', 0, '2017-04-04 07:17:03', '2017-04-04 07:17:03'),
(15, 6, 2010, '752972159991', NULL, '752972159991', '477578387351', '275393772640', '11643785070', '33623562912', '5698990590', '2527360001', '12969706591', '57969050767', '185002597441', '566483516', '880050132', '-313566616', '184689030825', '20750912479', '-6306474657', '14444437822', '170244593003', '481480', '170244111523', 0, '2017-04-04 07:43:47', '2017-04-04 07:43:47'),
(16, 6, 2011, '482586262906', NULL, '482586262906', '274803007263', '207783255643', '39236688180', '51244870144', '4379319996', '-276362441', '15431497724', '57944724924', '122122488590', '1801985791', '976463856', '825521935', '122948010525', '3240836708', '5129369688', '8370206396', '114577804129', '-10918515', '114588722644', 0, '2017-04-04 08:07:44', '2017-04-04 08:07:44'),
(17, 6, 2012, '479914808824', NULL, '479914808824', '299849130860', '180065677964', '37501966944', '1356808748', '575953523', '-374720909', '7718549935', '88414361921', '119703203395', '2074570180', '1783316050', '291254130', '119994457525', '3643688462', '146792343', '3790480805', '116203976720', '-11772063', '116215748783', 0, '2017-04-05 03:15:58', '2017-04-05 03:15:58'),
(18, 6, 2013, '418889757262', NULL, '418889757262', '331472449303', '87417307959', '39419572798', '11022649035', '3365538460', '315260651', '7102788259', '66507320168', '42519383946', '1403304513', '1804960744', '-401656231', '42117727715', '6713185020', '-471225289', '6241959731', '35875767984', '-8715135', '35884483119', 0, '2017-04-05 03:28:50', '2017-04-05 03:28:50'),
(19, 6, 2014, '330621604296', NULL, '330621604296', '204708309379', '125913294917', '17012475184', '14652061043', '6164084873', '1605931258', '14060374448', '48280095658', '67539170210', '7705307998', '10869896843', '-3164588845', '64374581365', '3938960504', '-1393431266', '2545529238', '61829052127', '-2270257826', '64099309953', 0, '2017-04-05 03:36:10', '2017-04-17 07:07:00'),
(20, 6, 2015, '723315713867', '47527000', '723268186867', '496605482666', '226662704201', '9223973731', '30946203216', '4270329416', '-614508950', '25431452402', '84409381479', '94485131885', '15831239133', '22965360056', '-7134120923', '87351010962', '13513288570', '690018607', '14203307177', '73147703785', '-40266914', '73187970699', 0, '2017-04-05 04:01:49', '2017-04-05 04:01:49'),
(21, 6, 2016, '1301579187148', NULL, '1301579187148', '1023490251526', '278088935622', '17260738239', '14456415781', '10748143428', NULL, '36769772678', '134373436893', '109750048509', '4262402953', '2446035899', '1816367054', '111566415563', '17526272784', '-97751647', '17428521137', '94137894426', '-601252555', '94739146981', 0, '2017-04-05 06:28:32', '2017-04-05 06:31:52');

-- --------------------------------------------------------

--
-- Table structure for table `indicators`
--

DROP TABLE IF EXISTS `indicators`;
CREATE TABLE `indicators` (
  `id` int(11) NOT NULL,
  `company_id` int(11) NOT NULL,
  `year` smallint(6) NOT NULL,
  `col_id1` varchar(255) DEFAULT NULL,
  `col_id2` varchar(255) DEFAULT NULL,
  `col_id3` varchar(255) DEFAULT NULL,
  `col_id4` varchar(255) DEFAULT NULL,
  `col_id5` varchar(255) DEFAULT NULL,
  `col_id6` varchar(255) DEFAULT NULL,
  `col_id7` varchar(255) DEFAULT NULL,
  `col_id8` varchar(255) DEFAULT NULL,
  `col_id9` varchar(255) DEFAULT NULL,
  `col_id10` varchar(255) DEFAULT NULL,
  `col_id11` varchar(255) DEFAULT NULL,
  `col_id12` varchar(255) DEFAULT NULL,
  `col_id13` varchar(255) DEFAULT NULL,
  `col_id14` varchar(255) DEFAULT NULL,
  `col_id15` varchar(255) DEFAULT NULL,
  `col_id16` varchar(255) DEFAULT NULL,
  `col_id17` varchar(255) DEFAULT NULL,
  `col_id18` varchar(255) DEFAULT NULL,
  `col_id19` varchar(255) DEFAULT NULL,
  `col_id20` varchar(255) DEFAULT NULL,
  `col_id21` varchar(255) DEFAULT NULL,
  `col_id22` varchar(255) DEFAULT NULL,
  `col_id23` varchar(255) DEFAULT NULL,
  `col_id24` varchar(255) DEFAULT NULL,
  `col_id25` varchar(255) DEFAULT NULL,
  `col_id26` varchar(255) DEFAULT NULL,
  `col_id27` varchar(255) DEFAULT NULL,
  `col_id28` varchar(255) DEFAULT NULL,
  `col_id29` varchar(255) DEFAULT NULL,
  `col_id30` varchar(255) DEFAULT NULL,
  `col_id31` varchar(255) DEFAULT NULL,
  `col_id32` varchar(255) DEFAULT NULL,
  `col_id33` varchar(255) DEFAULT NULL,
  `col_id34` varchar(255) DEFAULT NULL,
  `col_id35` varchar(255) DEFAULT NULL,
  `col_id36` varchar(255) DEFAULT NULL,
  `del` tinyint(4) NOT NULL DEFAULT '0',
  `created_date` datetime NOT NULL,
  `updated_date` datetime NOT NULL
) ENGINE=MyISAM DEFAULT CHARSET=latin1;

--
-- Dumping data for table `indicators`
--

INSERT INTO `indicators` (`id`, `company_id`, `year`, `col_id1`, `col_id2`, `col_id3`, `col_id4`, `col_id5`, `col_id6`, `col_id7`, `col_id8`, `col_id9`, `col_id10`, `col_id11`, `col_id12`, `col_id13`, `col_id14`, `col_id15`, `col_id16`, `col_id17`, `col_id18`, `col_id19`, `col_id20`, `col_id21`, `col_id22`, `col_id23`, `col_id24`, `col_id25`, `col_id26`, `col_id27`, `col_id28`, `col_id29`, `col_id30`, `col_id31`, `col_id32`, `col_id33`, `col_id34`, `col_id35`, `col_id36`, `del`, `created_date`, `updated_date`) VALUES
(1, 2, 2009, NULL, NULL, NULL, NULL, NULL, '4923.35', NULL, '1.15', '1.49', '113.37', '53.13', NULL, '0.81', '3.93', '1.58', NULL, '16.73', '13.23', '14.74', NULL, '7.74', '16.51', '9.50', '28277.38', '9.44', NULL, '0.06', '5.41', '16.29', '92.96', '230.97', '22.41', '301.51', '2.13', '6.32', NULL, 0, '2017-02-22 04:20:27', '2017-03-01 03:59:24'),
(2, 2, 2010, NULL, NULL, NULL, NULL, NULL, '3521.29', NULL, '0.87', '1.27', '142.96', '58.84', NULL, '0.97', '4.01', '2.11', NULL, '13.58', '10.50', '12.72', NULL, '4.77', '10.95', '4.94', '31293.75', '4.88', NULL, '0.07', '2.43', NULL, NULL, NULL, NULL, NULL, NULL, NULL, NULL, 0, '2017-02-22 07:41:04', '2017-02-28 07:52:49'),
(3, 2, 2011, NULL, NULL, NULL, NULL, NULL, '6445.70', NULL, '0.90', '1.31', '150.34', '60.05', NULL, '1.33', '4.77', '3.10', NULL, '15.51', '9.88', '11.20', NULL, '7.15', '17.66', '5.36', '35962.42', '5.32', NULL, '0.08', '2.90', NULL, NULL, NULL, NULL, NULL, NULL, NULL, NULL, 0, '2017-02-22 07:50:43', '2017-02-28 07:53:03'),
(4, 1, 2009, NULL, NULL, NULL, NULL, NULL, '6858.77', NULL, '0.66', '109.09', '0.92', '0.91', NULL, '0.02', '', '0.04', NULL, '100.00', '518.63', '518.63', NULL, '8.21', '8.29', '427.87', '10432.19', '427.87', NULL, '0.66', '', '', '', '9284.69', '', '9284.69', '1.01', '', NULL, 0, '2017-03-03 02:28:10', '2017-03-03 06:24:11'),
(5, 1, 2010, NULL, NULL, NULL, NULL, NULL, '741.86', NULL, '9.90', '11.49', '6.98', '6.53', NULL, '0.25', '96.82', '2.15', NULL, '26.29', '16.37', '17.45', NULL, '5.35', '5.70', '21.17', '22044.35', '11.83', NULL, '0.28', '75.97', '24.23', '3.77', '169.53', '15.06', '158.23', '1.07', '5.03', NULL, 0, '2017-03-03 02:43:33', '2017-03-03 06:06:00'),
(6, 1, 2011, NULL, NULL, NULL, NULL, NULL, '1064.14', NULL, '0.63', '1.02', '100.29', '50.07', NULL, '0.40', '104.96', '2.90', NULL, '7.54', '23.24', '25.09', NULL, '3.62', '5.58', '9.13', '13252.32', '9.13', NULL, '0.00', '2.28', '3.85', '3.48', '126.05', '94.85', '34.67', '1.54', '7.10', NULL, 0, '2017-03-03 06:28:11', '2017-03-03 07:05:28'),
(7, 1, 2012, NULL, NULL, NULL, NULL, NULL, '728.35', NULL, '0.98', '1.75', '76.21', '43.25', NULL, '1.21', '709.83', '5.05', NULL, '2.75', '3.26', '3.88', NULL, '2.82', '5.08', '2.34', '14633.75', '2.33', NULL, '0.01', '4.14', '5.80', '0.51', '72.34', '62.98', '9.87', '1.80', '26.23', NULL, 0, '2017-03-03 06:31:16', '2017-03-03 07:07:36'),
(8, 1, 2013, NULL, NULL, NULL, NULL, NULL, '1284.23', NULL, '0.51', '1.39', '66.17', '39.82', NULL, '0.83', '33.90', '3.30', NULL, '8.36', '8.95', '9.51', NULL, '4.69', '8.03', '5.68', '15194.74', '5.68', NULL, '0.02', '8.17', '4.03', '10.77', '110.56', '90.62', '30.72', '1.71', '11.18', NULL, 0, '2017-03-03 06:34:30', '2017-03-03 07:09:52'),
(9, 1, 2014, NULL, NULL, NULL, NULL, NULL, '1980.82', NULL, '3.91', '6.09', '37.99', '27.53', NULL, '0.54', '26.67', '2.55', NULL, '12.49', '24.22', '24.94', NULL, '9.48', '13.73', '17.24', '12106.73', '17.24', NULL, '0.95', '10.88', '5.88', '13.68', '143.13', '62.07', '93', '1.44', '11.51', NULL, 0, '2017-03-03 06:37:53', '2017-04-04 02:55:45'),
(10, 1, 2015, NULL, NULL, NULL, NULL, NULL, '1951.89', NULL, '0.06', '1.94', '57.51', '36.51', NULL, '0.69', '14.05', '2.19', NULL, '12.46', '22.53', '23.05', NULL, '11.85', '17.78', '16.93', '11564.18', '16.93', NULL, '0.06', '28.23', '10.52', '25.97', '166.66', '34.69', '157', '1.49', '3.90', NULL, 0, '2017-03-03 06:58:32', '2017-04-04 02:55:50'),
(11, 6, 2007, NULL, NULL, NULL, NULL, NULL, '4432.10', NULL, '0.01', '1.04', '385.34', '79.39', NULL, '1.53', '2.80', '4.32', NULL, '23.46', '11.11', '11.89', NULL, '12.92', '62.74', '8.43', '13613.05', '8.43', NULL, '0.01', '8.47', '4.20', '130.35', '84.49', '86.90', '127', '4.85', '48.34', NULL, 0, '2017-04-04 03:31:40', '2017-04-04 07:06:36'),
(12, 6, 2008, NULL, NULL, NULL, NULL, NULL, '6798.94', NULL, '0.11', '1.21', '256.18', '71.92', NULL, '0.81', '1.28', '2.66', NULL, '29.94', '13.06', '15.17', NULL, '9.41', '38.04', '11.58', '13337.55', '11.58', NULL, '0.11', '14.11', '1.52', '285.15', '137.21', '240.13', '182.23', '4.04', '19.24', NULL, 0, '2017-04-04 06:19:09', '2017-04-10 06:41:46'),
(13, 6, 2009, NULL, NULL, NULL, NULL, NULL, '8914.89', NULL, '0.15', '1.15', '255.37', '71.86', NULL, '1.25', '3.66', '3.00', NULL, '26.24', '13.96', '15.04', NULL, '15.98', '56.91', '12.75', '14992.90', '12.75', NULL, '0.07', '27.27', '1.58', '99.72', '121.66', '231.01', '-10', '3.55', '30.87', NULL, 0, '2017-04-04 07:15:51', '2017-04-04 07:21:39'),
(14, 6, 2010, NULL, NULL, NULL, NULL, NULL, '11608.35', NULL, '0.33', '1.62', '108.75', '52.09', NULL, '0.81', '5.05', '1.57', NULL, '36.57', '25.28', '25.90', NULL, '18.51', '45.71', '22.60', '24412.13', '22.60', NULL, '0.30', '33.40', '1.34', '72.27', '232.48', '272.38', '31', '2.46', '28.08', NULL, 0, '2017-04-04 07:42:27', '2017-04-04 07:47:49'),
(15, 6, 2011, NULL, NULL, NULL, NULL, NULL, '3910.87', NULL, '0.83', '1.70', '92.76', '48.12', NULL, '0.42', '3.21', '1.01', NULL, '43.05', '26.38', '27.35', NULL, '10.00', '20.05', '23.74', '19850.11', '23.74', NULL, '0.79', '29.07', '0.55', '113.70', '361.38', '663.63', '-188.54', '2.00', '13.08', NULL, 0, '2017-04-04 08:03:23', '2017-04-05 06:10:00'),
(16, 6, 2016, NULL, NULL, NULL, NULL, NULL, '2169.33', NULL, '0.38', '2.96', '47.62', '32.26', NULL, '1.13', '7.17', '2.10', NULL, '21.36', '9.39', '9.39', NULL, '8.23', '12.55', '7.27', '16779.67', '7.27', NULL, '0.36', '11.38', '7.11', '50.90', '173.80', '51.33', '172', '1.52', '9.16', NULL, 0, '2017-04-05 02:50:16', '2017-04-05 06:37:12'),
(17, 6, 2012, NULL, NULL, NULL, NULL, NULL, '3452.33', NULL, '0.79', '2.50', '39.33', '28.23', NULL, '0.46', '4.21', '1.41', NULL, '37.52', '25.12', '25.12', NULL, '11.17', '18.35', '24.21', '18117.26', '24.21', NULL, '0.75', '209.34', '1.06', '86.69', '258.86', '344.33', '1.22', '1.64', '6.17', NULL, 0, '2017-04-05 03:10:17', '2017-04-05 06:10:03'),
(18, 6, 2013, NULL, NULL, NULL, NULL, NULL, '977.37', NULL, '0.34', '2.02', '48.99', '32.88', NULL, '0.43', '4.15', '1.14', NULL, '20.86', '10.85', '10.85', NULL, '3.76', '5.42', '8.56', '17067.68', '8.56', NULL, '0.33', '13.51', '1.78', '87.95', '320.17', '205.05', '203.07', '1.44', '3.40', NULL, 0, '2017-04-05 03:26:22', '2017-04-05 06:10:05'),
(19, 6, 2014, NULL, NULL, NULL, NULL, NULL, '1692.64', NULL, '0.17', '1.99', '55.57', '35.72', NULL, '0.32', '2.11', '0.71', NULL, '38.08', '21.33', '21.33', NULL, '6.24', '9.51', '19.38', '18146.17', '19.38', NULL, '0.15', '11.44', '1.31', '172.98', '514.08', '278.62', '408', '1.52', '2.14', NULL, 0, '2017-04-05 03:34:23', '2017-04-17 07:07:01'),
(20, 6, 2015, NULL, NULL, NULL, NULL, NULL, '1870.01', NULL, '0.26', '2.45', '57.78', '36.62', NULL, '0.64', '3.56', '1.37', NULL, '31.33', '12.66', '12.66', NULL, '6.56', '10.29', '10.11', '17254.48', '10.11', NULL, '0.23', '21.45', '3.41', '102.52', '266.42', '107.03', '260', '1.56', '4.37', NULL, 0, '2017-04-05 03:41:46', '2017-04-17 05:54:17');

-- --------------------------------------------------------

--
-- Table structure for table `params`
--

DROP TABLE IF EXISTS `params`;
CREATE TABLE `params` (
  `id` int(11) NOT NULL,
  `col_id` int(11) DEFAULT NULL,
  `title` varchar(256) CHARACTER SET utf8 NOT NULL,
  `description` varchar(255) CHARACTER SET utf8 DEFAULT NULL,
  `type` int(3) NOT NULL COMMENT '1-balance sheet; 2-income statement;3-statement of cash flow',
  `parent_id` int(11) NOT NULL,
  `level` int(11) NOT NULL,
  `created_date` datetime NOT NULL DEFAULT CURRENT_TIMESTAMP,
  `updated_date` datetime NOT NULL DEFAULT CURRENT_TIMESTAMP,
  `del` tinyint(1) NOT NULL DEFAULT '0'
) ENGINE=MyISAM DEFAULT CHARSET=latin1 COMMENT='name of all data type';

--
-- Dumping data for table `params`
--

INSERT INTO `params` (`id`, `col_id`, `title`, `description`, `type`, `parent_id`, `level`, `created_date`, `updated_date`, `del`) VALUES
(1, 1, 'TÀI SẢN', '', 1, 0, 1, '2016-09-28 13:33:56', '2016-11-02 08:02:32', 0),
(2, 2, 'NGUỒN VỐN', NULL, 1, 0, 1, '2016-09-28 13:35:02', '2016-09-28 13:35:02', 0),
(3, 3, 'A. Tài sản lưu động và đầu tư ngắn hạn', NULL, 1, 1, 2, '2016-09-28 13:35:21', '2016-09-28 13:35:21', 0),
(4, 4, 'B. Tài sản cố định và đầu tư dài hạn', NULL, 1, 1, 2, '2016-09-28 13:35:52', '2016-09-28 13:35:52', 0),
(5, 5, 'I. Tiền và các khoản tương đương tiền', NULL, 1, 3, 3, '2016-09-28 13:36:11', '2016-09-28 13:36:11', 0),
(6, 6, 'II. Các khoản đầu tư tài chính ngắn hạn', NULL, 1, 3, 3, '2016-09-28 13:37:08', '2016-09-28 13:37:08', 0),
(7, 7, 'III. Các khoản phải thu ngắn hạn', NULL, 1, 3, 3, '2016-09-28 13:38:02', '2016-09-28 13:38:02', 0),
(8, 8, 'IV. Tổng hàng tồn kho', NULL, 1, 3, 3, '2016-09-28 13:39:13', '2016-09-28 13:39:13', 0),
(9, 9, 'V. Tài sản ngắn hạn khác', NULL, 1, 3, 3, '2016-09-28 13:44:06', '2016-09-28 13:44:06', 0),
(11, 10, '1. Tiền', NULL, 1, 5, 4, '2016-09-28 13:57:58', '2016-09-28 13:57:58', 0),
(12, 11, '2. Các khoản tương đương tiền', NULL, 1, 5, 4, '2016-09-28 13:58:14', '2016-09-28 13:58:14', 0),
(13, 12, '1. Chứng khoán kinh doanh', NULL, 1, 6, 4, '2016-09-28 13:58:27', '2016-09-28 13:58:27', 0),
(14, 13, '2. Dự phòng giảm giá chứng khoán kinh doanh', NULL, 1, 6, 4, '2016-09-28 13:58:35', '2016-09-28 13:58:35', 0),
(15, 14, '3. Đầu tư nắm giữ đến ngày đáo hạn', NULL, 1, 6, 4, '2016-09-28 13:58:44', '2016-09-28 13:58:44', 0),
(16, 15, '1. Phải thu ngắn hạn của khách hàng', NULL, 1, 7, 4, '2016-09-28 13:58:52', '2016-09-28 13:58:52', 0),
(17, 16, '2. Trả trước cho người bán', NULL, 1, 7, 4, '2016-09-28 13:58:59', '2016-09-28 13:58:59', 0),
(18, 17, '3. Phải thu nội bộ ngắn hạn', NULL, 1, 7, 4, '2016-09-28 13:59:06', '2016-09-28 13:59:06', 0),
(19, 18, '4. Phải thu theo tiến độ hợp đồng xây dựng', NULL, 1, 7, 4, '2016-09-28 13:59:51', '2016-09-28 13:59:51', 0),
(20, 19, '5. Phải thu về cho vay ngắn hạn', NULL, 1, 7, 4, '2016-09-28 13:59:59', '2016-09-28 13:59:59', 0),
(21, 20, '6. Phải thu ngắn hạn khác', NULL, 1, 7, 4, '2016-09-28 14:00:05', '2016-09-28 14:00:05', 0),
(22, 21, '7. Dự phòng phải thu ngắn hạn khó đòi', NULL, 1, 7, 4, '2016-09-28 14:00:12', '2016-09-28 14:00:12', 0),
(23, 22, '1. Hàng tồn kho', NULL, 1, 8, 4, '2016-09-28 14:00:22', '2016-09-28 14:00:22', 0),
(24, 23, '2. Dự phòng giảm giá hàng tồn kho', NULL, 1, 8, 4, '2016-09-28 14:00:29', '2016-09-28 14:00:29', 0),
(25, 24, '1. Chi phí trả trước ngắn hạn', NULL, 1, 9, 4, '2016-09-28 14:00:36', '2016-09-28 14:06:06', 0),
(26, 25, '2. Thuế giá trị gia tăng được khấu trừ', NULL, 1, 9, 4, '2016-09-28 14:06:12', '2016-09-28 14:06:12', 0),
(27, 26, '3. Thuế và các khoản phải thu Nhà nước', NULL, 1, 9, 4, '2016-09-28 14:06:18', '2016-09-28 14:06:18', 0),
(28, 27, '4. Giao dịch mua bán lại trái phiếu chính phủ', NULL, 1, 9, 4, '2016-09-28 14:06:27', '2016-09-28 14:06:27', 0),
(29, 28, '5. Tài sản ngắn hạn khác', NULL, 1, 9, 4, '2016-09-28 14:06:34', '2016-09-28 14:06:34', 0),
(30, 29, 'I. Các khoản phải thu dài hạn', NULL, 1, 4, 3, '2016-09-28 14:06:46', '2016-09-28 14:06:46', 0),
(31, 30, '1. Phải thu dài hạn của khách hàng', NULL, 1, 30, 4, '2016-09-28 14:06:55', '2016-09-28 14:06:55', 0),
(32, 31, '2. Vốn kinh doanh tại các đơn vị trực thuộc', NULL, 1, 30, 4, '2016-09-28 14:07:02', '2016-09-28 14:07:02', 0),
(33, 32, '3. Phải thu dài hạn nội bộ', NULL, 1, 30, 4, '2016-09-28 14:07:08', '2016-09-28 14:07:08', 0),
(34, 33, '4. Phải thu về cho vay dài hạn', NULL, 1, 30, 4, '2016-09-28 14:07:12', '2016-09-28 14:07:12', 0),
(35, 34, '5. Phải thu dài hạn khác', NULL, 1, 30, 4, '2016-09-28 14:07:23', '2016-09-28 14:07:23', 0),
(36, 35, '6. Dự phòng phải thu dài hạn khó đòi', NULL, 1, 30, 4, '2016-09-28 14:07:29', '2016-09-28 14:07:29', 0),
(37, 36, 'II. Tài sản cố định', NULL, 1, 4, 3, '2016-09-28 14:07:48', '2016-09-28 14:07:48', 0),
(38, 37, '1. Tài sản cố định hữu hình', NULL, 1, 37, 4, '2016-09-28 14:08:10', '2016-09-28 14:08:10', 0),
(39, 38, '- Nguyên giá', NULL, 1, 38, 5, '2016-09-28 14:13:30', '2016-09-28 14:13:30', 0),
(40, 39, '- Giá trị hao mòn lũy kế', NULL, 1, 38, 5, '2016-09-28 14:57:21', '2016-09-28 14:57:21', 0),
(41, 40, '2. Tài sản cố định thuê tài chính', NULL, 1, 37, 4, '2016-09-28 14:58:21', '2016-10-14 07:54:08', 0),
(42, 41, '- Nguyên giá', NULL, 1, 41, 5, '2016-09-28 14:58:30', '2016-09-28 14:58:30', 0),
(43, 42, '- Giá trị hao mòn lũy kế', NULL, 1, 41, 5, '2016-09-28 14:58:36', '2016-09-28 14:58:36', 0),
(44, 43, 'III. Bất động sản đầu tư', NULL, 1, 4, 3, '2016-09-28 14:58:54', '2016-09-28 14:58:54', 0),
(45, 44, '- Nguyên giá', NULL, 1, 44, 4, '2016-09-28 14:59:03', '2016-09-28 14:59:03', 0),
(46, 45, '- Giá trị hao mòn lũy kế', NULL, 1, 44, 4, '2016-09-28 14:59:11', '2016-09-28 14:59:11', 0),
(47, 46, 'IV. Tài sản dở dang dài hạn', NULL, 1, 4, 3, '2016-09-28 14:59:33', '2016-09-28 14:59:33', 0),
(48, 47, '1. Chi phí sản xuất, kinh doanh dở dang dài hạn', NULL, 1, 47, 4, '2016-09-28 14:59:47', '2016-09-28 14:59:47', 0),
(49, 48, '2. Chi phí xây dựng cơ bản dở dang', NULL, 1, 47, 4, '2016-09-28 14:59:56', '2016-09-28 15:00:13', 0),
(50, 49, 'V. Các khoản đầu tư tài chính dài hạn', NULL, 1, 4, 3, '2016-09-28 15:00:35', '2016-09-28 15:00:35', 0),
(51, 50, '1. Đầu tư vào công ty con', NULL, 1, 50, 4, '2016-09-28 15:00:47', '2016-09-28 15:00:47', 0),
(52, 51, '2. Đầu tư vào công ty liên kết, liên doanh', NULL, 1, 50, 4, '2016-09-28 15:00:54', '2016-09-28 15:00:54', 0),
(53, 52, '3. Đầu tư góp vốn vào đơn vị khác', '', 1, 50, 4, '2016-09-28 15:01:00', '2017-04-17 05:51:20', 0),
(54, 53, '4. Dự phòng giảm giá đầu tư tài chính dài hạn', NULL, 1, 50, 4, '2016-09-28 15:01:08', '2016-09-28 15:01:08', 0),
(55, 54, '5. Đầu tư nắm giữ đến ngày đáo hạn', NULL, 1, 50, 4, '2016-09-28 15:01:15', '2016-09-28 15:01:15', 0),
(56, 55, 'VI. Tổng tài sản dài hạn khác', NULL, 1, 4, 3, '2016-09-28 15:01:30', '2016-09-28 15:01:30', 0),
(57, 56, '1. Chi phí trả trước dài hạn', NULL, 1, 56, 4, '2016-09-28 15:01:41', '2016-09-28 15:01:41', 0),
(58, 57, '2. Tài sản Thuế thu nhập hoãn lại', NULL, 1, 56, 4, '2016-09-28 15:01:48', '2016-09-28 15:01:48', 0),
(59, 58, '3. Tài sản dài hạn khác', NULL, 1, 56, 4, '2016-09-28 15:01:53', '2016-09-28 15:01:53', 0),
(60, 59, 'VII. Lợi thế thương mại', NULL, 1, 4, 3, '2016-09-28 15:02:03', '2016-09-28 15:02:03', 0),
(61, 60, 'A. Nợ phải trả', NULL, 1, 2, 2, '2016-09-28 15:02:20', '2016-09-28 15:02:20', 0),
(62, 61, 'I. Nợ ngắn hạn', NULL, 1, 61, 3, '2016-09-28 15:02:30', '2016-09-28 15:02:30', 0),
(63, 62, '1. Vay và nợ thuê tài chính ngắn hạn', NULL, 1, 62, 4, '2016-09-28 15:02:40', '2016-09-28 15:02:40', 0),
(64, 63, '2. Vay và nợ dài hạn đến hạn phải trả', NULL, 1, 62, 4, '2016-09-28 15:02:45', '2016-09-28 15:02:45', 0),
(65, 64, '3. Phải trả người bán ngắn hạn', NULL, 1, 62, 4, '2016-09-28 15:02:50', '2016-09-28 15:02:50', 0),
(66, 65, '4. Người mua trả tiền trước', NULL, 1, 62, 4, '2016-09-28 15:02:56', '2016-09-28 15:02:56', 0),
(67, 66, '5. Thuế và các khoản phải nộp nhà nước', NULL, 1, 62, 4, '2016-09-28 15:03:02', '2016-09-28 15:03:02', 0),
(68, 67, '6. Phải trả người lao động', NULL, 1, 62, 4, '2016-09-28 15:03:09', '2016-09-28 15:03:09', 0),
(69, 68, '7. Chi phí phải trả ngắn hạn', NULL, 1, 62, 4, '2016-09-28 15:03:14', '2016-09-28 15:03:14', 0),
(70, 69, '8. Phải trả nội bộ ngắn hạn', NULL, 1, 62, 4, '2016-09-28 15:03:20', '2016-09-28 15:03:20', 0),
(71, 70, '9. Phải trả theo tiến độ kế hoạch hợp đồng xây dựng', NULL, 1, 62, 4, '2016-09-28 15:03:27', '2016-09-28 15:03:27', 0),
(72, 71, '10. Doanh thu chưa thực hiện ngắn hạn', NULL, 1, 62, 4, '2016-09-28 15:03:32', '2016-09-28 15:03:32', 0),
(73, 72, '11. Phải trả ngắn hạn khác', NULL, 1, 62, 4, '2016-09-28 15:03:38', '2016-09-28 15:03:38', 0),
(74, 73, '12. Dự phòng phải trả ngắn hạn', NULL, 1, 62, 4, '2016-09-28 15:03:43', '2016-09-28 15:03:43', 0),
(75, 74, '13. Quỹ khen thưởng phúc lợi', NULL, 1, 62, 4, '2016-09-28 15:03:48', '2016-09-28 15:03:48', 0),
(76, 75, '14. Quỹ bình ổn giá', NULL, 1, 62, 4, '2016-09-28 15:03:54', '2016-09-28 15:03:54', 0),
(77, 76, '15. Giao dịch mua bán lại trái phiếu chính phủ', NULL, 1, 62, 4, '2016-09-28 15:03:59', '2016-09-28 15:03:59', 0),
(78, 77, 'II. Nợ dài hạn', NULL, 1, 61, 3, '2016-09-28 15:04:23', '2016-09-28 15:04:23', 0),
(79, 78, '1. Phải trả người bán dài hạn', NULL, 1, 78, 4, '2016-09-28 15:04:32', '2016-09-28 15:04:32', 0),
(80, 79, '2. Chi phí phải trả dài hạn', NULL, 1, 78, 4, '2016-09-28 15:04:37', '2016-09-28 15:04:37', 0),
(81, 80, '3. Phải trả nội bộ về vốn kinh doanh', NULL, 1, 78, 4, '2016-09-28 15:04:43', '2016-09-28 15:04:43', 0),
(82, 81, '4. Phải trả nội bộ dài hạn', NULL, 1, 78, 4, '2016-09-28 15:04:50', '2016-09-28 15:04:50', 0),
(83, 82, '5. Phải trả dài hạn khác', NULL, 1, 78, 4, '2016-09-28 15:04:55', '2016-09-28 15:04:55', 0),
(84, 83, '6. Vay và nợ thuê tài chính dài hạn', NULL, 1, 78, 4, '2016-09-28 15:05:01', '2016-09-28 15:05:01', 0),
(85, 84, '7. Trái phiếu chuyển đổi', NULL, 1, 78, 4, '2016-09-28 15:05:06', '2016-09-28 15:05:06', 0),
(86, 85, '8. Thuế thu nhập hoãn lại phải trả', NULL, 1, 78, 4, '2016-09-28 15:05:12', '2016-09-28 15:05:12', 0),
(87, 86, '9. Dự phòng trợ cấp mất việc làm', NULL, 1, 78, 4, '2016-09-28 15:05:17', '2016-09-28 15:05:17', 0),
(88, 87, '10. Dự phòng phải trả dài hạn', NULL, 1, 78, 4, '2016-09-28 15:05:22', '2016-09-28 15:05:22', 0),
(89, 88, '11. Doanh thu chưa thực hiện dài hạn', NULL, 1, 78, 4, '2016-09-28 15:05:28', '2016-09-28 15:05:28', 0),
(90, 89, '12. Quỹ phát triển khoa học và công nghệ', NULL, 1, 78, 4, '2016-09-28 15:05:33', '2016-09-28 15:05:33', 0),
(91, 90, 'B. Nguồn vốn chủ sở hữu', NULL, 1, 2, 2, '2016-09-28 15:05:51', '2016-09-28 15:05:51', 0),
(92, 91, 'I. Vốn chủ sở hữu', NULL, 1, 91, 3, '2016-09-28 15:05:59', '2016-09-28 15:05:59', 0),
(93, 92, '1. Vốn đầu tư của chủ sở hữu', NULL, 1, 92, 4, '2016-09-28 15:06:06', '2016-09-28 15:06:06', 0),
(94, 93, 'II. Nguồn kinh phí và quỹ khác', NULL, 1, 91, 3, '2016-09-28 15:06:12', '2016-09-28 15:06:30', 0),
(95, 94, '2. Thặng dư vốn cổ phần', NULL, 1, 92, 4, '2016-09-28 15:06:37', '2016-09-28 15:06:37', 0),
(96, 95, '3. Quyền chọn chuyển đổi trái phiếu', NULL, 1, 92, 4, '2016-09-28 15:06:43', '2016-09-28 15:06:43', 0),
(97, 96, '4. Vốn khác của chủ sở hữu', NULL, 1, 92, 4, '2016-09-28 15:06:51', '2016-09-28 15:06:51', 0),
(98, 97, '5. Cổ phiếu quỹ', NULL, 1, 92, 4, '2016-09-28 15:06:59', '2016-09-28 15:06:59', 0),
(99, 98, '6. Chênh lệch đánh giá lại tài sản', NULL, 1, 92, 4, '2016-09-28 15:07:06', '2016-09-28 15:07:06', 0),
(100, 99, '7. Chênh lệch tỷ giá hối đoái', NULL, 1, 92, 4, '2016-09-28 15:07:11', '2016-09-28 15:07:22', 0),
(101, 100, '8. Quỹ đầu tư phát triển', NULL, 1, 92, 4, '2016-09-28 15:07:28', '2016-09-28 15:07:28', 0),
(102, 101, '9. Quỹ dự phòng tài chính', NULL, 1, 92, 4, '2016-09-28 15:07:33', '2016-09-28 15:07:33', 0),
(103, 102, '10. Quỹ khác thuộc vốn chủ sở hữu', NULL, 1, 92, 4, '2016-09-28 15:07:40', '2016-09-28 15:07:40', 0),
(104, 103, '11. Lợi nhuận sau thuế chưa phân phối', NULL, 1, 92, 4, '2016-09-28 15:07:48', '2016-09-28 15:07:48', 0),
(105, 104, '- LNST chưa phân phối lũy kế đến cuối kỳ trước', NULL, 1, 104, 5, '2016-09-28 15:08:01', '2016-09-28 15:08:01', 0),
(106, 105, '- LNST chưa phân phối kỳ này', NULL, 1, 104, 5, '2016-09-28 15:08:11', '2016-09-28 15:08:11', 0),
(107, 106, '12. Nguồn vốn đầu tư xây dựng cơ bản', NULL, 1, 92, 4, '2016-09-28 15:08:27', '2016-09-28 15:08:27', 0),
(108, 107, '13. Quỹ hỗ trợ sắp xếp doanh nghiệp', NULL, 1, 92, 4, '2016-09-28 15:08:33', '2016-09-28 15:08:33', 0),
(109, 108, '14. Lợi ích của cổ đông không kiểm soát', NULL, 1, 92, 4, '2016-09-28 15:08:40', '2016-09-28 15:08:40', 0),
(110, 109, '1. Nguồn kinh phí', NULL, 1, 94, 4, '2016-09-28 15:08:48', '2016-09-28 15:08:48', 0),
(111, 110, '2. Nguồn kinh phí đã hình thành tài sản cố định', NULL, 1, 94, 4, '2016-09-28 15:08:56', '2016-09-28 15:08:56', 0),
(112, 111, '3. Quỹ dự phòng trợ cấp mất việc làm', NULL, 1, 94, 4, '2016-09-28 15:09:01', '2016-09-28 15:09:01', 0),
(188, 112, '3. Tài sản cố định vô hình', NULL, 1, 37, 4, '2016-10-14 07:54:18', '2016-10-14 07:54:18', 0),
(189, 113, '- Nguyên giá', NULL, 1, 188, 5, '2016-10-14 07:54:29', '2016-10-14 07:54:29', 0),
(190, 114, '- Giá trị hao mòn lũy kế', NULL, 1, 188, 5, '2016-10-14 07:54:37', '2016-10-14 07:54:37', 0),
(220, 115, '6. Đầu tư dài hạn khác', '', 1, 50, 4, '2016-12-21 07:30:20', '2016-12-21 07:30:20', 0),
(113, 1, '1. Tổng doanh thu hoạt động kinh doanh', NULL, 2, 0, 1, '2016-09-28 15:19:48', '2016-09-28 15:19:48', 0),
(114, 2, '2. Các khoản giảm trừ doanh thu', NULL, 2, 0, 1, '2016-09-28 15:19:55', '2016-09-28 15:19:55', 0),
(115, 3, '3. Doanh thu thuần (1)-(2)', NULL, 2, 0, 1, '2016-09-28 15:20:43', '2016-09-28 15:20:43', 0),
(116, 4, '4. Giá vốn hàng bán', NULL, 2, 0, 1, '2016-09-28 15:20:48', '2016-09-28 15:20:48', 0),
(117, 5, '5. Lợi nhuận gộp (3)-(4)', NULL, 2, 0, 1, '2016-09-28 15:20:56', '2016-09-28 15:20:56', 0),
(118, 6, '6. Doanh thu hoạt động tài chính', NULL, 2, 0, 1, '2016-09-28 15:21:04', '2016-09-28 15:21:04', 0),
(119, 7, '7. Chi phí tài chính', NULL, 2, 0, 1, '2016-09-28 15:21:09', '2016-09-28 15:21:09', 0),
(120, 8, '-Trong đó: Chi phí lãi vay', NULL, 2, 119, 2, '2016-09-28 15:21:15', '2016-09-28 15:21:15', 0),
(121, 9, '8. Phần lợi nhuận hoặc lỗ trong công ty liên kết liên doanh', NULL, 2, 0, 1, '2016-09-28 15:21:22', '2016-09-28 15:21:22', 0),
(122, 10, '9. Chi phí bán hàng', NULL, 2, 0, 1, '2016-09-28 15:21:32', '2016-09-28 15:21:32', 0),
(123, 11, '10. Chi phí quản lý doanh nghiệp', NULL, 2, 0, 1, '2016-09-28 15:21:41', '2016-09-28 15:21:41', 0),
(124, 12, '11. Lợi nhuận thuần từ hoạt động kinh doanh (5)+(6)-(7)+(8)-(9)-(10)', NULL, 2, 0, 1, '2016-09-28 15:22:17', '2016-09-28 15:22:17', 0),
(125, 13, '12. Thu nhập khác', NULL, 2, 0, 1, '2016-09-28 15:22:23', '2016-09-28 15:22:23', 0),
(126, 14, '13. Chi phí khác', NULL, 2, 0, 1, '2016-09-28 15:22:31', '2016-09-28 15:22:31', 0),
(127, 15, '14. Lợi nhuận khác (12)-(13)', NULL, 2, 0, 1, '2016-09-28 15:22:36', '2016-09-28 15:22:36', 0),
(128, 16, '15. Tổng lợi nhuận kế toán trước thuế (11)+(14)', NULL, 2, 0, 1, '2016-09-28 15:25:00', '2016-09-28 15:25:00', 0),
(129, 17, '16. Chi phí thuế TNDN hiện hành', NULL, 2, 0, 1, '2016-09-28 15:25:14', '2016-09-28 15:25:14', 0),
(130, 18, '17. Chi phí thuế TNDN hoãn lại', NULL, 2, 0, 1, '2016-09-28 15:25:19', '2016-09-28 15:25:19', 0),
(131, 19, '18. Chi phí thuế TNDN (16)+(17)', NULL, 2, 0, 1, '2016-09-28 15:25:28', '2016-09-28 15:25:28', 0),
(132, 20, '19. Lợi nhuận sau thuế thu nhập doanh nghiệp (15)-(18)', NULL, 2, 0, 1, '2016-09-28 15:25:35', '2016-09-28 15:25:35', 0),
(133, 21, '20. Lợi nhuận sau thuế của cổ đông không kiểm soát', NULL, 2, 0, 1, '2016-09-28 15:25:40', '2016-09-28 15:25:40', 0),
(134, 22, '21. Lợi nhuận sau thuế của cổ đông của công ty mẹ (19)-(20)', NULL, 2, 0, 1, '2016-09-28 15:25:47', '2016-09-28 15:25:47', 0),
(135, 1, 'I. Lưu chuyển tiền từ hoạt động kinh doanh', NULL, 3, 0, 1, '2016-09-28 15:26:56', '2016-09-28 15:26:56', 0),
(136, 2, '1. Lợi nhuận trước thuế', NULL, 3, 135, 2, '2016-09-28 15:27:03', '2016-09-28 15:27:03', 0),
(137, 3, '2. Điều chỉnh cho các khoản', NULL, 3, 135, 2, '2016-09-28 15:27:10', '2016-09-28 15:27:10', 0),
(138, 4, '- Khấu hao TSCĐ', NULL, 3, 137, 3, '2016-09-28 15:27:17', '2016-09-28 15:27:17', 0),
(139, 5, '- Các khoản dự phòng', NULL, 3, 137, 3, '2016-09-28 15:27:22', '2016-09-28 15:27:22', 0),
(140, 6, '- Lợi nhuận thuần từ đầu tư vào công ty liên kết', NULL, 3, 137, 3, '2016-09-28 15:27:27', '2016-09-28 15:27:27', 0),
(141, 7, '- Xóa sổ tài sản cố định (thuần)', NULL, 3, 137, 3, '2016-09-28 15:27:32', '2016-09-28 15:27:32', 0),
(142, 8, '- (Lãi) lỗ chênh lệch tỷ giá hối đoái chưa thực hiện', '', 3, 137, 3, '2016-09-28 15:27:39', '2017-02-27 07:08:42', 0),
(143, 9, '- (Lãi) lỗ từ thanh lý TSCĐ', '', 3, 137, 3, '2016-09-28 15:27:44', '2017-02-27 07:09:03', 0),
(144, 10, '- (Lãi) lỗ từ hoạt động đầu tư', '', 3, 137, 3, '2016-09-28 15:27:52', '2017-02-27 07:09:20', 0),
(145, 11, '- Lãi tiền gửi', NULL, 3, 137, 3, '2016-09-28 15:28:08', '2016-09-28 15:28:08', 0),
(146, 12, '- Thu nhập lãi', NULL, 3, 137, 3, '2016-09-28 15:28:13', '2016-09-28 15:28:13', 0),
(147, 13, '- Chi phí lãi vay', NULL, 3, 137, 3, '2016-09-28 15:28:18', '2016-09-28 15:28:18', 0),
(148, 14, '- Các khoản chi trực tiếp từ lợi nhuận', NULL, 3, 137, 3, '2016-09-28 15:28:24', '2016-09-28 15:28:24', 0),
(149, 15, '3. Lợi nhuận từ hoạt động kinh doanh trước thay đổi vốn lưu động', NULL, 3, 135, 2, '2016-09-28 15:28:44', '2016-09-28 15:28:44', 0),
(150, 16, '- (Tăng) giảm các khoản phải thu', '', 3, 149, 3, '2016-09-28 15:28:56', '2017-02-27 07:04:44', 0),
(151, 17, '- (Tăng) giảm hàng tồn kho', '', 3, 149, 3, '2016-09-28 15:29:02', '2017-02-27 07:04:55', 0),
(152, 18, '- Tăng (giảm) các khoản phải trả (Không kể lãi vay phải trả, thuế thu nhập doanh nghiệp phải nộp)', '', 3, 149, 3, '2016-09-28 15:29:08', '2017-02-27 07:05:07', 0),
(153, 19, '- (Tăng) giảm chi phí trả trước', '', 3, 149, 3, '2016-09-28 15:29:15', '2017-02-27 07:05:21', 0),
(154, 20, '- Tăng (giảm) tài sản ngắn hạn khác', '', 3, 149, 3, '2016-09-28 15:29:21', '2017-02-27 07:08:23', 0),
(155, 21, '- Tiền lãi vay phải trả', NULL, 3, 149, 3, '2016-09-28 15:29:28', '2016-09-28 15:29:28', 0),
(156, 22, '- Thuế thu nhập doanh nghiệp đã nộp', NULL, 3, 149, 3, '2016-09-28 15:29:33', '2016-09-28 15:29:33', 0),
(157, 23, '- Tiền thu khác từ hoạt động kinh doanh', NULL, 3, 149, 3, '2016-09-28 15:29:40', '2016-09-28 15:29:40', 0),
(158, 24, '- Tiền chi khác từ hoạt động kinh doanh', NULL, 3, 149, 3, '2016-09-28 15:29:47', '2016-09-28 15:29:47', 0),
(159, 25, 'II. Lưu chuyển tiền từ hoạt động đầu tư', NULL, 3, 0, 1, '2016-09-28 15:30:02', '2016-09-28 15:30:02', 0),
(160, 26, '1. Tiền chi để mua sắm, xây dựng TSCĐ và các tài sản dài hạn khác', NULL, 3, 159, 2, '2016-09-28 15:30:19', '2016-09-28 15:30:19', 0),
(162, 27, '2. Tiền thu từ thanh lý, nhượng bán TSCĐ và các tài sản dài hạn khác', NULL, 3, 159, 2, '2016-09-28 15:30:42', '2016-09-28 15:30:42', 0),
(163, 28, '3. Tiền chi cho vay, mua các công cụ nợ của đơn vị khác', NULL, 3, 159, 2, '2016-09-28 15:30:47', '2016-09-28 15:30:47', 0),
(164, 29, '4. Tiền thu hồi cho vay, bán lại các công cụ nợ của các đơn vị khác', NULL, 3, 159, 2, '2016-09-28 15:30:53', '2016-09-28 15:30:53', 0),
(165, 30, '5. Đầu tư góp vốn vào công ty liên doanh liên kết', NULL, 3, 159, 2, '2016-09-28 15:30:59', '2016-09-28 15:30:59', 0),
(166, 31, '6. Chi đầu tư ngắn hạn', NULL, 3, 159, 2, '2016-09-28 15:31:04', '2016-09-28 15:31:04', 0),
(167, 32, '7. Tiền chi đầu tư góp vốn vào đơn vị khác', NULL, 3, 159, 2, '2016-09-28 15:31:13', '2016-09-28 15:31:13', 0),
(168, 33, '8. Tiền thu hồi đầu tư góp vốn vào đơn vị khác', NULL, 3, 159, 2, '2016-09-28 15:31:22', '2016-09-28 15:31:22', 0),
(169, 34, '9. Lãi tiền gửi đã thu', NULL, 3, 159, 2, '2016-09-28 15:31:27', '2016-09-28 15:31:27', 0),
(170, 35, '10. Tiền thu lãi cho vay, cổ tức và lợi nhuận được chia', NULL, 3, 159, 2, '2016-09-28 15:31:33', '2016-09-28 15:31:33', 0),
(171, 36, '11. Tiền chi mua lại phần vốn góp của các cổ đông thiểu số', NULL, 3, 159, 2, '2016-09-28 15:31:40', '2016-09-28 15:31:40', 0),
(172, 37, 'III. Lưu chuyển tiền từ hoạt động tài chính', NULL, 3, 0, 1, '2016-09-28 15:31:54', '2016-09-28 15:31:54', 0),
(173, 38, '1. Tiền thu từ phát hành cổ phiếu, nhận vốn góp của chủ sở hữu', NULL, 3, 172, 2, '2016-09-28 15:32:03', '2016-09-28 15:32:03', 0),
(174, 39, '2. Tiền chi trả vốn góp cho các chủ sở hữu, mua lại cổ phiếu của doanh nghiệp đã phát hành', NULL, 3, 172, 2, '2016-09-28 15:32:09', '2016-09-28 15:32:09', 0),
(175, 40, '3. Tiền vay ngắn hạn, dài hạn nhận được', NULL, 3, 172, 2, '2016-09-28 15:32:15', '2016-09-28 15:32:15', 0),
(176, 41, '4. Tiền chi trả nợ gốc vay', NULL, 3, 172, 2, '2016-09-28 15:32:21', '2016-09-28 15:32:21', 0),
(177, 42, '5. Tiền chi trả nợ thuê tài chính', NULL, 3, 172, 2, '2016-09-28 15:32:25', '2016-09-28 15:32:25', 0),
(178, 43, '6. Tiền chi khác từ hoạt động tài chính', NULL, 3, 172, 2, '2016-09-28 15:32:30', '2016-09-28 15:32:30', 0),
(179, 44, '7. Tiền chi trả từ cổ phần hóa', NULL, 3, 172, 2, '2016-09-28 15:32:34', '2016-09-28 15:32:34', 0),
(180, 45, '8. Cổ tức, lợi nhuận đã trả cho chủ sở hữu', NULL, 3, 172, 2, '2016-09-28 15:32:38', '2016-09-28 15:32:38', 0),
(181, 46, '9. Vốn góp của các cổ đông thiểu số vào các công ty con', NULL, 3, 172, 2, '2016-09-28 15:32:45', '2016-09-28 15:32:45', 0),
(182, 47, '10. Chi tiêu quỹ phúc lợi xã hội', NULL, 3, 172, 2, '2016-09-28 15:32:49', '2016-09-28 15:32:49', 0),
(184, 48, 'Lưu chuyển tiền thuần trong kỳ', NULL, 3, 0, 1, '2016-09-28 15:33:14', '2016-09-28 15:33:14', 0),
(185, 49, 'Tiền và tương đương tiền đầu kỳ', NULL, 3, 0, 1, '2016-09-28 15:33:23', '2016-09-28 15:33:23', 0),
(186, 50, 'Ảnh hưởng của thay đổi tỷ giá hối đoái quy đổi ngoại tệ', NULL, 3, 0, 1, '2016-09-28 15:33:30', '2016-09-28 15:33:30', 0),
(187, 51, 'Tiền và tương đương tiền cuối kỳ', NULL, 3, 0, 1, '2016-09-28 15:33:35', '2016-09-28 15:33:35', 0),
(191, 1, 'Nhóm chỉ số Định giá', '', 4, 0, 1, '2016-11-02 07:45:05', '2017-02-28 08:06:55', 0),
(192, 2, 'Thị giá vốn', 'Giá trị vốn hoá thị trường là tổng giá trị của một công ty tính theo thị giá. Nó được tính bằng cách nhân tổng số cổ phiếu lưu hành với giá hiện hành của cổ phiếu.', 4, 191, 2, '2016-11-02 07:46:31', '2016-11-02 08:05:14', 0),
(193, 3, 'P/E', 'P/E là tỷ lệ giữa giá thị trường và lợi nhuận ròng trên mỗi cổ phần của một công ty', 4, 191, 2, '2016-11-02 08:05:30', '2016-11-02 08:05:30', 0),
(194, 4, 'P/S', 'Hệ số giá trên doanh thu của mỗi cổ phiếu cho biết nhà đầu tư trả giá cao hơn gấp bao nhiêu lần doanh thu của một cổ phiếu.', 4, 191, 2, '2016-11-02 08:05:48', '2016-11-02 08:05:48', 0),
(195, 5, 'P/B', 'Hệ số giá thị trường trên giá trị sổ sách được sử dụng để so sánh giá thị trường của một cổ phiếu so với giá trị sổ sách của cổ phiếu đó.', 4, 191, 2, '2016-11-02 08:06:35', '2016-11-02 08:06:35', 0),
(196, 6, 'EPS', 'Lợi nhuận trên mỗi cổ phiếu', 4, 191, 2, '2016-11-02 08:06:44', '2016-11-02 08:06:44', 0),
(197, 7, 'Nhóm chỉ số Thanh khoản và Đòn bẩy tài chính', '', 4, 0, 1, '2016-11-02 08:06:59', '2017-02-28 08:10:07', 0),
(198, 8, 'Thanh toán nhanh', 'Hệ số khả năng thanh toán nhanh= (Tiền và tương đương tiền + Các khoản đầu tư tài chính ngắn hạn):  nợ ngắn hạn', 4, 197, 2, '2016-11-02 08:07:16', '2017-03-03 07:22:57', 0),
(199, 9, 'Thanh toán hiện hành', 'Hệ số khả năng thanh toán hiện hành= tài sản lưu động và đầu tư ngắn hạn : nợ ngắn hạn.', 4, 197, 2, '2016-11-02 08:07:28', '2016-12-12 03:46:17', 0),
(200, 10, 'Tổng nợ/Vốn CSH (%)', 'Hệ số tổng nợ trên vốn chủ sở hữu', 4, 197, 2, '2016-11-02 08:07:41', '2016-11-16 09:20:53', 0),
(201, 11, 'Tổng nợ/Tổng tài sản (%)', 'Hệ số tổng nợ trên tổng tài sản', 4, 197, 2, '2016-11-02 08:07:51', '2016-11-16 09:21:00', 0),
(202, 12, 'Nhóm chỉ số Hiệu quả hoạt động', '', 4, 0, 1, '2016-11-02 08:10:44', '2017-02-28 08:07:25', 0),
(203, 13, 'Vòng quay tổng tài sản', 'Hệ số vòng quay tổng tài sản =doanh thu thuần : tổng tài sản bình quân', 4, 202, 2, '2016-11-02 08:10:56', '2016-12-12 03:46:45', 0),
(204, 14, 'Vòng quay hàng tồn kho', 'Hệ số vòng quay hàng tồn kho = giá vốn hàng bán : bình quân hàng tồn kho', 4, 202, 2, '2016-11-02 08:11:06', '2016-12-12 03:47:02', 0),
(205, 15, 'Vòng quay các khoản phải thu', 'Hệ số vòng quay các khoản phải thu =  doanh thu thuần : bình quân các khoản phải thu', 4, 202, 2, '2016-11-02 08:11:17', '2017-02-28 08:58:00', 0),
(206, 16, 'KHẢ NĂNG SINH LỜI', '', 4, 0, 1, '2016-11-02 08:11:39', '2016-11-02 08:14:15', 0),
(207, 17, 'Tỷ lệ lãi gộp GOS (%)', 'Hệ số biên lợi nhuận gộp = lợi nhuận gộp : doanh thu.', 4, 206, 2, '2016-11-02 08:12:05', '2016-12-13 03:53:00', 0),
(208, 18, 'Tỷ lệ EBIT (%)', 'Hệ số biên lợi nhuận hoạt động = lợi nhuận trước thuế và lãi vay : doanh thu', 4, 206, 2, '2016-11-02 08:12:15', '2016-12-12 03:48:03', 0),
(209, 19, 'Tỷ lệ EBITDA (%)', 'Tỷ lệ EBITDA = (Lợi nhuận trước thuế + lãi vay + khấu hao) : doanh thu', 4, 206, 2, '2016-11-02 08:12:27', '2016-12-12 03:48:27', 0),
(210, 20, 'HIỆU QUẢ QUẢN LÝ', '', 4, 0, 1, '2016-11-02 08:12:51', '2016-11-02 08:14:27', 0),
(211, 21, 'ROA (%)', 'ROA thể hiện tương quan giữa mức sinh lợi của một công ty so với tài sản của nó. ROA = Net income  : Avg. Total Asset', 4, 210, 2, '2016-11-02 08:12:57', '2017-02-28 07:28:01', 0),
(212, 22, 'ROE (%)', 'ROE thể hiện tương quan giữa mức sinh lợi của một công ty so với vốn chủ sở hữu của nó. ROE = Net Income / Avg. Stockholder\'s Equity', 4, 210, 2, '2016-11-02 08:13:08', '2017-02-28 06:24:00', 0),
(213, 23, 'ROS (%)', 'Hệ số lợi nhuận trên doanh thu thuần ROS=Net Income  /  Sales', 4, 210, 2, '2016-11-02 08:13:19', '2017-02-28 07:28:16', 0),
(216, 24, 'Book value (B)', 'Giá trị sổ sách/cổ phiếu= (Vốn chủ sở hữu - TSVH) : số lượng cổ phiếu lưu hành', 4, 191, 2, '2016-11-25 07:42:51', '2016-11-25 07:42:51', 0),
(214, 25, 'Tỷ lệ lãi ròng (%)', 'Tỷ lệ lãi ròng = lợi nhuận sau thuế : doanh thu.', 4, 206, 2, '2016-11-02 08:45:58', '2016-12-12 03:48:46', 0),
(217, 26, 'Tỷ suẩt cổ tức', 'Hệ số cổ tức cổ đông nhận được trên mệnh giá của cổ phiếu', 4, 191, 2, '2016-11-25 08:11:30', '2016-11-25 08:11:30', 0),
(218, 27, 'Thanh toán bằng tiền mặt', 'Được tính bằng = (Tiền và các khoản tương đương tiền) : nợ ngắn hạn', 4, 197, 2, '2016-11-25 08:19:06', '2016-11-25 08:19:06', 0),
(219, 28, 'Khả năng thanh toán lãi vay', 'Được tính bằng = Lãi trước thuế và lãi vay : lãi vay', 4, 197, 2, '2016-11-25 08:22:46', '2016-11-25 08:22:46', 0),
(221, 29, 'Vòng quay các khoản phải trả', '(Hàng tồn kho cuối kỳ - hàng tồn kho đầu kỳ + giá vốn hàng hóa)/bình quân các khoản phải trả', 4, 202, 2, '2017-02-28 08:33:28', '2017-02-28 09:03:52', 0),
(222, 30, 'Thời gian hàng tồn kho', '365/vòng quay hàng tồn kho', 4, 202, 2, '2017-02-28 08:38:10', '2017-02-28 08:38:10', 0),
(223, 31, 'Thời gian các khoản phải thu', '365/vòng quay các khoản phải thu', 4, 202, 2, '2017-02-28 08:38:41', '2017-02-28 08:38:41', 0),
(224, 32, 'Thời gian phải trả cho nhà cung cấp', '365/vòng quay các khoản phải trả', 4, 202, 2, '2017-02-28 08:39:29', '2017-02-28 08:39:29', 0),
(225, 33, 'Net trade cycle', 'thời gian tồn kho + thời gian thu tiền - thời gian trả tiền', 4, 202, 2, '2017-02-28 08:40:28', '2017-02-28 08:40:28', 0),
(226, 34, 'Đòn bẩy tài chính', '= tổng tài sản bình quân / Vốn chủ sở hữu bình quân', 4, 197, 2, '2017-02-28 08:43:29', '2017-02-28 08:43:29', 0),
(231, 2, '1. Tiền thu từ bán hàng, cung cấp dịch vụ và doanh thu khác', '', 5, 230, 2, '2017-04-04 08:22:29', '2017-04-04 08:22:29', 0),
(230, 1, 'I. Lưu chuyển tiền từ hoạt động kinh doanh', '', 5, 0, 1, '2017-04-04 08:22:17', '2017-04-04 08:22:17', 0),
(229, 35, 'Vòng quay tổng tài sản cố định', 'Doanh thu thuần /  Tổng TSCĐ bình quân', 4, 202, 2, '2017-03-01 03:19:41', '2017-03-03 03:59:28', 0),
(232, 3, '2. Tiền chi trả cho người cung cấp hàng hóa và dịch vụ', '', 5, 230, 2, '2017-04-04 08:41:16', '2017-04-04 08:41:16', 0),
(233, 4, '3. Tiền chi trả cho người lao động', '', 5, 230, 2, '2017-04-04 08:41:29', '2017-04-04 08:41:29', 0),
(234, 5, 'II. LƯU CHUYỂN TIỀN TỪ HOẠT ĐỘNG ĐẦU TƯ', '', 5, 0, 1, '2017-04-04 08:41:34', '2017-04-04 08:42:11', 0),
(235, 6, '4. Tiền chi trả lãi vay', '', 5, 230, 2, '2017-04-04 08:42:19', '2017-04-04 08:42:19', 0),
(236, 7, '5. Tiền chi nộp thuế thu nhập doanh nghiệp', '', 5, 230, 2, '2017-04-04 08:42:24', '2017-04-04 08:42:24', 0),
(237, 8, '6. Tiền thu khác từ hoạt động kinh doanh', '', 5, 230, 2, '2017-04-04 08:42:29', '2017-04-04 08:42:29', 0),
(238, 9, '7. Tiền chi khác cho hoạt động kinh doanh', '', 5, 230, 2, '2017-04-04 08:42:34', '2017-04-04 08:42:34', 0),
(239, 10, '1. Tiền chi để mua sắm, xây dựng tài sản cố định', '', 5, 234, 2, '2017-04-04 08:42:44', '2017-04-04 08:43:26', 0),
(240, 11, '2. Tiền thu do thanh lý, nhượng bán TSCĐ và các tài sản dài hạn khác', '', 5, 234, 2, '2017-04-04 08:42:50', '2017-04-04 08:43:31', 0),
(241, 12, '3. Tiền chi cho vay, mua các công cụ nợ của đơn vị khác', '', 5, 234, 2, '2017-04-04 08:42:54', '2017-04-04 08:43:37', 0),
(242, 13, '4. Tiền thu hồi cho vay, bán lại công cụ nợ của đơn vị khác', '', 5, 234, 2, '2017-04-04 08:42:58', '2017-04-04 08:43:41', 0),
(243, 14, '5. Tiền chi đầu tư góp vốn vào đơn vị khác', '', 5, 234, 2, '2017-04-04 08:43:02', '2017-04-04 08:43:45', 0),
(244, 15, '6. Tiền thu do bán các khoản đầu tư góp vốn vào đơn vị khác', '', 5, 234, 2, '2017-04-04 08:43:08', '2017-04-04 08:43:49', 0),
(245, 16, '7. Tiền thu lãi cho vay, cổ tức và lợi nhuận được chia', '', 5, 234, 2, '2017-04-04 08:43:15', '2017-04-04 08:43:54', 0),
(246, 17, '8. Tiền đầu tư xây dựng nhà xưởng', '', 5, 234, 2, '2017-04-04 08:44:30', '2017-04-04 08:45:06', 0),
(247, 18, '9. Tăng lợi ích của cổ đông thiếu số khi hợp nhất công ty con', '', 5, 234, 2, '2017-04-04 08:44:46', '2017-04-04 08:45:15', 0),
(248, 19, '10. Loại trừ lợi ích của cổ đông thiểu số khi thanh lý công ty con', '', 5, 234, 2, '2017-04-04 08:44:56', '2017-04-04 08:44:56', 0),
(249, 20, '11. Tiền mặt tại công ty con mua trong năm', '', 5, 234, 2, '2017-04-04 08:45:27', '2017-04-04 08:45:27', 0),
(250, 21, '12. Tiền thu do nhượng bán các khoản đầu tư vào công ty con', '', 5, 234, 2, '2017-04-04 08:45:33', '2017-04-04 08:45:33', 0),
(251, 22, '13. Tiền chi gửi ngắn hạn', '', 5, 234, 2, '2017-04-04 08:45:37', '2017-04-04 08:45:37', 0),
(252, 23, '14. Tiền thu lãi từ gửi ngắn hạn', '', 5, 234, 2, '2017-04-04 08:45:42', '2017-04-04 08:45:42', 0),
(253, 24, '15. Tiền chi mua tài sản khác', '', 5, 234, 2, '2017-04-04 08:45:46', '2017-04-04 08:45:46', 0),
(254, 25, '16. Tiền chi để mua thêm cổ phần của công ty con', '', 5, 234, 2, '2017-04-04 08:45:55', '2017-04-04 08:45:55', 0),
(255, 26, '17. Giảm tiền gửi ngân hàng có kỳ hạn', '', 5, 234, 2, '2017-04-04 08:46:01', '2017-04-04 08:46:01', 0),
(256, 27, '18. Tiền thu từ các khoản ký gửi, ký quỹ dài hạn', '', 5, 234, 2, '2017-04-04 08:46:05', '2017-04-04 08:46:05', 0),
(257, 28, '19. Tiền gửi ngắn hạn', '', 5, 234, 2, '2017-04-04 08:46:10', '2017-04-04 08:46:10', 0),
(258, 29, '20. Rút tiền gửi ngắn hạn', '', 5, 234, 2, '2017-04-04 08:46:14', '2017-04-04 08:46:14', 0),
(259, 30, '21. Tiền thu từ chuyển quyền góp vốn vào dự án', '', 5, 234, 2, '2017-04-04 08:46:18', '2017-04-04 08:46:18', 0),
(260, 31, 'III. LƯU CHUYỂN TIỀN TỪ HOẠT ĐỘNG TÀI CHÍNH', '', 5, 0, 1, '2017-04-04 08:46:30', '2017-04-04 08:46:30', 0),
(261, 32, 'Tiền thu từ phát hành cổ phiếu, nhận góp vốn của chủ sở hữu', '', 5, 260, 2, '2017-04-04 08:46:38', '2017-04-04 08:46:38', 0),
(262, 33, 'Tiền chi trả vốn góp cho các chủ sở hữu, mua lại cổ phiếu của doanh nghiệp của doanh nghiệp đã phát hành', '', 5, 260, 2, '2017-04-04 08:46:46', '2017-04-04 08:46:46', 0),
(263, 34, 'Tiền thu từ nhận góp vốn liên doanh', '', 5, 260, 2, '2017-04-04 08:46:51', '2017-04-04 08:46:51', 0),
(264, 35, 'Tiền vay ngắn hạn, dài hạn nhận được', '', 5, 260, 2, '2017-04-04 08:46:55', '2017-04-04 08:46:55', 0),
(265, 36, 'Tiền chi trả nợ gốc vay', '', 5, 260, 2, '2017-04-04 08:47:00', '2017-04-04 08:47:00', 0),
(266, 37, 'Tiền chi trả nợ thuê tài chính', '', 5, 260, 2, '2017-04-04 08:47:05', '2017-04-04 08:47:05', 0),
(267, 38, 'Tiền chi cho đầu tư ngắn hạn', '', 5, 260, 2, '2017-04-04 08:47:09', '2017-04-04 08:47:09', 0),
(268, 39, 'Cổ tức, lợi nhuận đã trả cho chủ sở hữu', '', 5, 260, 2, '2017-04-04 08:47:14', '2017-04-04 08:47:14', 0),
(269, 40, 'Cổ tức, lợi nhuận đã trả cho cổ đông thiểu số', '', 5, 260, 2, '2017-04-04 08:47:19', '2017-04-04 08:47:19', 0),
(270, 41, 'Nhận vốn góp của cổ đông thiểu số', '', 5, 260, 2, '2017-04-04 08:47:23', '2017-04-04 08:47:23', 0),
(271, 42, 'Chi khác từ lợi nhuận chưa phân phối', '', 5, 260, 2, '2017-04-04 08:47:26', '2017-04-04 08:47:26', 0),
(272, 43, 'Tiền thu từ lãi tiền gửi', '', 5, 260, 2, '2017-04-04 08:47:30', '2017-04-04 08:47:30', 0),
(273, 44, 'Lưu chuyển tiền thuần từ/(sử dụng vào) hoạt động tài chính', '', 5, 0, 1, '2017-04-04 08:47:41', '2017-04-05 01:59:00', 1),
(274, 45, 'Lưu chuyển tiền thuần trong năm', '', 5, 0, 1, '2017-04-04 08:47:47', '2017-04-04 08:47:47', 0),
(275, 46, 'Tiền và tương đương tiền đầu năm', '', 5, 0, 1, '2017-04-04 08:48:06', '2017-04-04 08:48:06', 0),
(276, 47, 'Ảnh hưởng của thay đổi tỷ giá hối đoái quy đổi ngoại tệ', '', 5, 0, 1, '2017-04-04 08:48:10', '2017-04-04 08:48:10', 0),
(277, 48, 'Chênh lệch tỷ giá chuyển đối báo cáo tài chính', '', 5, 0, 1, '2017-04-04 08:48:15', '2017-04-04 08:48:15', 0),
(278, 49, 'Tiền và tương đương tiền cuối năm', '', 5, 0, 1, '2017-04-04 08:48:21', '2017-04-04 08:48:21', 0);

-- --------------------------------------------------------

--
-- Table structure for table `sector`
--

DROP TABLE IF EXISTS `sector`;
CREATE TABLE `sector` (
  `id` int(11) NOT NULL,
  `name` varchar(265) CHARACTER SET utf8 NOT NULL,
  `del` tinyint(1) DEFAULT '0',
  `created_date` datetime NOT NULL DEFAULT CURRENT_TIMESTAMP,
  `updated_date` datetime NOT NULL DEFAULT CURRENT_TIMESTAMP
) ENGINE=MyISAM DEFAULT CHARSET=latin1;

--
-- Dumping data for table `sector`
--

INSERT INTO `sector` (`id`, `name`, `del`, `created_date`, `updated_date`) VALUES
(1, 'Dầu khí', 0, '2016-10-05 08:29:26', '2016-11-23 03:58:45'),
(2, 'Vật liệu cơ bản', 0, '2016-10-05 08:33:04', '2016-10-05 08:33:04'),
(3, 'Công nghiệp', 0, '2016-10-05 08:33:12', '2016-10-05 08:33:12'),
(4, 'Hàng tiêu dùng', 0, '2016-10-05 08:33:21', '2016-10-05 08:33:21'),
(5, 'Y tế', 0, '2016-10-05 08:33:32', '2016-10-05 08:33:32'),
(6, 'Dịch vụ tiêu dùng', 0, '2016-10-05 08:33:42', '2016-10-05 08:33:42'),
(7, 'Viễn thông', 0, '2016-10-05 08:33:49', '2016-10-05 08:33:49'),
(8, 'Các dịch vụ hạ tầng', 0, '2016-10-05 08:33:59', '2016-10-05 08:33:59'),
(9, 'Tài chính', 0, '2016-10-05 08:34:06', '2016-10-05 08:34:06'),
(10, 'Công nghệ', 0, '2016-10-05 08:34:13', '2016-10-05 08:34:13');

-- --------------------------------------------------------

--
-- Table structure for table `user`
--

DROP TABLE IF EXISTS `user`;
CREATE TABLE `user` (
  `id` int(11) NOT NULL,
  `username` varchar(265) CHARACTER SET utf8 NOT NULL,
  `password` varchar(265) CHARACTER SET utf8 NOT NULL,
  `login_hash` varchar(265) CHARACTER SET utf8 NOT NULL,
  `name` varchar(100) CHARACTER SET utf8 NOT NULL,
  `del` tinyint(4) NOT NULL DEFAULT '0',
  `created_date` datetime NOT NULL,
  `updated_date` datetime NOT NULL
) ENGINE=MyISAM DEFAULT CHARSET=latin1;

--
-- Dumping data for table `user`
--

INSERT INTO `user` (`id`, `username`, `password`, `login_hash`, `name`, `del`, `created_date`, `updated_date`) VALUES
(1, 'tranphan2508@gmail.com', 'e10adc3949ba59abbe56e057f20f883e', 'b9cf0602545b5253caf624e045a32488', 'Tran Phan', 0, '2016-11-23 00:00:00', '2017-04-18 05:52:50');

--
-- Indexes for dumped tables
--

--
-- Indexes for table `balance_sheet`
--
ALTER TABLE `balance_sheet`
  ADD PRIMARY KEY (`id`),
  ADD UNIQUE KEY `company_id` (`company_id`,`year`);

--
-- Indexes for table `capital`
--
ALTER TABLE `capital`
  ADD PRIMARY KEY (`id`);

--
-- Indexes for table `cashflow`
--
ALTER TABLE `cashflow`
  ADD PRIMARY KEY (`id`),
  ADD UNIQUE KEY `company_id` (`company_id`,`year`);

--
-- Indexes for table `cashflow_direct`
--
ALTER TABLE `cashflow_direct`
  ADD PRIMARY KEY (`id`),
  ADD UNIQUE KEY `company_id` (`company_id`,`year`);

--
-- Indexes for table `company`
--
ALTER TABLE `company`
  ADD PRIMARY KEY (`id`);

--
-- Indexes for table `floor`
--
ALTER TABLE `floor`
  ADD PRIMARY KEY (`id`);

--
-- Indexes for table `income_statement`
--
ALTER TABLE `income_statement`
  ADD PRIMARY KEY (`id`),
  ADD UNIQUE KEY `company_id` (`company_id`,`year`);

--
-- Indexes for table `indicators`
--
ALTER TABLE `indicators`
  ADD PRIMARY KEY (`id`),
  ADD UNIQUE KEY `company_id` (`company_id`,`year`);

--
-- Indexes for table `params`
--
ALTER TABLE `params`
  ADD PRIMARY KEY (`id`);

--
-- Indexes for table `sector`
--
ALTER TABLE `sector`
  ADD PRIMARY KEY (`id`);

--
-- Indexes for table `user`
--
ALTER TABLE `user`
  ADD PRIMARY KEY (`id`);

--
-- AUTO_INCREMENT for dumped tables
--

--
-- AUTO_INCREMENT for table `balance_sheet`
--
ALTER TABLE `balance_sheet`
  MODIFY `id` int(11) NOT NULL AUTO_INCREMENT, AUTO_INCREMENT=22;
--
-- AUTO_INCREMENT for table `capital`
--
ALTER TABLE `capital`
  MODIFY `id` int(11) NOT NULL AUTO_INCREMENT, AUTO_INCREMENT=104;
--
-- AUTO_INCREMENT for table `cashflow`
--
ALTER TABLE `cashflow`
  MODIFY `id` int(11) NOT NULL AUTO_INCREMENT, AUTO_INCREMENT=15;
--
-- AUTO_INCREMENT for table `cashflow_direct`
--
ALTER TABLE `cashflow_direct`
  MODIFY `id` int(11) NOT NULL AUTO_INCREMENT, AUTO_INCREMENT=7;
--
-- AUTO_INCREMENT for table `company`
--
ALTER TABLE `company`
  MODIFY `id` int(11) NOT NULL AUTO_INCREMENT, AUTO_INCREMENT=7;
--
-- AUTO_INCREMENT for table `floor`
--
ALTER TABLE `floor`
  MODIFY `id` int(11) NOT NULL AUTO_INCREMENT, AUTO_INCREMENT=4;
--
-- AUTO_INCREMENT for table `income_statement`
--
ALTER TABLE `income_statement`
  MODIFY `id` int(11) NOT NULL AUTO_INCREMENT, AUTO_INCREMENT=22;
--
-- AUTO_INCREMENT for table `indicators`
--
ALTER TABLE `indicators`
  MODIFY `id` int(11) NOT NULL AUTO_INCREMENT, AUTO_INCREMENT=21;
--
-- AUTO_INCREMENT for table `params`
--
ALTER TABLE `params`
  MODIFY `id` int(11) NOT NULL AUTO_INCREMENT, AUTO_INCREMENT=279;
--
-- AUTO_INCREMENT for table `sector`
--
ALTER TABLE `sector`
  MODIFY `id` int(11) NOT NULL AUTO_INCREMENT, AUTO_INCREMENT=11;
--
-- AUTO_INCREMENT for table `user`
--
ALTER TABLE `user`
  MODIFY `id` int(11) NOT NULL AUTO_INCREMENT, AUTO_INCREMENT=2;
/*!40101 SET CHARACTER_SET_CLIENT=@OLD_CHARACTER_SET_CLIENT */;
/*!40101 SET CHARACTER_SET_RESULTS=@OLD_CHARACTER_SET_RESULTS */;
/*!40101 SET COLLATION_CONNECTION=@OLD_COLLATION_CONNECTION */;
